Date,Close
02 Jan 1970,93.0
05 Jan 1970,93.45999908447266
06 Jan 1970,92.81999969482422
07 Jan 1970,92.62999725341797
08 Jan 1970,92.68000030517578
09 Jan 1970,92.4000015258789
12 Jan 1970,91.69999694824219
13 Jan 1970,91.91999816894531
14 Jan 1970,91.6500015258789
15 Jan 1970,91.68000030517578
16 Jan 1970,90.91999816894531
19 Jan 1970,89.6500015258789
20 Jan 1970,89.83000183105469
21 Jan 1970,89.94999694824219
22 Jan 1970,90.04000091552734
23 Jan 1970,89.37000274658203
26 Jan 1970,88.16999816894531
27 Jan 1970,87.62000274658203
28 Jan 1970,86.79000091552734
29 Jan 1970,85.69000244140625
30 Jan 1970,85.0199966430664
02 Feb 1970,85.75
03 Feb 1970,86.7699966430664
04 Feb 1970,86.23999786376953
05 Feb 1970,85.9000015258789
06 Feb 1970,86.33000183105469
09 Feb 1970,87.01000213623047
10 Feb 1970,86.0999984741211
11 Feb 1970,86.94000244140625
12 Feb 1970,86.7300033569336
13 Feb 1970,86.54000091552734
16 Feb 1970,86.47000122070312
17 Feb 1970,86.37000274658203
18 Feb 1970,87.44000244140625
19 Feb 1970,87.76000213623047
20 Feb 1970,88.02999877929688
24 Feb 1970,87.98999786376953
25 Feb 1970,89.3499984741211
26 Feb 1970,88.9000015258789
27 Feb 1970,89.5
02 Mar 1970,89.70999908447266
03 Mar 1970,90.2300033569336
04 Mar 1970,90.04000091552734
05 Mar 1970,90.0
06 Mar 1970,89.44000244140625
09 Mar 1970,88.51000213623047
10 Mar 1970,88.75
11 Mar 1970,88.69000244140625
12 Mar 1970,88.33000183105469
13 Mar 1970,87.86000061035156
16 Mar 1970,86.91000366210938
17 Mar 1970,87.29000091552734
18 Mar 1970,87.54000091552734
19 Mar 1970,87.41999816894531
20 Mar 1970,87.05999755859375
23 Mar 1970,86.98999786376953
24 Mar 1970,87.9800033569336
25 Mar 1970,89.7699966430664
26 Mar 1970,89.91999816894531
30 Mar 1970,89.62999725341797
31 Mar 1970,89.62999725341797
01 Apr 1970,90.06999969482422
02 Apr 1970,89.79000091552734
03 Apr 1970,89.38999938964844
06 Apr 1970,88.76000213623047
07 Apr 1970,88.5199966430664
08 Apr 1970,88.48999786376953
09 Apr 1970,88.52999877929688
10 Apr 1970,88.23999786376953
13 Apr 1970,87.63999938964844
14 Apr 1970,86.88999938964844
15 Apr 1970,86.7300033569336
16 Apr 1970,85.87999725341797
17 Apr 1970,85.66999816894531
20 Apr 1970,85.83000183105469
21 Apr 1970,85.37999725341797
22 Apr 1970,84.2699966430664
23 Apr 1970,83.04000091552734
24 Apr 1970,82.7699966430664
27 Apr 1970,81.45999908447266
28 Apr 1970,80.2699966430664
29 Apr 1970,81.80999755859375
30 Apr 1970,81.5199966430664
01 May 1970,81.44000244140625
04 May 1970,79.37000274658203
05 May 1970,78.5999984741211
06 May 1970,79.47000122070312
07 May 1970,79.83000183105469
08 May 1970,79.44000244140625
11 May 1970,78.5999984741211
12 May 1970,77.8499984741211
13 May 1970,76.52999877929688
14 May 1970,75.44000244140625
15 May 1970,76.9000015258789
18 May 1970,76.95999908447266
19 May 1970,75.45999908447266
20 May 1970,73.5199966430664
21 May 1970,72.16000366210938
22 May 1970,72.25
25 May 1970,70.25
26 May 1970,69.29000091552734
27 May 1970,72.7699966430664
28 May 1970,74.61000061035156
29 May 1970,76.55000305175781
01 Jun 1970,77.83999633789062
02 Jun 1970,77.83999633789062
03 Jun 1970,78.5199966430664
04 Jun 1970,77.36000061035156
05 Jun 1970,76.16999816894531
08 Jun 1970,76.29000091552734
09 Jun 1970,76.25
10 Jun 1970,75.4800033569336
11 Jun 1970,74.44999694824219
12 Jun 1970,73.87999725341797
15 Jun 1970,74.58000183105469
16 Jun 1970,76.1500015258789
17 Jun 1970,76.0
18 Jun 1970,76.51000213623047
19 Jun 1970,77.05000305175781
22 Jun 1970,76.63999938964844
23 Jun 1970,74.76000213623047
24 Jun 1970,73.97000122070312
25 Jun 1970,74.0199966430664
26 Jun 1970,73.47000122070312
29 Jun 1970,72.88999938964844
30 Jun 1970,72.72000122070312
01 Jul 1970,72.94000244140625
02 Jul 1970,72.91999816894531
06 Jul 1970,71.77999877929688
07 Jul 1970,71.2300033569336
08 Jul 1970,73.0
09 Jul 1970,74.05999755859375
10 Jul 1970,74.44999694824219
13 Jul 1970,74.55000305175781
14 Jul 1970,74.41999816894531
15 Jul 1970,75.2300033569336
16 Jul 1970,76.33999633789062
17 Jul 1970,77.69000244140625
20 Jul 1970,77.79000091552734
21 Jul 1970,76.9800033569336
22 Jul 1970,77.02999877929688
23 Jul 1970,78.0
24 Jul 1970,77.81999969482422
27 Jul 1970,77.6500015258789
28 Jul 1970,77.7699966430664
29 Jul 1970,78.04000091552734
30 Jul 1970,78.06999969482422
31 Jul 1970,78.05000305175781
03 Aug 1970,77.0199966430664
04 Aug 1970,77.19000244140625
05 Aug 1970,77.18000030517578
06 Aug 1970,77.08000183105469
07 Aug 1970,77.27999877929688
10 Aug 1970,76.19999694824219
11 Aug 1970,75.81999969482422
12 Aug 1970,75.41999816894531
13 Aug 1970,74.76000213623047
14 Aug 1970,75.18000030517578
17 Aug 1970,75.33000183105469
18 Aug 1970,76.19999694824219
19 Aug 1970,76.95999908447266
20 Aug 1970,77.83999633789062
21 Aug 1970,79.23999786376953
24 Aug 1970,80.98999786376953
25 Aug 1970,81.12000274658203
26 Aug 1970,81.20999908447266
27 Aug 1970,81.08000183105469
28 Aug 1970,81.86000061035156
31 Aug 1970,81.5199966430664
01 Sep 1970,80.94999694824219
02 Sep 1970,80.95999908447266
03 Sep 1970,82.08999633789062
04 Sep 1970,82.83000183105469
08 Sep 1970,83.04000091552734
09 Sep 1970,82.79000091552734
10 Sep 1970,82.30000305175781
11 Sep 1970,82.5199966430664
14 Sep 1970,82.06999969482422
15 Sep 1970,81.36000061035156
16 Sep 1970,81.79000091552734
17 Sep 1970,82.29000091552734
18 Sep 1970,82.62000274658203
21 Sep 1970,81.91000366210938
22 Sep 1970,81.86000061035156
23 Sep 1970,81.91000366210938
24 Sep 1970,81.66000366210938
25 Sep 1970,82.83000183105469
28 Sep 1970,83.91000366210938
29 Sep 1970,83.86000061035156
30 Sep 1970,84.30000305175781
01 Oct 1970,84.31999969482422
02 Oct 1970,85.16000366210938
05 Oct 1970,86.47000122070312
06 Oct 1970,86.8499984741211
07 Oct 1970,86.88999938964844
08 Oct 1970,85.94999694824219
09 Oct 1970,85.08000183105469
12 Oct 1970,84.16999816894531
13 Oct 1970,84.05999755859375
14 Oct 1970,84.19000244140625
15 Oct 1970,84.6500015258789
16 Oct 1970,84.27999877929688
19 Oct 1970,83.1500015258789
20 Oct 1970,83.63999938964844
21 Oct 1970,83.66000366210938
22 Oct 1970,83.37999725341797
23 Oct 1970,83.7699966430664
26 Oct 1970,83.30999755859375
27 Oct 1970,83.12000274658203
28 Oct 1970,83.43000030517578
29 Oct 1970,83.36000061035156
30 Oct 1970,83.25
02 Nov 1970,83.51000213623047
03 Nov 1970,84.22000122070312
04 Nov 1970,84.38999938964844
05 Nov 1970,84.0999984741211
06 Nov 1970,84.22000122070312
09 Nov 1970,84.66999816894531
10 Nov 1970,84.79000091552734
11 Nov 1970,85.02999877929688
12 Nov 1970,84.1500015258789
13 Nov 1970,83.37000274658203
16 Nov 1970,83.23999786376953
17 Nov 1970,83.47000122070312
18 Nov 1970,82.79000091552734
19 Nov 1970,82.91000366210938
20 Nov 1970,83.72000122070312
23 Nov 1970,84.23999786376953
24 Nov 1970,84.77999877929688
25 Nov 1970,85.08999633789062
27 Nov 1970,85.93000030517578
30 Nov 1970,87.19999694824219
01 Dec 1970,87.47000122070312
02 Dec 1970,88.4800033569336
03 Dec 1970,88.9000015258789
04 Dec 1970,89.45999908447266
07 Dec 1970,89.94000244140625
08 Dec 1970,89.47000122070312
09 Dec 1970,89.54000091552734
10 Dec 1970,89.91999816894531
11 Dec 1970,90.26000213623047
14 Dec 1970,89.80000305175781
15 Dec 1970,89.66000366210938
16 Dec 1970,89.72000122070312
17 Dec 1970,90.04000091552734
18 Dec 1970,90.22000122070312
21 Dec 1970,89.94000244140625
22 Dec 1970,90.04000091552734
23 Dec 1970,90.0999984741211
24 Dec 1970,90.61000061035156
28 Dec 1970,91.08999633789062
29 Dec 1970,92.08000183105469
30 Dec 1970,92.2699966430664
31 Dec 1970,92.1500015258789
04 Jan 1971,91.1500015258789
05 Jan 1971,91.80000305175781
06 Jan 1971,92.3499984741211
07 Jan 1971,92.37999725341797
08 Jan 1971,92.19000244140625
11 Jan 1971,91.9800033569336
12 Jan 1971,92.72000122070312
13 Jan 1971,92.55999755859375
14 Jan 1971,92.80000305175781
15 Jan 1971,93.02999877929688
18 Jan 1971,93.41000366210938
19 Jan 1971,93.76000213623047
20 Jan 1971,93.77999877929688
21 Jan 1971,94.19000244140625
22 Jan 1971,94.87999725341797
25 Jan 1971,95.27999877929688
26 Jan 1971,95.58999633789062
27 Jan 1971,94.88999938964844
28 Jan 1971,95.20999908447266
29 Jan 1971,95.87999725341797
01 Feb 1971,96.41999816894531
02 Feb 1971,96.43000030517578
03 Feb 1971,96.62999725341797
04 Feb 1971,96.62000274658203
05 Feb 1971,96.93000030517578
08 Feb 1971,97.44999694824219
09 Feb 1971,97.51000213623047
10 Feb 1971,97.38999938964844
11 Feb 1971,97.91000366210938
12 Feb 1971,98.43000030517578
16 Feb 1971,98.66000366210938
17 Feb 1971,98.19999694824219
18 Feb 1971,97.55999755859375
19 Feb 1971,96.73999786376953
22 Feb 1971,95.72000122070312
23 Feb 1971,96.08999633789062
24 Feb 1971,96.7300033569336
25 Feb 1971,96.95999908447266
26 Feb 1971,96.75
01 Mar 1971,97.0
02 Mar 1971,96.9800033569336
03 Mar 1971,96.94999694824219
04 Mar 1971,97.91999816894531
05 Mar 1971,98.95999908447266
08 Mar 1971,99.37999725341797
09 Mar 1971,99.45999908447266
10 Mar 1971,99.30000305175781
11 Mar 1971,99.38999938964844
12 Mar 1971,99.56999969482422
15 Mar 1971,100.70999908447266
16 Mar 1971,101.20999908447266
17 Mar 1971,101.12000274658203
18 Mar 1971,101.19000244140625
19 Mar 1971,101.01000213623047
22 Mar 1971,100.62000274658203
23 Mar 1971,100.27999877929688
24 Mar 1971,99.62000274658203
25 Mar 1971,99.61000061035156
26 Mar 1971,99.94999694824219
29 Mar 1971,100.02999877929688
30 Mar 1971,100.26000213623047
31 Mar 1971,100.30999755859375
01 Apr 1971,100.38999938964844
02 Apr 1971,100.55999755859375
05 Apr 1971,100.79000091552734
06 Apr 1971,101.51000213623047
07 Apr 1971,101.9800033569336
08 Apr 1971,102.0999984741211
12 Apr 1971,102.87999725341797
13 Apr 1971,102.9800033569336
14 Apr 1971,103.37000274658203
15 Apr 1971,103.5199966430664
16 Apr 1971,103.48999786376953
19 Apr 1971,104.01000213623047
20 Apr 1971,103.61000061035156
21 Apr 1971,103.36000061035156
22 Apr 1971,103.55999755859375
23 Apr 1971,104.05000305175781
26 Apr 1971,103.94000244140625
27 Apr 1971,104.58999633789062
28 Apr 1971,104.7699966430664
29 Apr 1971,104.62999725341797
30 Apr 1971,103.94999694824219
03 May 1971,103.29000091552734
04 May 1971,103.79000091552734
05 May 1971,103.77999877929688
06 May 1971,103.2300033569336
07 May 1971,102.87000274658203
10 May 1971,102.36000061035156
11 May 1971,102.62000274658203
12 May 1971,102.9000015258789
13 May 1971,102.69000244140625
14 May 1971,102.20999908447266
17 May 1971,100.69000244140625
18 May 1971,100.83000183105469
19 May 1971,101.06999969482422
20 May 1971,101.30999755859375
21 May 1971,100.98999786376953
24 May 1971,100.12999725341797
25 May 1971,99.47000122070312
26 May 1971,99.58999633789062
27 May 1971,99.4000015258789
28 May 1971,99.62999725341797
01 Jun 1971,100.19999694824219
02 Jun 1971,100.95999908447266
03 Jun 1971,101.01000213623047
04 Jun 1971,101.30000305175781
07 Jun 1971,101.08999633789062
08 Jun 1971,100.31999969482422
09 Jun 1971,100.29000091552734
10 Jun 1971,100.63999938964844
11 Jun 1971,101.06999969482422
14 Jun 1971,100.22000122070312
15 Jun 1971,100.31999969482422
16 Jun 1971,100.5199966430664
17 Jun 1971,100.5
18 Jun 1971,98.97000122070312
21 Jun 1971,97.87000274658203
22 Jun 1971,97.58999633789062
23 Jun 1971,98.41000366210938
24 Jun 1971,98.12999725341797
25 Jun 1971,97.98999786376953
28 Jun 1971,97.73999786376953
29 Jun 1971,98.81999969482422
30 Jun 1971,98.69999694824219
01 Jul 1971,99.77999877929688
02 Jul 1971,99.77999877929688
06 Jul 1971,99.76000213623047
07 Jul 1971,100.04000091552734
08 Jul 1971,100.33999633789062
09 Jul 1971,100.69000244140625
12 Jul 1971,100.81999969482422
13 Jul 1971,99.5
14 Jul 1971,99.22000122070312
15 Jul 1971,99.27999877929688
16 Jul 1971,99.11000061035156
19 Jul 1971,98.93000030517578
20 Jul 1971,99.31999969482422
21 Jul 1971,99.27999877929688
22 Jul 1971,99.11000061035156
23 Jul 1971,98.94000244140625
26 Jul 1971,98.13999938964844
27 Jul 1971,97.77999877929688
28 Jul 1971,97.06999969482422
29 Jul 1971,96.0199966430664
30 Jul 1971,95.58000183105469
02 Aug 1971,95.95999908447266
03 Aug 1971,94.51000213623047
04 Aug 1971,93.88999938964844
05 Aug 1971,94.08999633789062
06 Aug 1971,94.25
09 Aug 1971,93.52999877929688
10 Aug 1971,93.54000091552734
11 Aug 1971,94.66000366210938
12 Aug 1971,96.0
13 Aug 1971,95.69000244140625
16 Aug 1971,98.76000213623047
17 Aug 1971,99.98999786376953
18 Aug 1971,98.5999984741211
19 Aug 1971,98.16000366210938
20 Aug 1971,98.33000183105469
23 Aug 1971,99.25
24 Aug 1971,100.4000015258789
25 Aug 1971,100.41000366210938
26 Aug 1971,100.23999786376953
27 Aug 1971,100.4800033569336
30 Aug 1971,99.5199966430664
31 Aug 1971,99.02999877929688
01 Sep 1971,99.06999969482422
02 Sep 1971,99.29000091552734
03 Sep 1971,100.69000244140625
07 Sep 1971,101.1500015258789
08 Sep 1971,101.33999633789062
09 Sep 1971,100.80000305175781
10 Sep 1971,100.41999816894531
13 Sep 1971,100.06999969482422
14 Sep 1971,99.33999633789062
15 Sep 1971,99.7699966430664
16 Sep 1971,99.66000366210938
17 Sep 1971,99.95999908447266
20 Sep 1971,99.68000030517578
21 Sep 1971,99.33999633789062
22 Sep 1971,98.47000122070312
23 Sep 1971,98.37999725341797
24 Sep 1971,98.1500015258789
27 Sep 1971,97.62000274658203
28 Sep 1971,97.87999725341797
29 Sep 1971,97.9000015258789
30 Sep 1971,98.33999633789062
01 Oct 1971,98.93000030517578
04 Oct 1971,99.20999908447266
05 Oct 1971,99.11000061035156
06 Oct 1971,99.81999969482422
07 Oct 1971,100.0199966430664
08 Oct 1971,99.36000061035156
11 Oct 1971,99.20999908447266
12 Oct 1971,99.56999969482422
13 Oct 1971,99.02999877929688
14 Oct 1971,98.12999725341797
15 Oct 1971,97.79000091552734
18 Oct 1971,97.3499984741211
19 Oct 1971,97.0
20 Oct 1971,95.6500015258789
21 Oct 1971,95.5999984741211
22 Oct 1971,95.56999969482422
25 Oct 1971,95.0999984741211
26 Oct 1971,94.73999786376953
27 Oct 1971,93.79000091552734
28 Oct 1971,93.95999908447266
29 Oct 1971,94.2300033569336
01 Nov 1971,92.80000305175781
02 Nov 1971,93.18000030517578
03 Nov 1971,94.91000366210938
04 Nov 1971,94.79000091552734
05 Nov 1971,94.45999908447266
08 Nov 1971,94.38999938964844
09 Nov 1971,94.45999908447266
10 Nov 1971,93.41000366210938
11 Nov 1971,92.12000274658203
12 Nov 1971,92.12000274658203
15 Nov 1971,91.80999755859375
16 Nov 1971,92.70999908447266
17 Nov 1971,92.8499984741211
18 Nov 1971,92.12999725341797
19 Nov 1971,91.61000061035156
22 Nov 1971,90.79000091552734
23 Nov 1971,90.16000366210938
24 Nov 1971,90.33000183105469
26 Nov 1971,91.94000244140625
29 Nov 1971,93.41000366210938
30 Nov 1971,93.98999786376953
01 Dec 1971,95.44000244140625
02 Dec 1971,95.83999633789062
03 Dec 1971,97.05999755859375
06 Dec 1971,96.51000213623047
07 Dec 1971,96.87000274658203
08 Dec 1971,96.91999816894531
09 Dec 1971,96.95999908447266
10 Dec 1971,97.69000244140625
13 Dec 1971,97.97000122070312
14 Dec 1971,97.66999816894531
15 Dec 1971,98.54000091552734
16 Dec 1971,99.73999786376953
17 Dec 1971,100.26000213623047
20 Dec 1971,101.55000305175781
21 Dec 1971,101.80000305175781
22 Dec 1971,101.18000030517578
23 Dec 1971,100.73999786376953
27 Dec 1971,100.94999694824219
28 Dec 1971,101.94999694824219
29 Dec 1971,102.20999908447266
30 Dec 1971,101.77999877929688
31 Dec 1971,102.08999633789062
03 Jan 1972,101.66999816894531
04 Jan 1972,102.08999633789062
05 Jan 1972,103.05999755859375
06 Jan 1972,103.51000213623047
07 Jan 1972,103.47000122070312
10 Jan 1972,103.31999969482422
11 Jan 1972,103.6500015258789
12 Jan 1972,103.58999633789062
13 Jan 1972,102.98999786376953
14 Jan 1972,103.38999938964844
17 Jan 1972,103.69999694824219
18 Jan 1972,104.05000305175781
19 Jan 1972,103.87999725341797
20 Jan 1972,103.87999725341797
21 Jan 1972,103.6500015258789
24 Jan 1972,102.56999969482422
25 Jan 1972,102.69999694824219
26 Jan 1972,102.5
27 Jan 1972,103.5
28 Jan 1972,104.16000366210938
31 Jan 1972,103.94000244140625
01 Feb 1972,104.01000213623047
02 Feb 1972,104.68000030517578
03 Feb 1972,104.63999938964844
04 Feb 1972,104.86000061035156
07 Feb 1972,104.54000091552734
08 Feb 1972,104.73999786376953
09 Feb 1972,105.55000305175781
10 Feb 1972,105.58999633789062
11 Feb 1972,105.08000183105469
14 Feb 1972,104.58999633789062
15 Feb 1972,105.02999877929688
16 Feb 1972,105.62000274658203
17 Feb 1972,105.58999633789062
18 Feb 1972,105.27999877929688
22 Feb 1972,105.29000091552734
23 Feb 1972,105.37999725341797
24 Feb 1972,105.44999694824219
25 Feb 1972,106.18000030517578
28 Feb 1972,106.19000244140625
29 Feb 1972,106.56999969482422
01 Mar 1972,107.3499984741211
02 Mar 1972,107.31999969482422
03 Mar 1972,107.94000244140625
06 Mar 1972,108.7699966430664
07 Mar 1972,108.87000274658203
08 Mar 1972,108.95999908447266
09 Mar 1972,108.94000244140625
10 Mar 1972,108.37999725341797
13 Mar 1972,107.33000183105469
14 Mar 1972,107.61000061035156
15 Mar 1972,107.75
16 Mar 1972,107.5
17 Mar 1972,107.91999816894531
20 Mar 1972,107.58999633789062
21 Mar 1972,106.69000244140625
22 Mar 1972,106.83999633789062
23 Mar 1972,107.75
24 Mar 1972,107.5199966430664
27 Mar 1972,107.30000305175781
28 Mar 1972,107.16999816894531
29 Mar 1972,106.48999786376953
30 Mar 1972,107.19999694824219
03 Apr 1972,107.4800033569336
04 Apr 1972,108.12000274658203
05 Apr 1972,109.0
06 Apr 1972,109.52999877929688
07 Apr 1972,109.62000274658203
10 Apr 1972,109.44999694824219
11 Apr 1972,109.76000213623047
12 Apr 1972,110.18000030517578
13 Apr 1972,109.91000366210938
14 Apr 1972,109.83999633789062
17 Apr 1972,109.51000213623047
18 Apr 1972,109.7699966430664
19 Apr 1972,109.19999694824219
20 Apr 1972,109.04000091552734
21 Apr 1972,108.88999938964844
24 Apr 1972,108.19000244140625
25 Apr 1972,107.12000274658203
26 Apr 1972,106.88999938964844
27 Apr 1972,107.05000305175781
28 Apr 1972,107.66999816894531
01 May 1972,106.69000244140625
02 May 1972,106.08000183105469
03 May 1972,105.98999786376953
04 May 1972,106.25
05 May 1972,106.62999725341797
08 May 1972,106.13999938964844
09 May 1972,104.73999786376953
10 May 1972,105.41999816894531
11 May 1972,105.7699966430664
12 May 1972,106.37999725341797
15 May 1972,106.86000061035156
16 May 1972,106.66000366210938
17 May 1972,106.88999938964844
18 May 1972,107.94000244140625
19 May 1972,108.9800033569336
22 May 1972,109.69000244140625
23 May 1972,109.77999877929688
24 May 1972,110.30999755859375
25 May 1972,110.45999908447266
26 May 1972,110.66000366210938
30 May 1972,110.3499984741211
31 May 1972,109.52999877929688
01 Jun 1972,109.69000244140625
02 Jun 1972,109.7300033569336
05 Jun 1972,108.81999969482422
06 Jun 1972,108.20999908447266
07 Jun 1972,107.6500015258789
08 Jun 1972,107.27999877929688
09 Jun 1972,106.86000061035156
12 Jun 1972,107.01000213623047
13 Jun 1972,107.55000305175781
14 Jun 1972,108.38999938964844
15 Jun 1972,108.44000244140625
16 Jun 1972,108.36000061035156
19 Jun 1972,108.11000061035156
20 Jun 1972,108.55999755859375
21 Jun 1972,108.79000091552734
22 Jun 1972,108.68000030517578
23 Jun 1972,108.2699966430664
26 Jun 1972,107.4800033569336
27 Jun 1972,107.37000274658203
28 Jun 1972,107.0199966430664
29 Jun 1972,106.81999969482422
30 Jun 1972,107.13999938964844
03 Jul 1972,107.48999786376953
05 Jul 1972,108.0999984741211
06 Jul 1972,109.04000091552734
07 Jul 1972,108.69000244140625
10 Jul 1972,108.11000061035156
11 Jul 1972,107.31999969482422
12 Jul 1972,106.88999938964844
13 Jul 1972,106.27999877929688
14 Jul 1972,106.80000305175781
17 Jul 1972,105.87999725341797
18 Jul 1972,105.83000183105469
19 Jul 1972,106.13999938964844
20 Jul 1972,105.80999755859375
21 Jul 1972,106.66000366210938
24 Jul 1972,107.91999816894531
25 Jul 1972,107.5999984741211
26 Jul 1972,107.52999877929688
27 Jul 1972,107.27999877929688
28 Jul 1972,107.37999725341797
31 Jul 1972,107.38999938964844
01 Aug 1972,108.4000015258789
02 Aug 1972,109.29000091552734
03 Aug 1972,110.13999938964844
04 Aug 1972,110.43000030517578
07 Aug 1972,110.61000061035156
08 Aug 1972,110.69000244140625
09 Aug 1972,110.86000061035156
10 Aug 1972,111.05000305175781
11 Aug 1972,111.94999694824219
14 Aug 1972,112.55000305175781
15 Aug 1972,112.05999755859375
16 Aug 1972,111.66000366210938
17 Aug 1972,111.33999633789062
18 Aug 1972,111.76000213623047
21 Aug 1972,111.72000122070312
22 Aug 1972,112.41000366210938
23 Aug 1972,112.26000213623047
24 Aug 1972,111.0199966430664
25 Aug 1972,110.66999816894531
28 Aug 1972,110.2300033569336
29 Aug 1972,110.41000366210938
30 Aug 1972,110.56999969482422
31 Aug 1972,111.08999633789062
01 Sep 1972,111.51000213623047
05 Sep 1972,111.2300033569336
06 Sep 1972,110.55000305175781
07 Sep 1972,110.29000091552734
08 Sep 1972,110.1500015258789
11 Sep 1972,109.51000213623047
12 Sep 1972,108.47000122070312
13 Sep 1972,108.9000015258789
14 Sep 1972,108.93000030517578
15 Sep 1972,108.80999755859375
18 Sep 1972,108.61000061035156
19 Sep 1972,108.55000305175781
20 Sep 1972,108.5999984741211
21 Sep 1972,108.43000030517578
22 Sep 1972,108.5199966430664
25 Sep 1972,108.05000305175781
26 Sep 1972,108.12000274658203
27 Sep 1972,109.66000366210938
28 Sep 1972,110.3499984741211
29 Sep 1972,110.55000305175781
02 Oct 1972,110.16000366210938
03 Oct 1972,110.30000305175781
04 Oct 1972,110.08999633789062
05 Oct 1972,108.88999938964844
06 Oct 1972,109.62000274658203
09 Oct 1972,109.9000015258789
10 Oct 1972,109.98999786376953
11 Oct 1972,109.5
12 Oct 1972,108.5999984741211
13 Oct 1972,107.91999816894531
16 Oct 1972,106.7699966430664
17 Oct 1972,107.5
18 Oct 1972,108.19000244140625
19 Oct 1972,108.05000305175781
20 Oct 1972,109.23999786376953
23 Oct 1972,110.3499984741211
24 Oct 1972,110.80999755859375
25 Oct 1972,110.72000122070312
26 Oct 1972,110.98999786376953
27 Oct 1972,110.62000274658203
30 Oct 1972,110.58999633789062
31 Oct 1972,111.58000183105469
01 Nov 1972,112.66999816894531
02 Nov 1972,113.2300033569336
03 Nov 1972,114.22000122070312
06 Nov 1972,113.9800033569336
08 Nov 1972,113.3499984741211
09 Nov 1972,113.5
10 Nov 1972,113.7300033569336
13 Nov 1972,113.9000015258789
14 Nov 1972,114.94999694824219
15 Nov 1972,114.5
16 Nov 1972,115.12999725341797
17 Nov 1972,115.48999786376953
20 Nov 1972,115.52999877929688
21 Nov 1972,116.20999908447266
22 Nov 1972,116.9000015258789
24 Nov 1972,117.2699966430664
27 Nov 1972,116.72000122070312
28 Nov 1972,116.47000122070312
29 Nov 1972,116.5199966430664
30 Nov 1972,116.66999816894531
01 Dec 1972,117.37999725341797
04 Dec 1972,117.7699966430664
05 Dec 1972,117.58000183105469
06 Dec 1972,118.01000213623047
07 Dec 1972,118.5999984741211
08 Dec 1972,118.86000061035156
11 Dec 1972,119.12000274658203
12 Dec 1972,118.66000366210938
13 Dec 1972,118.55999755859375
14 Dec 1972,118.23999786376953
15 Dec 1972,118.26000213623047
18 Dec 1972,116.9000015258789
19 Dec 1972,116.33999633789062
20 Dec 1972,115.94999694824219
21 Dec 1972,115.11000061035156
22 Dec 1972,115.83000183105469
26 Dec 1972,116.30000305175781
27 Dec 1972,116.93000030517578
29 Dec 1972,118.05000305175781
02 Jan 1973,119.0999984741211
03 Jan 1973,119.56999969482422
04 Jan 1973,119.4000015258789
05 Jan 1973,119.87000274658203
08 Jan 1973,119.8499984741211
09 Jan 1973,119.7300033569336
10 Jan 1973,119.43000030517578
11 Jan 1973,120.23999786376953
12 Jan 1973,119.30000305175781
15 Jan 1973,118.44000244140625
16 Jan 1973,118.13999938964844
17 Jan 1973,118.68000030517578
18 Jan 1973,118.8499984741211
19 Jan 1973,118.77999877929688
22 Jan 1973,118.20999908447266
23 Jan 1973,118.22000122070312
24 Jan 1973,116.7300033569336
26 Jan 1973,116.44999694824219
29 Jan 1973,116.01000213623047
30 Jan 1973,115.83000183105469
31 Jan 1973,116.02999877929688
01 Feb 1973,114.76000213623047
02 Feb 1973,114.3499984741211
05 Feb 1973,114.2300033569336
06 Feb 1973,114.44999694824219
07 Feb 1973,113.66000366210938
08 Feb 1973,113.16000366210938
09 Feb 1973,114.68000030517578
12 Feb 1973,116.05999755859375
13 Feb 1973,116.77999877929688
14 Feb 1973,115.0999984741211
15 Feb 1973,114.44999694824219
16 Feb 1973,114.9800033569336
20 Feb 1973,115.4000015258789
21 Feb 1973,114.69000244140625
22 Feb 1973,114.44000244140625
23 Feb 1973,113.16000366210938
26 Feb 1973,112.19000244140625
27 Feb 1973,110.9000015258789
28 Feb 1973,111.68000030517578
01 Mar 1973,111.05000305175781
02 Mar 1973,112.27999877929688
05 Mar 1973,112.68000030517578
06 Mar 1973,114.0999984741211
07 Mar 1973,114.44999694824219
08 Mar 1973,114.2300033569336
09 Mar 1973,113.79000091552734
12 Mar 1973,113.86000061035156
13 Mar 1973,114.4800033569336
14 Mar 1973,114.9800033569336
15 Mar 1973,114.12000274658203
16 Mar 1973,113.54000091552734
19 Mar 1973,112.16999816894531
20 Mar 1973,111.94999694824219
21 Mar 1973,110.48999786376953
22 Mar 1973,108.83999633789062
23 Mar 1973,108.87999725341797
26 Mar 1973,109.83999633789062
27 Mar 1973,111.55999755859375
28 Mar 1973,111.62000274658203
29 Mar 1973,112.70999908447266
30 Mar 1973,111.5199966430664
02 Apr 1973,110.18000030517578
03 Apr 1973,109.23999786376953
04 Apr 1973,108.7699966430664
05 Apr 1973,108.5199966430664
06 Apr 1973,109.27999877929688
09 Apr 1973,110.86000061035156
10 Apr 1973,112.20999908447266
11 Apr 1973,112.68000030517578
12 Apr 1973,112.58000183105469
13 Apr 1973,112.08000183105469
16 Apr 1973,111.44000244140625
17 Apr 1973,110.94000244140625
18 Apr 1973,111.54000091552734
19 Apr 1973,112.16999816894531
23 Apr 1973,111.56999969482422
24 Apr 1973,109.98999786376953
25 Apr 1973,108.33999633789062
26 Apr 1973,108.88999938964844
27 Apr 1973,107.2300033569336
30 Apr 1973,106.97000122070312
01 May 1973,107.0999984741211
02 May 1973,108.43000030517578
03 May 1973,110.22000122070312
04 May 1973,111.0
07 May 1973,110.52999877929688
08 May 1973,111.25
09 May 1973,110.44000244140625
10 May 1973,109.54000091552734
11 May 1973,108.16999816894531
14 May 1973,105.9000015258789
15 May 1973,106.56999969482422
16 May 1973,106.43000030517578
17 May 1973,105.55999755859375
18 May 1973,103.86000061035156
21 May 1973,102.7300033569336
22 May 1973,103.58000183105469
23 May 1973,104.06999969482422
24 May 1973,107.13999938964844
25 May 1973,107.94000244140625
29 May 1973,107.51000213623047
30 May 1973,105.91000366210938
31 May 1973,104.94999694824219
01 Jun 1973,103.93000030517578
04 Jun 1973,102.97000122070312
05 Jun 1973,104.62000274658203
06 Jun 1973,104.30999755859375
07 Jun 1973,105.83999633789062
08 Jun 1973,107.02999877929688
11 Jun 1973,106.69999694824219
12 Jun 1973,108.29000091552734
13 Jun 1973,107.5999984741211
14 Jun 1973,106.4000015258789
15 Jun 1973,105.0999984741211
18 Jun 1973,103.5999984741211
19 Jun 1973,103.98999786376953
20 Jun 1973,104.44000244140625
21 Jun 1973,103.20999908447266
22 Jun 1973,103.69999694824219
25 Jun 1973,102.25
26 Jun 1973,103.30000305175781
27 Jun 1973,103.62000274658203
28 Jun 1973,104.69000244140625
29 Jun 1973,104.26000213623047
02 Jul 1973,102.9000015258789
03 Jul 1973,101.87000274658203
05 Jul 1973,101.77999877929688
06 Jul 1973,101.27999877929688
09 Jul 1973,102.13999938964844
10 Jul 1973,103.5199966430664
11 Jul 1973,105.80000305175781
12 Jul 1973,105.5
13 Jul 1973,104.08999633789062
16 Jul 1973,105.66999816894531
17 Jul 1973,105.72000122070312
18 Jul 1973,106.3499984741211
19 Jul 1973,106.55000305175781
20 Jul 1973,107.13999938964844
23 Jul 1973,107.5199966430664
24 Jul 1973,108.13999938964844
25 Jul 1973,109.63999938964844
26 Jul 1973,109.8499984741211
27 Jul 1973,109.58999633789062
30 Jul 1973,109.25
31 Jul 1973,108.22000122070312
01 Aug 1973,106.83000183105469
02 Aug 1973,106.66999816894531
03 Aug 1973,106.48999786376953
06 Aug 1973,106.7300033569336
07 Aug 1973,106.55000305175781
08 Aug 1973,105.55000305175781
09 Aug 1973,105.61000061035156
10 Aug 1973,104.7699966430664
13 Aug 1973,103.70999908447266
14 Aug 1973,102.70999908447266
15 Aug 1973,103.01000213623047
16 Aug 1973,102.29000091552734
17 Aug 1973,102.30999755859375
20 Aug 1973,101.61000061035156
21 Aug 1973,100.88999938964844
22 Aug 1973,100.52999877929688
23 Aug 1973,101.91000366210938
24 Aug 1973,101.62000274658203
27 Aug 1973,102.41999816894531
28 Aug 1973,103.0199966430664
29 Aug 1973,104.02999877929688
30 Aug 1973,103.87999725341797
31 Aug 1973,104.25
04 Sep 1973,104.51000213623047
05 Sep 1973,104.63999938964844
06 Sep 1973,105.1500015258789
07 Sep 1973,104.76000213623047
10 Sep 1973,103.8499984741211
11 Sep 1973,103.22000122070312
12 Sep 1973,103.05999755859375
13 Sep 1973,103.36000061035156
14 Sep 1973,104.44000244140625
17 Sep 1973,104.1500015258789
18 Sep 1973,103.7699966430664
19 Sep 1973,105.87999725341797
20 Sep 1973,106.76000213623047
21 Sep 1973,107.19999694824219
24 Sep 1973,107.36000061035156
25 Sep 1973,108.05000305175781
26 Sep 1973,108.83000183105469
27 Sep 1973,109.08000183105469
28 Sep 1973,108.43000030517578
01 Oct 1973,108.20999908447266
02 Oct 1973,108.79000091552734
03 Oct 1973,108.77999877929688
04 Oct 1973,108.41000366210938
05 Oct 1973,109.8499984741211
08 Oct 1973,110.2300033569336
09 Oct 1973,110.12999725341797
10 Oct 1973,109.22000122070312
11 Oct 1973,111.08999633789062
12 Oct 1973,111.44000244140625
15 Oct 1973,110.05000305175781
16 Oct 1973,110.19000244140625
17 Oct 1973,109.97000122070312
18 Oct 1973,110.01000213623047
19 Oct 1973,110.22000122070312
22 Oct 1973,109.16000366210938
23 Oct 1973,109.75
24 Oct 1973,110.2699966430664
25 Oct 1973,110.5
26 Oct 1973,111.37999725341797
29 Oct 1973,111.1500015258789
30 Oct 1973,109.33000183105469
31 Oct 1973,108.29000091552734
01 Nov 1973,107.69000244140625
02 Nov 1973,107.06999969482422
05 Nov 1973,105.5199966430664
06 Nov 1973,104.95999908447266
07 Nov 1973,105.80000305175781
08 Nov 1973,107.0199966430664
09 Nov 1973,105.30000305175781
12 Nov 1973,104.44000244140625
13 Nov 1973,104.36000061035156
14 Nov 1973,102.44999694824219
15 Nov 1973,102.43000030517578
16 Nov 1973,103.87999725341797
19 Nov 1973,100.70999908447266
20 Nov 1973,98.66000366210938
21 Nov 1973,99.76000213623047
23 Nov 1973,99.44000244140625
26 Nov 1973,96.58000183105469
27 Nov 1973,95.69999694824219
28 Nov 1973,97.6500015258789
29 Nov 1973,97.30999755859375
30 Nov 1973,95.95999908447266
03 Dec 1973,93.9000015258789
04 Dec 1973,93.58999633789062
05 Dec 1973,92.16000366210938
06 Dec 1973,94.41999816894531
07 Dec 1973,96.51000213623047
10 Dec 1973,97.94999694824219
11 Dec 1973,96.04000091552734
12 Dec 1973,93.56999969482422
13 Dec 1973,92.37999725341797
14 Dec 1973,93.29000091552734
17 Dec 1973,92.75
18 Dec 1973,94.73999786376953
19 Dec 1973,94.81999969482422
20 Dec 1973,94.55000305175781
21 Dec 1973,93.54000091552734
24 Dec 1973,92.9000015258789
26 Dec 1973,95.73999786376953
27 Dec 1973,97.73999786376953
28 Dec 1973,97.54000091552734
31 Dec 1973,97.55000305175781
02 Jan 1974,97.68000030517578
03 Jan 1974,99.80000305175781
04 Jan 1974,98.9000015258789
07 Jan 1974,98.06999969482422
08 Jan 1974,96.12000274658203
09 Jan 1974,93.41999816894531
10 Jan 1974,92.38999938964844
11 Jan 1974,93.66000366210938
14 Jan 1974,93.41999816894531
15 Jan 1974,94.2300033569336
16 Jan 1974,95.66999816894531
17 Jan 1974,97.30000305175781
18 Jan 1974,95.55999755859375
21 Jan 1974,95.4000015258789
22 Jan 1974,96.55000305175781
23 Jan 1974,97.06999969482422
24 Jan 1974,96.81999969482422
25 Jan 1974,96.62999725341797
28 Jan 1974,96.08999633789062
29 Jan 1974,96.01000213623047
30 Jan 1974,97.05999755859375
31 Jan 1974,96.56999969482422
01 Feb 1974,95.31999969482422
04 Feb 1974,93.29000091552734
05 Feb 1974,93.0
06 Feb 1974,93.26000213623047
07 Feb 1974,93.30000305175781
08 Feb 1974,92.33000183105469
11 Feb 1974,90.66000366210938
12 Feb 1974,90.94000244140625
13 Feb 1974,90.9800033569336
14 Feb 1974,90.94999694824219
15 Feb 1974,92.2699966430664
19 Feb 1974,92.12000274658203
20 Feb 1974,93.44000244140625
21 Feb 1974,94.70999908447266
22 Feb 1974,95.38999938964844
25 Feb 1974,95.02999877929688
26 Feb 1974,96.0
27 Feb 1974,96.4000015258789
28 Feb 1974,96.22000122070312
01 Mar 1974,95.52999877929688
04 Mar 1974,95.52999877929688
05 Mar 1974,97.31999969482422
06 Mar 1974,97.9800033569336
07 Mar 1974,96.94000244140625
08 Mar 1974,97.77999877929688
11 Mar 1974,98.87999725341797
12 Mar 1974,99.1500015258789
13 Mar 1974,99.73999786376953
14 Mar 1974,99.6500015258789
15 Mar 1974,99.27999877929688
18 Mar 1974,98.05000305175781
19 Mar 1974,97.2300033569336
20 Mar 1974,97.56999969482422
21 Mar 1974,97.33999633789062
22 Mar 1974,97.2699966430664
25 Mar 1974,97.63999938964844
26 Mar 1974,97.94999694824219
27 Mar 1974,96.58999633789062
28 Mar 1974,94.81999969482422
29 Mar 1974,93.9800033569336
01 Apr 1974,93.25
02 Apr 1974,93.3499984741211
03 Apr 1974,94.33000183105469
04 Apr 1974,94.33000183105469
05 Apr 1974,93.01000213623047
08 Apr 1974,92.02999877929688
09 Apr 1974,92.61000061035156
10 Apr 1974,92.4000015258789
11 Apr 1974,92.12000274658203
15 Apr 1974,92.05000305175781
16 Apr 1974,93.66000366210938
17 Apr 1974,94.36000061035156
18 Apr 1974,94.77999877929688
19 Apr 1974,93.75
22 Apr 1974,93.37999725341797
23 Apr 1974,91.80999755859375
24 Apr 1974,90.30000305175781
25 Apr 1974,89.56999969482422
26 Apr 1974,90.18000030517578
29 Apr 1974,90.0
30 Apr 1974,90.30999755859375
01 May 1974,92.22000122070312
02 May 1974,92.08999633789062
03 May 1974,91.29000091552734
06 May 1974,91.12000274658203
07 May 1974,91.45999908447266
08 May 1974,91.63999938964844
09 May 1974,92.95999908447266
10 May 1974,91.47000122070312
13 May 1974,90.66000366210938
14 May 1974,90.69000244140625
15 May 1974,90.44999694824219
16 May 1974,89.72000122070312
17 May 1974,88.20999908447266
20 May 1974,87.86000061035156
21 May 1974,87.91000366210938
22 May 1974,87.08999633789062
23 May 1974,87.29000091552734
24 May 1974,88.58000183105469
28 May 1974,88.37000274658203
29 May 1974,86.88999938964844
30 May 1974,87.43000030517578
31 May 1974,87.27999877929688
03 Jun 1974,89.0999984741211
04 Jun 1974,90.13999938964844
05 Jun 1974,90.30999755859375
06 Jun 1974,91.95999908447266
07 Jun 1974,92.55000305175781
10 Jun 1974,93.0999984741211
11 Jun 1974,92.27999877929688
12 Jun 1974,92.05999755859375
13 Jun 1974,92.33999633789062
14 Jun 1974,91.30000305175781
17 Jun 1974,90.04000091552734
18 Jun 1974,89.44999694824219
19 Jun 1974,88.83999633789062
20 Jun 1974,88.20999908447266
21 Jun 1974,87.45999908447266
24 Jun 1974,87.69000244140625
25 Jun 1974,88.9800033569336
26 Jun 1974,87.61000061035156
27 Jun 1974,86.30999755859375
28 Jun 1974,86.0
01 Jul 1974,86.0199966430664
02 Jul 1974,84.30000305175781
03 Jul 1974,84.25
05 Jul 1974,83.66000366210938
08 Jul 1974,81.08999633789062
09 Jul 1974,81.4800033569336
10 Jul 1974,79.98999786376953
11 Jul 1974,79.88999938964844
12 Jul 1974,83.1500015258789
15 Jul 1974,83.77999877929688
16 Jul 1974,82.80999755859375
17 Jul 1974,83.69999694824219
18 Jul 1974,83.77999877929688
19 Jul 1974,83.54000091552734
22 Jul 1974,83.80999755859375
23 Jul 1974,84.6500015258789
24 Jul 1974,84.98999786376953
25 Jul 1974,83.9800033569336
26 Jul 1974,82.4000015258789
29 Jul 1974,80.94000244140625
30 Jul 1974,80.5
31 Jul 1974,79.30999755859375
01 Aug 1974,78.75
02 Aug 1974,78.58999633789062
05 Aug 1974,79.29000091552734
06 Aug 1974,80.5199966430664
07 Aug 1974,82.6500015258789
08 Aug 1974,81.56999969482422
09 Aug 1974,80.86000061035156
12 Aug 1974,79.75
13 Aug 1974,78.48999786376953
14 Aug 1974,76.7300033569336
15 Aug 1974,76.30000305175781
16 Aug 1974,75.66999816894531
19 Aug 1974,74.56999969482422
20 Aug 1974,74.94999694824219
21 Aug 1974,73.51000213623047
22 Aug 1974,72.80000305175781
23 Aug 1974,71.55000305175781
26 Aug 1974,72.16000366210938
27 Aug 1974,70.94000244140625
28 Aug 1974,70.76000213623047
29 Aug 1974,69.98999786376953
30 Aug 1974,72.1500015258789
03 Sep 1974,70.5199966430664
04 Sep 1974,68.69000244140625
05 Sep 1974,70.87000274658203
06 Sep 1974,71.41999816894531
09 Sep 1974,69.72000122070312
10 Sep 1974,69.23999786376953
11 Sep 1974,68.55000305175781
12 Sep 1974,66.70999908447266
13 Sep 1974,65.19999694824219
16 Sep 1974,66.26000213623047
17 Sep 1974,67.37999725341797
18 Sep 1974,67.72000122070312
19 Sep 1974,70.08999633789062
20 Sep 1974,70.13999938964844
23 Sep 1974,69.41999816894531
24 Sep 1974,68.0199966430664
25 Sep 1974,67.56999969482422
26 Sep 1974,66.45999908447266
27 Sep 1974,64.94000244140625
30 Sep 1974,63.540000915527344
01 Oct 1974,63.38999938964844
02 Oct 1974,63.380001068115234
03 Oct 1974,62.279998779296875
04 Oct 1974,62.34000015258789
07 Oct 1974,64.94999694824219
08 Oct 1974,64.83999633789062
09 Oct 1974,67.81999969482422
10 Oct 1974,69.79000091552734
11 Oct 1974,71.13999938964844
14 Oct 1974,72.73999786376953
15 Oct 1974,71.44000244140625
16 Oct 1974,70.33000183105469
17 Oct 1974,71.16999816894531
18 Oct 1974,72.27999877929688
21 Oct 1974,73.5
22 Oct 1974,73.12999725341797
23 Oct 1974,71.02999877929688
24 Oct 1974,70.22000122070312
25 Oct 1974,70.12000274658203
28 Oct 1974,70.08999633789062
29 Oct 1974,72.83000183105469
30 Oct 1974,74.30999755859375
31 Oct 1974,73.9000015258789
01 Nov 1974,73.87999725341797
04 Nov 1974,73.08000183105469
05 Nov 1974,75.11000061035156
06 Nov 1974,74.75
07 Nov 1974,75.20999908447266
08 Nov 1974,74.91000366210938
11 Nov 1974,75.1500015258789
12 Nov 1974,73.66999816894531
13 Nov 1974,73.3499984741211
14 Nov 1974,73.05999755859375
15 Nov 1974,71.91000366210938
18 Nov 1974,69.2699966430664
19 Nov 1974,68.19999694824219
20 Nov 1974,67.9000015258789
21 Nov 1974,68.18000030517578
22 Nov 1974,68.9000015258789
25 Nov 1974,68.83000183105469
26 Nov 1974,69.47000122070312
27 Nov 1974,69.94000244140625
29 Nov 1974,69.97000122070312
02 Dec 1974,68.11000061035156
03 Dec 1974,67.16999816894531
04 Dec 1974,67.41000366210938
05 Dec 1974,66.12999725341797
06 Dec 1974,65.01000213623047
09 Dec 1974,65.5999984741211
10 Dec 1974,67.27999877929688
11 Dec 1974,67.66999816894531
12 Dec 1974,67.44999694824219
13 Dec 1974,67.06999969482422
16 Dec 1974,66.45999908447266
17 Dec 1974,67.58000183105469
18 Dec 1974,67.9000015258789
19 Dec 1974,67.6500015258789
20 Dec 1974,66.91000366210938
23 Dec 1974,65.95999908447266
24 Dec 1974,66.87999725341797
26 Dec 1974,67.44000244140625
27 Dec 1974,67.13999938964844
30 Dec 1974,67.16000366210938
31 Dec 1974,68.55999755859375
02 Jan 1975,70.2300033569336
03 Jan 1975,70.70999908447266
06 Jan 1975,71.06999969482422
07 Jan 1975,71.0199966430664
08 Jan 1975,70.04000091552734
09 Jan 1975,71.16999816894531
10 Jan 1975,72.61000061035156
13 Jan 1975,72.30999755859375
14 Jan 1975,71.68000030517578
15 Jan 1975,72.13999938964844
16 Jan 1975,72.05000305175781
17 Jan 1975,70.95999908447266
20 Jan 1975,71.08000183105469
21 Jan 1975,70.69999694824219
22 Jan 1975,71.73999786376953
23 Jan 1975,72.06999969482422
24 Jan 1975,72.9800033569336
27 Jan 1975,75.37000274658203
28 Jan 1975,76.02999877929688
29 Jan 1975,77.26000213623047
30 Jan 1975,76.20999908447266
31 Jan 1975,76.9800033569336
03 Feb 1975,77.81999969482422
04 Feb 1975,77.61000061035156
05 Feb 1975,78.94999694824219
06 Feb 1975,78.55999755859375
07 Feb 1975,78.62999725341797
10 Feb 1975,78.36000061035156
11 Feb 1975,78.58000183105469
12 Feb 1975,79.91999816894531
13 Feb 1975,81.01000213623047
14 Feb 1975,81.5
18 Feb 1975,80.93000030517578
19 Feb 1975,81.44000244140625
20 Feb 1975,82.20999908447266
21 Feb 1975,82.62000274658203
24 Feb 1975,81.44000244140625
25 Feb 1975,79.52999877929688
26 Feb 1975,80.37000274658203
27 Feb 1975,80.7699966430664
28 Feb 1975,81.58999633789062
03 Mar 1975,83.02999877929688
04 Mar 1975,83.55999755859375
05 Mar 1975,83.9000015258789
06 Mar 1975,83.69000244140625
07 Mar 1975,84.30000305175781
10 Mar 1975,84.94999694824219
11 Mar 1975,84.36000061035156
12 Mar 1975,83.58999633789062
13 Mar 1975,83.73999786376953
14 Mar 1975,84.76000213623047
17 Mar 1975,86.01000213623047
18 Mar 1975,85.12999725341797
19 Mar 1975,84.33999633789062
20 Mar 1975,83.61000061035156
21 Mar 1975,83.38999938964844
24 Mar 1975,81.41999816894531
25 Mar 1975,82.05999755859375
26 Mar 1975,83.58999633789062
27 Mar 1975,83.8499984741211
31 Mar 1975,83.36000061035156
01 Apr 1975,82.63999938964844
02 Apr 1975,82.43000030517578
03 Apr 1975,81.51000213623047
04 Apr 1975,80.87999725341797
07 Apr 1975,80.3499984741211
08 Apr 1975,80.98999786376953
09 Apr 1975,82.83999633789062
10 Apr 1975,83.7699966430664
11 Apr 1975,84.18000030517578
14 Apr 1975,85.5999984741211
15 Apr 1975,86.30000305175781
16 Apr 1975,86.5999984741211
17 Apr 1975,87.25
18 Apr 1975,86.30000305175781
21 Apr 1975,87.2300033569336
22 Apr 1975,87.08999633789062
23 Apr 1975,86.12000274658203
24 Apr 1975,86.04000091552734
25 Apr 1975,86.62000274658203
28 Apr 1975,86.2300033569336
29 Apr 1975,85.63999938964844
30 Apr 1975,87.30000305175781
01 May 1975,88.0999984741211
02 May 1975,89.22000122070312
05 May 1975,90.08000183105469
06 May 1975,88.63999938964844
07 May 1975,89.08000183105469
08 May 1975,89.55999755859375
09 May 1975,90.52999877929688
12 May 1975,90.61000061035156
13 May 1975,91.58000183105469
14 May 1975,92.2699966430664
15 May 1975,91.41000366210938
16 May 1975,90.43000030517578
19 May 1975,90.52999877929688
20 May 1975,90.06999969482422
21 May 1975,89.05999755859375
22 May 1975,89.38999938964844
23 May 1975,90.58000183105469
27 May 1975,90.33999633789062
28 May 1975,89.70999908447266
29 May 1975,89.68000030517578
30 May 1975,91.1500015258789
02 Jun 1975,92.58000183105469
03 Jun 1975,92.88999938964844
04 Jun 1975,92.5999984741211
05 Jun 1975,92.69000244140625
06 Jun 1975,92.4800033569336
09 Jun 1975,91.20999908447266
10 Jun 1975,90.44000244140625
11 Jun 1975,90.55000305175781
12 Jun 1975,90.08000183105469
13 Jun 1975,90.5199966430664
16 Jun 1975,91.45999908447266
17 Jun 1975,90.58000183105469
18 Jun 1975,90.38999938964844
19 Jun 1975,92.0199966430664
20 Jun 1975,92.61000061035156
23 Jun 1975,93.62000274658203
24 Jun 1975,94.19000244140625
25 Jun 1975,94.62000274658203
26 Jun 1975,94.80999755859375
27 Jun 1975,94.80999755859375
30 Jun 1975,95.19000244140625
01 Jul 1975,94.8499984741211
02 Jul 1975,94.18000030517578
03 Jul 1975,94.36000061035156
07 Jul 1975,93.54000091552734
08 Jul 1975,93.38999938964844
09 Jul 1975,94.80000305175781
10 Jul 1975,94.80999755859375
11 Jul 1975,94.66000366210938
14 Jul 1975,95.19000244140625
15 Jul 1975,95.61000061035156
16 Jul 1975,94.61000061035156
17 Jul 1975,93.62999725341797
18 Jul 1975,93.19999694824219
21 Jul 1975,92.44000244140625
22 Jul 1975,91.44999694824219
23 Jul 1975,90.18000030517578
24 Jul 1975,90.06999969482422
25 Jul 1975,89.29000091552734
28 Jul 1975,88.69000244140625
29 Jul 1975,88.19000244140625
30 Jul 1975,88.83000183105469
31 Jul 1975,88.75
01 Aug 1975,87.98999786376953
04 Aug 1975,87.1500015258789
05 Aug 1975,86.2300033569336
06 Aug 1975,86.25
07 Aug 1975,86.30000305175781
08 Aug 1975,86.0199966430664
11 Aug 1975,86.55000305175781
12 Aug 1975,87.12000274658203
13 Aug 1975,85.97000122070312
14 Aug 1975,85.5999984741211
15 Aug 1975,86.36000061035156
18 Aug 1975,86.19999694824219
19 Aug 1975,84.94999694824219
20 Aug 1975,83.22000122070312
21 Aug 1975,83.06999969482422
22 Aug 1975,84.27999877929688
25 Aug 1975,85.05999755859375
26 Aug 1975,83.95999908447266
27 Aug 1975,84.43000030517578
28 Aug 1975,86.4000015258789
29 Aug 1975,86.87999725341797
02 Sep 1975,85.4800033569336
03 Sep 1975,86.02999877929688
04 Sep 1975,86.19999694824219
05 Sep 1975,85.62000274658203
08 Sep 1975,85.88999938964844
09 Sep 1975,84.5999984741211
10 Sep 1975,83.79000091552734
11 Sep 1975,83.44999694824219
12 Sep 1975,83.30000305175781
15 Sep 1975,82.87999725341797
16 Sep 1975,82.08999633789062
17 Sep 1975,82.37000274658203
18 Sep 1975,84.05999755859375
19 Sep 1975,85.87999725341797
22 Sep 1975,85.06999969482422
23 Sep 1975,84.94000244140625
24 Sep 1975,85.73999786376953
25 Sep 1975,85.63999938964844
26 Sep 1975,86.19000244140625
29 Sep 1975,85.02999877929688
30 Sep 1975,83.87000274658203
01 Oct 1975,82.93000030517578
02 Oct 1975,83.81999969482422
03 Oct 1975,85.94999694824219
06 Oct 1975,86.87999725341797
07 Oct 1975,86.7699966430664
08 Oct 1975,87.94000244140625
09 Oct 1975,88.37000274658203
10 Oct 1975,88.20999908447266
13 Oct 1975,89.45999908447266
14 Oct 1975,89.27999877929688
15 Oct 1975,89.2300033569336
16 Oct 1975,89.37000274658203
17 Oct 1975,88.86000061035156
20 Oct 1975,89.81999969482422
21 Oct 1975,90.55999755859375
22 Oct 1975,90.70999908447266
23 Oct 1975,91.23999786376953
24 Oct 1975,89.83000183105469
27 Oct 1975,89.7300033569336
28 Oct 1975,90.51000213623047
29 Oct 1975,89.38999938964844
30 Oct 1975,89.30999755859375
31 Oct 1975,89.04000091552734
03 Nov 1975,88.08999633789062
04 Nov 1975,88.51000213623047
05 Nov 1975,89.1500015258789
06 Nov 1975,89.55000305175781
07 Nov 1975,89.33000183105469
10 Nov 1975,89.33999633789062
11 Nov 1975,89.87000274658203
12 Nov 1975,91.19000244140625
13 Nov 1975,91.04000091552734
14 Nov 1975,90.97000122070312
17 Nov 1975,91.45999908447266
18 Nov 1975,91.0
19 Nov 1975,89.9800033569336
20 Nov 1975,89.63999938964844
21 Nov 1975,89.52999877929688
24 Nov 1975,89.69999694824219
25 Nov 1975,90.70999908447266
26 Nov 1975,90.94000244140625
28 Nov 1975,91.23999786376953
01 Dec 1975,90.66999816894531
02 Dec 1975,89.33000183105469
03 Dec 1975,87.5999984741211
04 Dec 1975,87.83999633789062
05 Dec 1975,86.81999969482422
08 Dec 1975,87.06999969482422
09 Dec 1975,87.30000305175781
10 Dec 1975,88.08000183105469
11 Dec 1975,87.80000305175781
12 Dec 1975,87.83000183105469
15 Dec 1975,88.08999633789062
16 Dec 1975,88.93000030517578
17 Dec 1975,89.1500015258789
18 Dec 1975,89.43000030517578
19 Dec 1975,88.80000305175781
22 Dec 1975,88.13999938964844
23 Dec 1975,88.7300033569336
24 Dec 1975,89.45999908447266
26 Dec 1975,90.25
29 Dec 1975,90.12999725341797
30 Dec 1975,89.7699966430664
31 Dec 1975,90.19000244140625
02 Jan 1976,90.9000015258789
05 Jan 1976,92.58000183105469
06 Jan 1976,93.52999877929688
07 Jan 1976,93.94999694824219
08 Jan 1976,94.58000183105469
09 Jan 1976,94.94999694824219
12 Jan 1976,96.33000183105469
13 Jan 1976,95.56999969482422
14 Jan 1976,97.12999725341797
15 Jan 1976,96.61000061035156
16 Jan 1976,97.0
19 Jan 1976,98.31999969482422
20 Jan 1976,98.86000061035156
21 Jan 1976,98.23999786376953
22 Jan 1976,98.04000091552734
23 Jan 1976,99.20999908447266
26 Jan 1976,99.68000030517578
27 Jan 1976,99.06999969482422
28 Jan 1976,98.52999877929688
29 Jan 1976,100.11000061035156
30 Jan 1976,100.86000061035156
02 Feb 1976,100.87000274658203
03 Feb 1976,101.18000030517578
04 Feb 1976,101.91000366210938
05 Feb 1976,100.38999938964844
06 Feb 1976,99.45999908447266
09 Feb 1976,99.62000274658203
10 Feb 1976,100.47000122070312
11 Feb 1976,100.7699966430664
12 Feb 1976,100.25
13 Feb 1976,99.66999816894531
17 Feb 1976,99.05000305175781
18 Feb 1976,99.8499984741211
19 Feb 1976,101.41000366210938
20 Feb 1976,102.0999984741211
23 Feb 1976,101.61000061035156
24 Feb 1976,102.02999877929688
25 Feb 1976,101.69000244140625
26 Feb 1976,100.11000061035156
27 Feb 1976,99.70999908447266
01 Mar 1976,100.0199966430664
02 Mar 1976,100.58000183105469
03 Mar 1976,99.9800033569336
04 Mar 1976,98.91999816894531
05 Mar 1976,99.11000061035156
08 Mar 1976,100.19000244140625
09 Mar 1976,100.58000183105469
10 Mar 1976,100.94000244140625
11 Mar 1976,101.88999938964844
12 Mar 1976,100.86000061035156
15 Mar 1976,99.80000305175781
16 Mar 1976,100.91999816894531
17 Mar 1976,100.86000061035156
18 Mar 1976,100.44999694824219
19 Mar 1976,100.58000183105469
22 Mar 1976,100.70999908447266
23 Mar 1976,102.23999786376953
24 Mar 1976,103.41999816894531
25 Mar 1976,102.8499984741211
26 Mar 1976,102.8499984741211
29 Mar 1976,102.41000366210938
30 Mar 1976,102.01000213623047
31 Mar 1976,102.7699966430664
01 Apr 1976,102.23999786376953
02 Apr 1976,102.25
05 Apr 1976,103.51000213623047
06 Apr 1976,103.36000061035156
07 Apr 1976,102.20999908447266
08 Apr 1976,101.27999877929688
09 Apr 1976,100.3499984741211
12 Apr 1976,100.19999694824219
13 Apr 1976,101.05000305175781
14 Apr 1976,100.30999755859375
15 Apr 1976,100.66999816894531
19 Apr 1976,101.44000244140625
20 Apr 1976,102.87000274658203
21 Apr 1976,103.31999969482422
22 Apr 1976,102.9800033569336
23 Apr 1976,102.29000091552734
26 Apr 1976,102.43000030517578
27 Apr 1976,101.86000061035156
28 Apr 1976,102.12999725341797
29 Apr 1976,102.12999725341797
30 Apr 1976,101.63999938964844
03 May 1976,100.91999816894531
04 May 1976,101.45999908447266
05 May 1976,100.87999725341797
06 May 1976,101.16000366210938
07 May 1976,101.87999725341797
10 May 1976,103.0999984741211
11 May 1976,102.94999694824219
12 May 1976,102.7699966430664
13 May 1976,102.16000366210938
14 May 1976,101.33999633789062
17 May 1976,101.08999633789062
18 May 1976,101.26000213623047
19 May 1976,101.18000030517578
20 May 1976,102.0
21 May 1976,101.26000213623047
24 May 1976,99.44000244140625
25 May 1976,99.48999786376953
26 May 1976,99.33999633789062
27 May 1976,99.37999725341797
28 May 1976,100.18000030517578
01 Jun 1976,99.8499984741211
02 Jun 1976,100.22000122070312
03 Jun 1976,100.12999725341797
04 Jun 1976,99.1500015258789
07 Jun 1976,98.62999725341797
08 Jun 1976,98.80000305175781
09 Jun 1976,98.73999786376953
10 Jun 1976,99.55999755859375
11 Jun 1976,100.91999816894531
14 Jun 1976,101.94999694824219
15 Jun 1976,101.45999908447266
16 Jun 1976,102.01000213623047
17 Jun 1976,103.61000061035156
18 Jun 1976,103.76000213623047
21 Jun 1976,104.27999877929688
22 Jun 1976,103.47000122070312
23 Jun 1976,103.25
24 Jun 1976,103.79000091552734
25 Jun 1976,103.72000122070312
28 Jun 1976,103.43000030517578
29 Jun 1976,103.86000061035156
30 Jun 1976,104.27999877929688
01 Jul 1976,103.58999633789062
02 Jul 1976,104.11000061035156
06 Jul 1976,103.54000091552734
07 Jul 1976,103.83000183105469
08 Jul 1976,103.9800033569336
09 Jul 1976,104.9800033569336
12 Jul 1976,105.9000015258789
13 Jul 1976,105.66999816894531
14 Jul 1976,105.94999694824219
15 Jul 1976,105.19999694824219
16 Jul 1976,104.68000030517578
19 Jul 1976,104.29000091552734
20 Jul 1976,103.72000122070312
21 Jul 1976,103.81999969482422
22 Jul 1976,103.93000030517578
23 Jul 1976,104.05999755859375
26 Jul 1976,104.06999969482422
27 Jul 1976,103.4800033569336
28 Jul 1976,103.05000305175781
29 Jul 1976,102.93000030517578
30 Jul 1976,103.44000244140625
02 Aug 1976,103.19000244140625
03 Aug 1976,104.13999938964844
04 Aug 1976,104.43000030517578
05 Aug 1976,103.8499984741211
06 Aug 1976,103.79000091552734
09 Aug 1976,103.48999786376953
10 Aug 1976,104.41000366210938
11 Aug 1976,104.05999755859375
12 Aug 1976,104.22000122070312
13 Aug 1976,104.25
16 Aug 1976,104.43000030517578
17 Aug 1976,104.80000305175781
18 Aug 1976,104.55999755859375
19 Aug 1976,103.38999938964844
20 Aug 1976,102.37000274658203
23 Aug 1976,101.95999908447266
24 Aug 1976,101.2699966430664
25 Aug 1976,102.02999877929688
26 Aug 1976,101.31999969482422
27 Aug 1976,101.4800033569336
30 Aug 1976,102.06999969482422
31 Aug 1976,102.91000366210938
01 Sep 1976,104.05999755859375
02 Sep 1976,103.91999816894531
03 Sep 1976,104.30000305175781
07 Sep 1976,105.02999877929688
08 Sep 1976,104.94000244140625
09 Sep 1976,104.4000015258789
10 Sep 1976,104.6500015258789
13 Sep 1976,104.29000091552734
14 Sep 1976,103.94000244140625
15 Sep 1976,104.25
16 Sep 1976,105.33999633789062
17 Sep 1976,106.2699966430664
20 Sep 1976,106.31999969482422
21 Sep 1976,107.83000183105469
22 Sep 1976,107.45999908447266
23 Sep 1976,106.91999816894531
24 Sep 1976,106.80000305175781
27 Sep 1976,107.2699966430664
28 Sep 1976,105.91999816894531
29 Sep 1976,105.37000274658203
30 Sep 1976,105.23999786376953
01 Oct 1976,104.16999816894531
04 Oct 1976,104.02999877929688
05 Oct 1976,103.2300033569336
06 Oct 1976,102.97000122070312
07 Oct 1976,103.54000091552734
08 Oct 1976,102.55999755859375
11 Oct 1976,101.63999938964844
12 Oct 1976,100.80999755859375
13 Oct 1976,102.12000274658203
14 Oct 1976,100.8499984741211
15 Oct 1976,100.87999725341797
18 Oct 1976,101.47000122070312
19 Oct 1976,101.44999694824219
20 Oct 1976,101.73999786376953
21 Oct 1976,100.7699966430664
22 Oct 1976,99.95999908447266
25 Oct 1976,100.06999969482422
26 Oct 1976,101.05999755859375
27 Oct 1976,101.76000213623047
28 Oct 1976,101.61000061035156
29 Oct 1976,102.9000015258789
01 Nov 1976,103.0999984741211
03 Nov 1976,101.91999816894531
04 Nov 1976,102.41000366210938
05 Nov 1976,100.81999969482422
08 Nov 1976,99.5999984741211
09 Nov 1976,99.31999969482422
10 Nov 1976,98.80999755859375
11 Nov 1976,99.63999938964844
12 Nov 1976,99.23999786376953
15 Nov 1976,99.9000015258789
16 Nov 1976,100.04000091552734
17 Nov 1976,100.61000061035156
18 Nov 1976,101.88999938964844
19 Nov 1976,101.91999816894531
22 Nov 1976,102.58999633789062
23 Nov 1976,101.95999908447266
24 Nov 1976,102.41000366210938
26 Nov 1976,103.1500015258789
29 Nov 1976,102.44000244140625
30 Nov 1976,102.0999984741211
01 Dec 1976,102.48999786376953
02 Dec 1976,102.12000274658203
03 Dec 1976,102.76000213623047
06 Dec 1976,103.55999755859375
07 Dec 1976,103.48999786376953
08 Dec 1976,104.08000183105469
09 Dec 1976,104.51000213623047
10 Dec 1976,104.69999694824219
13 Dec 1976,104.62999725341797
14 Dec 1976,105.06999969482422
15 Dec 1976,105.13999938964844
16 Dec 1976,104.80000305175781
17 Dec 1976,104.26000213623047
20 Dec 1976,103.6500015258789
21 Dec 1976,104.22000122070312
22 Dec 1976,104.70999908447266
23 Dec 1976,104.83999633789062
27 Dec 1976,106.05999755859375
28 Dec 1976,106.7699966430664
29 Dec 1976,106.33999633789062
30 Dec 1976,106.87999725341797
31 Dec 1976,107.45999908447266
03 Jan 1977,107.0
04 Jan 1977,105.69999694824219
05 Jan 1977,104.76000213623047
06 Jan 1977,105.0199966430664
07 Jan 1977,105.01000213623047
10 Jan 1977,105.19999694824219
11 Jan 1977,104.12000274658203
12 Jan 1977,103.4000015258789
13 Jan 1977,104.19999694824219
14 Jan 1977,104.01000213623047
17 Jan 1977,103.7300033569336
18 Jan 1977,103.31999969482422
19 Jan 1977,103.8499984741211
20 Jan 1977,102.97000122070312
21 Jan 1977,103.31999969482422
24 Jan 1977,103.25
25 Jan 1977,103.12999725341797
26 Jan 1977,102.33999633789062
27 Jan 1977,101.79000091552734
28 Jan 1977,101.93000030517578
31 Jan 1977,102.02999877929688
01 Feb 1977,102.54000091552734
02 Feb 1977,102.36000061035156
03 Feb 1977,101.8499984741211
04 Feb 1977,101.87999725341797
07 Feb 1977,101.88999938964844
08 Feb 1977,101.5999984741211
09 Feb 1977,100.7300033569336
10 Feb 1977,100.81999969482422
11 Feb 1977,100.22000122070312
14 Feb 1977,100.73999786376953
15 Feb 1977,101.04000091552734
16 Feb 1977,101.5
17 Feb 1977,100.91999816894531
18 Feb 1977,100.48999786376953
22 Feb 1977,100.48999786376953
23 Feb 1977,100.19000244140625
24 Feb 1977,99.5999984741211
25 Feb 1977,99.4800033569336
28 Feb 1977,99.81999969482422
01 Mar 1977,100.66000366210938
02 Mar 1977,100.38999938964844
03 Mar 1977,100.87999725341797
04 Mar 1977,101.19999694824219
07 Mar 1977,101.25
08 Mar 1977,100.87000274658203
09 Mar 1977,100.0999984741211
10 Mar 1977,100.66999816894531
11 Mar 1977,100.6500015258789
14 Mar 1977,101.41999816894531
15 Mar 1977,101.9800033569336
16 Mar 1977,102.16999816894531
17 Mar 1977,102.08000183105469
18 Mar 1977,101.86000061035156
21 Mar 1977,101.30999755859375
22 Mar 1977,101.0
23 Mar 1977,100.19999694824219
24 Mar 1977,99.69999694824219
25 Mar 1977,99.05999755859375
28 Mar 1977,99.0
29 Mar 1977,99.69000244140625
30 Mar 1977,98.54000091552734
31 Mar 1977,98.41999816894531
01 Apr 1977,99.20999908447266
04 Apr 1977,98.2300033569336
05 Apr 1977,98.01000213623047
06 Apr 1977,97.91000366210938
07 Apr 1977,98.3499984741211
11 Apr 1977,98.87999725341797
12 Apr 1977,100.1500015258789
13 Apr 1977,100.16000366210938
14 Apr 1977,101.0
15 Apr 1977,101.04000091552734
18 Apr 1977,100.54000091552734
19 Apr 1977,100.06999969482422
20 Apr 1977,100.4000015258789
21 Apr 1977,99.75
22 Apr 1977,98.44000244140625
25 Apr 1977,97.1500015258789
26 Apr 1977,97.11000061035156
27 Apr 1977,97.95999908447266
28 Apr 1977,98.19999694824219
29 Apr 1977,98.44000244140625
02 May 1977,98.93000030517578
03 May 1977,99.43000030517578
04 May 1977,99.95999908447266
05 May 1977,100.11000061035156
06 May 1977,99.48999786376953
09 May 1977,99.18000030517578
10 May 1977,99.47000122070312
11 May 1977,98.77999877929688
12 May 1977,98.7300033569336
13 May 1977,99.02999877929688
16 May 1977,99.47000122070312
17 May 1977,99.7699966430664
18 May 1977,100.30000305175781
19 May 1977,99.87999725341797
20 May 1977,99.44999694824219
23 May 1977,98.1500015258789
24 May 1977,97.66999816894531
25 May 1977,96.7699966430664
26 May 1977,97.01000213623047
27 May 1977,96.2699966430664
31 May 1977,96.12000274658203
01 Jun 1977,96.93000030517578
02 Jun 1977,96.73999786376953
03 Jun 1977,97.69000244140625
06 Jun 1977,97.2300033569336
07 Jun 1977,97.7300033569336
08 Jun 1977,98.19999694824219
09 Jun 1977,98.13999938964844
10 Jun 1977,98.45999908447266
13 Jun 1977,98.73999786376953
14 Jun 1977,99.86000061035156
15 Jun 1977,99.61000061035156
16 Jun 1977,99.8499984741211
17 Jun 1977,99.97000122070312
20 Jun 1977,100.41999816894531
21 Jun 1977,100.73999786376953
22 Jun 1977,100.45999908447266
23 Jun 1977,100.62000274658203
24 Jun 1977,101.19000244140625
27 Jun 1977,100.9800033569336
28 Jun 1977,100.13999938964844
29 Jun 1977,100.11000061035156
30 Jun 1977,100.4800033569336
01 Jul 1977,100.0999984741211
05 Jul 1977,100.08999633789062
06 Jul 1977,99.58000183105469
07 Jul 1977,99.93000030517578
08 Jul 1977,99.79000091552734
11 Jul 1977,99.55000305175781
12 Jul 1977,99.44999694824219
13 Jul 1977,99.58999633789062
15 Jul 1977,100.18000030517578
18 Jul 1977,100.94999694824219
19 Jul 1977,101.79000091552734
20 Jul 1977,101.7300033569336
21 Jul 1977,101.58999633789062
22 Jul 1977,101.66999816894531
25 Jul 1977,100.8499984741211
26 Jul 1977,100.2699966430664
27 Jul 1977,98.63999938964844
28 Jul 1977,98.79000091552734
29 Jul 1977,98.8499984741211
01 Aug 1977,99.12000274658203
02 Aug 1977,98.5
03 Aug 1977,98.37000274658203
04 Aug 1977,98.73999786376953
05 Aug 1977,98.76000213623047
08 Aug 1977,97.98999786376953
09 Aug 1977,98.05000305175781
10 Aug 1977,98.91999816894531
11 Aug 1977,98.16000366210938
12 Aug 1977,97.87999725341797
15 Aug 1977,98.18000030517578
16 Aug 1977,97.7300033569336
17 Aug 1977,97.73999786376953
18 Aug 1977,97.68000030517578
19 Aug 1977,97.51000213623047
22 Aug 1977,97.79000091552734
23 Aug 1977,97.62000274658203
24 Aug 1977,97.2300033569336
25 Aug 1977,96.1500015258789
26 Aug 1977,96.05999755859375
29 Aug 1977,96.91999816894531
30 Aug 1977,96.37999725341797
31 Aug 1977,96.7699966430664
01 Sep 1977,96.83000183105469
02 Sep 1977,97.44999694824219
06 Sep 1977,97.70999908447266
07 Sep 1977,98.01000213623047
08 Sep 1977,97.27999877929688
09 Sep 1977,96.37000274658203
12 Sep 1977,96.02999877929688
13 Sep 1977,96.08999633789062
14 Sep 1977,96.55000305175781
15 Sep 1977,96.80000305175781
16 Sep 1977,96.4800033569336
19 Sep 1977,95.8499984741211
20 Sep 1977,95.88999938964844
21 Sep 1977,95.0999984741211
22 Sep 1977,95.08999633789062
23 Sep 1977,95.04000091552734
26 Sep 1977,95.37999725341797
27 Sep 1977,95.23999786376953
28 Sep 1977,95.30999755859375
29 Sep 1977,95.8499984741211
30 Sep 1977,96.52999877929688
03 Oct 1977,96.73999786376953
04 Oct 1977,96.02999877929688
05 Oct 1977,95.68000030517578
06 Oct 1977,96.05000305175781
07 Oct 1977,95.97000122070312
10 Oct 1977,95.75
11 Oct 1977,94.93000030517578
12 Oct 1977,94.04000091552734
13 Oct 1977,93.45999908447266
14 Oct 1977,93.55999755859375
17 Oct 1977,93.47000122070312
18 Oct 1977,93.45999908447266
19 Oct 1977,92.37999725341797
20 Oct 1977,92.66999816894531
21 Oct 1977,92.31999969482422
24 Oct 1977,91.62999725341797
25 Oct 1977,91.0
26 Oct 1977,92.0999984741211
27 Oct 1977,92.33999633789062
28 Oct 1977,92.61000061035156
31 Oct 1977,92.33999633789062
01 Nov 1977,91.3499984741211
02 Nov 1977,90.70999908447266
03 Nov 1977,90.76000213623047
04 Nov 1977,91.58000183105469
07 Nov 1977,92.29000091552734
08 Nov 1977,92.45999908447266
09 Nov 1977,92.9800033569336
10 Nov 1977,94.70999908447266
11 Nov 1977,95.9800033569336
14 Nov 1977,95.31999969482422
15 Nov 1977,95.93000030517578
16 Nov 1977,95.44999694824219
17 Nov 1977,95.16000366210938
18 Nov 1977,95.33000183105469
21 Nov 1977,95.25
22 Nov 1977,96.08999633789062
23 Nov 1977,96.48999786376953
25 Nov 1977,96.69000244140625
28 Nov 1977,96.04000091552734
29 Nov 1977,94.55000305175781
30 Nov 1977,94.83000183105469
01 Dec 1977,94.69000244140625
02 Dec 1977,94.66999816894531
05 Dec 1977,94.2699966430664
06 Dec 1977,92.83000183105469
07 Dec 1977,92.77999877929688
08 Dec 1977,92.95999908447266
09 Dec 1977,93.6500015258789
12 Dec 1977,93.62999725341797
13 Dec 1977,93.55999755859375
14 Dec 1977,94.02999877929688
15 Dec 1977,93.55000305175781
16 Dec 1977,93.4000015258789
19 Dec 1977,92.69000244140625
20 Dec 1977,92.5
21 Dec 1977,93.05000305175781
22 Dec 1977,93.80000305175781
23 Dec 1977,94.69000244140625
27 Dec 1977,94.69000244140625
28 Dec 1977,94.75
29 Dec 1977,94.94000244140625
30 Dec 1977,95.0999984741211
03 Jan 1978,93.81999969482422
04 Jan 1978,93.5199966430664
05 Jan 1978,92.73999786376953
06 Jan 1978,91.62000274658203
09 Jan 1978,90.63999938964844
10 Jan 1978,90.16999816894531
11 Jan 1978,89.73999786376953
12 Jan 1978,89.81999969482422
13 Jan 1978,89.69000244140625
16 Jan 1978,89.43000030517578
17 Jan 1978,89.87999725341797
18 Jan 1978,90.55999755859375
19 Jan 1978,90.08999633789062
20 Jan 1978,89.88999938964844
23 Jan 1978,89.23999786376953
24 Jan 1978,89.25
25 Jan 1978,89.38999938964844
26 Jan 1978,88.58000183105469
27 Jan 1978,88.58000183105469
30 Jan 1978,89.33999633789062
31 Jan 1978,89.25
01 Feb 1978,89.93000030517578
02 Feb 1978,90.12999725341797
03 Feb 1978,89.62000274658203
06 Feb 1978,89.5
07 Feb 1978,90.33000183105469
08 Feb 1978,90.83000183105469
09 Feb 1978,90.30000305175781
10 Feb 1978,90.08000183105469
13 Feb 1978,89.86000061035156
14 Feb 1978,89.04000091552734
15 Feb 1978,88.83000183105469
16 Feb 1978,88.08000183105469
17 Feb 1978,87.95999908447266
21 Feb 1978,87.58999633789062
22 Feb 1978,87.55999755859375
23 Feb 1978,87.63999938964844
24 Feb 1978,88.48999786376953
27 Feb 1978,87.72000122070312
28 Feb 1978,87.04000091552734
01 Mar 1978,87.19000244140625
02 Mar 1978,87.31999969482422
03 Mar 1978,87.44999694824219
06 Mar 1978,86.9000015258789
07 Mar 1978,87.36000061035156
08 Mar 1978,87.83999633789062
09 Mar 1978,87.88999938964844
10 Mar 1978,88.87999725341797
13 Mar 1978,88.94999694824219
14 Mar 1978,89.3499984741211
15 Mar 1978,89.12000274658203
16 Mar 1978,89.51000213623047
17 Mar 1978,90.19999694824219
20 Mar 1978,90.81999969482422
21 Mar 1978,89.79000091552734
22 Mar 1978,89.47000122070312
23 Mar 1978,89.36000061035156
27 Mar 1978,88.87000274658203
28 Mar 1978,89.5
29 Mar 1978,89.63999938964844
30 Mar 1978,89.41000366210938
31 Mar 1978,89.20999908447266
03 Apr 1978,88.45999908447266
04 Apr 1978,88.86000061035156
05 Apr 1978,89.63999938964844
06 Apr 1978,89.79000091552734
07 Apr 1978,90.16999816894531
10 Apr 1978,90.48999786376953
11 Apr 1978,90.25
12 Apr 1978,90.11000061035156
13 Apr 1978,90.9800033569336
14 Apr 1978,92.91999816894531
17 Apr 1978,94.44999694824219
18 Apr 1978,93.43000030517578
19 Apr 1978,93.86000061035156
20 Apr 1978,94.54000091552734
21 Apr 1978,94.33999633789062
24 Apr 1978,95.7699966430664
25 Apr 1978,96.63999938964844
26 Apr 1978,96.81999969482422
27 Apr 1978,95.86000061035156
28 Apr 1978,96.83000183105469
01 May 1978,97.66999816894531
02 May 1978,97.25
03 May 1978,96.26000213623047
04 May 1978,95.93000030517578
05 May 1978,96.52999877929688
08 May 1978,96.19000244140625
09 May 1978,95.9000015258789
10 May 1978,95.91999816894531
11 May 1978,97.19999694824219
12 May 1978,98.06999969482422
15 May 1978,98.76000213623047
16 May 1978,99.3499984741211
17 May 1978,99.5999984741211
18 May 1978,98.62000274658203
19 May 1978,98.12000274658203
22 May 1978,99.08999633789062
23 May 1978,98.05000305175781
24 May 1978,97.08000183105469
25 May 1978,96.80000305175781
26 May 1978,96.58000183105469
30 May 1978,96.86000061035156
31 May 1978,97.23999786376953
01 Jun 1978,97.3499984741211
02 Jun 1978,98.13999938964844
05 Jun 1978,99.94999694824219
06 Jun 1978,100.31999969482422
07 Jun 1978,100.12000274658203
08 Jun 1978,100.20999908447266
09 Jun 1978,99.93000030517578
12 Jun 1978,99.55000305175781
13 Jun 1978,99.56999969482422
14 Jun 1978,99.4800033569336
15 Jun 1978,98.33999633789062
16 Jun 1978,97.41999816894531
19 Jun 1978,97.48999786376953
20 Jun 1978,96.51000213623047
21 Jun 1978,96.01000213623047
22 Jun 1978,96.23999786376953
23 Jun 1978,95.8499984741211
26 Jun 1978,94.5999984741211
27 Jun 1978,94.9800033569336
28 Jun 1978,95.4000015258789
29 Jun 1978,95.56999969482422
30 Jun 1978,95.52999877929688
03 Jul 1978,95.08999633789062
05 Jul 1978,94.2699966430664
06 Jul 1978,94.31999969482422
07 Jul 1978,94.88999938964844
10 Jul 1978,95.2699966430664
11 Jul 1978,95.93000030517578
12 Jul 1978,96.23999786376953
13 Jul 1978,96.25
14 Jul 1978,97.58000183105469
17 Jul 1978,97.77999877929688
18 Jul 1978,96.87000274658203
19 Jul 1978,98.12000274658203
20 Jul 1978,98.02999877929688
21 Jul 1978,97.75
24 Jul 1978,97.72000122070312
25 Jul 1978,98.44000244140625
26 Jul 1978,99.08000183105469
27 Jul 1978,99.54000091552734
28 Jul 1978,100.0
31 Jul 1978,100.68000030517578
01 Aug 1978,100.66000366210938
02 Aug 1978,102.91999816894531
03 Aug 1978,103.51000213623047
04 Aug 1978,103.91999816894531
07 Aug 1978,103.55000305175781
08 Aug 1978,104.01000213623047
09 Aug 1978,104.5
10 Aug 1978,103.66000366210938
11 Aug 1978,103.95999908447266
14 Aug 1978,103.97000122070312
15 Aug 1978,103.8499984741211
16 Aug 1978,104.6500015258789
17 Aug 1978,105.08000183105469
18 Aug 1978,104.7300033569336
21 Aug 1978,103.88999938964844
22 Aug 1978,104.30999755859375
23 Aug 1978,104.91000366210938
24 Aug 1978,105.08000183105469
25 Aug 1978,104.9000015258789
28 Aug 1978,103.95999908447266
29 Aug 1978,103.38999938964844
30 Aug 1978,103.5
31 Aug 1978,103.29000091552734
01 Sep 1978,103.68000030517578
05 Sep 1978,104.48999786376953
06 Sep 1978,105.37999725341797
07 Sep 1978,105.41999816894531
08 Sep 1978,106.79000091552734
11 Sep 1978,106.9800033569336
12 Sep 1978,106.98999786376953
13 Sep 1978,106.33999633789062
14 Sep 1978,105.0999984741211
15 Sep 1978,104.12000274658203
18 Sep 1978,103.20999908447266
19 Sep 1978,102.52999877929688
20 Sep 1978,101.7300033569336
21 Sep 1978,101.9000015258789
22 Sep 1978,101.83999633789062
25 Sep 1978,101.86000061035156
26 Sep 1978,102.62000274658203
27 Sep 1978,101.66000366210938
28 Sep 1978,101.95999908447266
29 Sep 1978,102.54000091552734
02 Oct 1978,102.95999908447266
03 Oct 1978,102.5999984741211
04 Oct 1978,103.05999755859375
05 Oct 1978,103.2699966430664
06 Oct 1978,103.5199966430664
09 Oct 1978,104.58999633789062
10 Oct 1978,104.45999908447266
11 Oct 1978,105.38999938964844
12 Oct 1978,104.87999725341797
13 Oct 1978,104.66000366210938
16 Oct 1978,102.61000061035156
17 Oct 1978,101.26000213623047
18 Oct 1978,100.48999786376953
19 Oct 1978,99.33000183105469
20 Oct 1978,97.94999694824219
23 Oct 1978,98.18000030517578
24 Oct 1978,97.48999786376953
25 Oct 1978,97.30999755859375
26 Oct 1978,96.02999877929688
27 Oct 1978,94.58999633789062
30 Oct 1978,95.05999755859375
31 Oct 1978,93.1500015258789
01 Nov 1978,96.8499984741211
02 Nov 1978,95.61000061035156
03 Nov 1978,96.18000030517578
06 Nov 1978,95.19000244140625
07 Nov 1978,93.8499984741211
08 Nov 1978,94.44999694824219
09 Nov 1978,94.41999816894531
10 Nov 1978,94.7699966430664
13 Nov 1978,93.12999725341797
14 Nov 1978,92.48999786376953
15 Nov 1978,92.70999908447266
16 Nov 1978,93.70999908447266
17 Nov 1978,94.41999816894531
20 Nov 1978,95.25
21 Nov 1978,95.01000213623047
22 Nov 1978,95.4800033569336
24 Nov 1978,95.79000091552734
27 Nov 1978,95.98999786376953
28 Nov 1978,95.1500015258789
29 Nov 1978,93.75
30 Nov 1978,94.69999694824219
01 Dec 1978,96.27999877929688
04 Dec 1978,96.1500015258789
05 Dec 1978,97.44000244140625
06 Dec 1978,97.48999786376953
07 Dec 1978,97.08000183105469
08 Dec 1978,96.62999725341797
11 Dec 1978,97.11000061035156
12 Dec 1978,96.58999633789062
13 Dec 1978,96.05999755859375
14 Dec 1978,96.04000091552734
15 Dec 1978,95.33000183105469
18 Dec 1978,93.44000244140625
19 Dec 1978,94.23999786376953
20 Dec 1978,94.68000030517578
21 Dec 1978,94.70999908447266
22 Dec 1978,96.30999755859375
26 Dec 1978,97.5199966430664
27 Dec 1978,96.66000366210938
28 Dec 1978,96.27999877929688
29 Dec 1978,96.11000061035156
02 Jan 1979,96.7300033569336
03 Jan 1979,97.80000305175781
04 Jan 1979,98.58000183105469
05 Jan 1979,99.12999725341797
08 Jan 1979,98.80000305175781
09 Jan 1979,99.33000183105469
10 Jan 1979,98.7699966430664
11 Jan 1979,99.0999984741211
12 Jan 1979,99.93000030517578
15 Jan 1979,100.69000244140625
16 Jan 1979,99.45999908447266
17 Jan 1979,99.4800033569336
18 Jan 1979,99.72000122070312
19 Jan 1979,99.75
22 Jan 1979,99.9000015258789
23 Jan 1979,100.5999984741211
24 Jan 1979,100.16000366210938
25 Jan 1979,101.19000244140625
26 Jan 1979,101.86000061035156
29 Jan 1979,101.55000305175781
30 Jan 1979,101.05000305175781
31 Jan 1979,99.93000030517578
01 Feb 1979,99.95999908447266
02 Feb 1979,99.5
05 Feb 1979,98.08999633789062
06 Feb 1979,98.05000305175781
07 Feb 1979,97.16000366210938
08 Feb 1979,97.6500015258789
09 Feb 1979,97.87000274658203
12 Feb 1979,98.19999694824219
13 Feb 1979,98.93000030517578
14 Feb 1979,98.87000274658203
15 Feb 1979,98.7300033569336
16 Feb 1979,98.66999816894531
20 Feb 1979,99.41999816894531
21 Feb 1979,99.06999969482422
22 Feb 1979,98.33000183105469
23 Feb 1979,97.77999877929688
26 Feb 1979,97.66999816894531
27 Feb 1979,96.12999725341797
28 Feb 1979,96.27999877929688
01 Mar 1979,96.9000015258789
02 Mar 1979,96.97000122070312
05 Mar 1979,98.05999755859375
06 Mar 1979,97.87000274658203
07 Mar 1979,98.44000244140625
08 Mar 1979,99.58000183105469
09 Mar 1979,99.54000091552734
12 Mar 1979,99.66999816894531
13 Mar 1979,99.83999633789062
14 Mar 1979,99.70999908447266
15 Mar 1979,99.86000061035156
16 Mar 1979,100.69000244140625
19 Mar 1979,101.05999755859375
20 Mar 1979,100.5
21 Mar 1979,101.25
22 Mar 1979,101.66999816894531
23 Mar 1979,101.5999984741211
26 Mar 1979,101.04000091552734
27 Mar 1979,102.4800033569336
28 Mar 1979,102.12000274658203
29 Mar 1979,102.02999877929688
30 Mar 1979,101.58999633789062
02 Apr 1979,100.9000015258789
03 Apr 1979,102.4000015258789
04 Apr 1979,102.6500015258789
05 Apr 1979,103.26000213623047
06 Apr 1979,103.18000030517578
09 Apr 1979,102.87000274658203
10 Apr 1979,103.33999633789062
11 Apr 1979,102.30999755859375
12 Apr 1979,102.0
16 Apr 1979,101.12000274658203
17 Apr 1979,101.23999786376953
18 Apr 1979,101.69999694824219
19 Apr 1979,101.27999877929688
20 Apr 1979,101.2300033569336
23 Apr 1979,101.56999969482422
24 Apr 1979,102.19999694824219
25 Apr 1979,102.5
26 Apr 1979,102.01000213623047
27 Apr 1979,101.80000305175781
30 Apr 1979,101.76000213623047
01 May 1979,101.68000030517578
02 May 1979,101.72000122070312
03 May 1979,101.80999755859375
04 May 1979,100.69000244140625
07 May 1979,99.0199966430664
08 May 1979,99.16999816894531
09 May 1979,99.45999908447266
10 May 1979,98.5199966430664
11 May 1979,98.5199966430664
14 May 1979,98.05999755859375
15 May 1979,98.13999938964844
16 May 1979,98.41999816894531
17 May 1979,99.94000244140625
18 May 1979,99.93000030517578
21 May 1979,100.13999938964844
22 May 1979,100.51000213623047
23 May 1979,99.88999938964844
24 May 1979,99.93000030517578
25 May 1979,100.22000122070312
29 May 1979,100.05000305175781
30 May 1979,99.11000061035156
31 May 1979,99.08000183105469
01 Jun 1979,99.16999816894531
04 Jun 1979,99.31999969482422
05 Jun 1979,100.62000274658203
06 Jun 1979,101.30000305175781
07 Jun 1979,101.79000091552734
08 Jun 1979,101.48999786376953
11 Jun 1979,101.91000366210938
12 Jun 1979,102.8499984741211
13 Jun 1979,102.30999755859375
14 Jun 1979,102.19999694824219
15 Jun 1979,102.08999633789062
18 Jun 1979,101.55999755859375
19 Jun 1979,101.58000183105469
20 Jun 1979,101.62999725341797
21 Jun 1979,102.08999633789062
22 Jun 1979,102.63999938964844
25 Jun 1979,102.08999633789062
26 Jun 1979,101.66000366210938
27 Jun 1979,102.2699966430664
28 Jun 1979,102.80000305175781
29 Jun 1979,102.91000366210938
02 Jul 1979,101.98999786376953
03 Jul 1979,102.08999633789062
05 Jul 1979,102.43000030517578
06 Jul 1979,103.62000274658203
09 Jul 1979,104.47000122070312
10 Jul 1979,104.19999694824219
11 Jul 1979,103.63999938964844
12 Jul 1979,102.69000244140625
13 Jul 1979,102.31999969482422
16 Jul 1979,102.73999786376953
17 Jul 1979,101.83000183105469
18 Jul 1979,101.69000244140625
19 Jul 1979,101.61000061035156
20 Jul 1979,101.81999969482422
23 Jul 1979,101.58999633789062
24 Jul 1979,101.97000122070312
25 Jul 1979,103.08000183105469
26 Jul 1979,103.0999984741211
27 Jul 1979,103.0999984741211
30 Jul 1979,103.1500015258789
31 Jul 1979,103.80999755859375
01 Aug 1979,104.16999816894531
02 Aug 1979,104.0999984741211
03 Aug 1979,104.04000091552734
06 Aug 1979,104.30000305175781
07 Aug 1979,105.6500015258789
08 Aug 1979,105.9800033569336
09 Aug 1979,105.48999786376953
10 Aug 1979,106.4000015258789
13 Aug 1979,107.41999816894531
14 Aug 1979,107.5199966430664
15 Aug 1979,108.25
16 Aug 1979,108.08999633789062
17 Aug 1979,108.30000305175781
20 Aug 1979,108.83000183105469
21 Aug 1979,108.91000366210938
22 Aug 1979,108.98999786376953
23 Aug 1979,108.62999725341797
24 Aug 1979,108.5999984741211
27 Aug 1979,109.13999938964844
28 Aug 1979,109.0199966430664
29 Aug 1979,109.0199966430664
30 Aug 1979,109.0199966430664
31 Aug 1979,109.31999969482422
04 Sep 1979,107.44000244140625
05 Sep 1979,106.4000015258789
06 Sep 1979,106.8499984741211
07 Sep 1979,107.66000366210938
10 Sep 1979,108.16999816894531
11 Sep 1979,107.51000213623047
12 Sep 1979,107.81999969482422
13 Sep 1979,107.8499984741211
14 Sep 1979,108.76000213623047
17 Sep 1979,108.83999633789062
18 Sep 1979,108.0
19 Sep 1979,108.27999877929688
20 Sep 1979,110.51000213623047
21 Sep 1979,110.47000122070312
24 Sep 1979,109.61000061035156
25 Sep 1979,109.68000030517578
26 Sep 1979,109.95999908447266
27 Sep 1979,110.20999908447266
28 Sep 1979,109.31999969482422
01 Oct 1979,108.55999755859375
02 Oct 1979,109.58999633789062
03 Oct 1979,109.58999633789062
04 Oct 1979,110.16999816894531
05 Oct 1979,111.2699966430664
08 Oct 1979,109.87999725341797
09 Oct 1979,106.62999725341797
10 Oct 1979,105.30000305175781
11 Oct 1979,105.05000305175781
12 Oct 1979,104.48999786376953
15 Oct 1979,103.36000061035156
16 Oct 1979,103.19000244140625
17 Oct 1979,103.38999938964844
18 Oct 1979,103.61000061035156
19 Oct 1979,101.5999984741211
22 Oct 1979,100.70999908447266
23 Oct 1979,100.27999877929688
24 Oct 1979,100.44000244140625
25 Oct 1979,100.0
26 Oct 1979,100.56999969482422
29 Oct 1979,100.70999908447266
30 Oct 1979,102.66999816894531
31 Oct 1979,101.81999969482422
01 Nov 1979,102.56999969482422
02 Nov 1979,102.51000213623047
05 Nov 1979,101.81999969482422
06 Nov 1979,101.19999694824219
07 Nov 1979,99.87000274658203
08 Nov 1979,100.30000305175781
09 Nov 1979,101.51000213623047
12 Nov 1979,103.51000213623047
13 Nov 1979,102.94000244140625
14 Nov 1979,103.38999938964844
15 Nov 1979,104.12999725341797
16 Nov 1979,103.79000091552734
19 Nov 1979,104.2300033569336
20 Nov 1979,103.69000244140625
21 Nov 1979,103.88999938964844
23 Nov 1979,104.66999816894531
26 Nov 1979,106.80000305175781
27 Nov 1979,106.37999725341797
28 Nov 1979,106.7699966430664
29 Nov 1979,106.80999755859375
30 Nov 1979,106.16000366210938
03 Dec 1979,105.83000183105469
04 Dec 1979,106.79000091552734
05 Dec 1979,107.25
06 Dec 1979,108.0
07 Dec 1979,107.5199966430664
10 Dec 1979,107.66999816894531
11 Dec 1979,107.48999786376953
12 Dec 1979,107.5199966430664
13 Dec 1979,107.66999816894531
14 Dec 1979,108.91999816894531
17 Dec 1979,109.33000183105469
18 Dec 1979,108.30000305175781
19 Dec 1979,108.19999694824219
20 Dec 1979,108.26000213623047
21 Dec 1979,107.58999633789062
24 Dec 1979,107.66000366210938
26 Dec 1979,107.77999877929688
27 Dec 1979,107.95999908447266
28 Dec 1979,107.83999633789062
31 Dec 1979,107.94000244140625
02 Jan 1980,105.76000213623047
03 Jan 1980,105.22000122070312
04 Jan 1980,106.5199966430664
07 Jan 1980,106.80999755859375
08 Jan 1980,108.94999694824219
09 Jan 1980,109.05000305175781
10 Jan 1980,109.88999938964844
11 Jan 1980,109.91999816894531
14 Jan 1980,110.37999725341797
15 Jan 1980,111.13999938964844
16 Jan 1980,111.05000305175781
17 Jan 1980,110.69999694824219
18 Jan 1980,111.06999969482422
21 Jan 1980,112.0999984741211
22 Jan 1980,111.51000213623047
23 Jan 1980,113.44000244140625
24 Jan 1980,113.69999694824219
25 Jan 1980,113.61000061035156
28 Jan 1980,114.8499984741211
29 Jan 1980,114.06999969482422
30 Jan 1980,115.19999694824219
31 Jan 1980,114.16000366210938
01 Feb 1980,115.12000274658203
04 Feb 1980,114.37000274658203
05 Feb 1980,114.66000366210938
06 Feb 1980,115.72000122070312
07 Feb 1980,116.27999877929688
08 Feb 1980,117.94999694824219
11 Feb 1980,117.12000274658203
12 Feb 1980,117.9000015258789
13 Feb 1980,118.44000244140625
14 Feb 1980,116.72000122070312
15 Feb 1980,115.41000366210938
19 Feb 1980,114.5999984741211
20 Feb 1980,116.47000122070312
21 Feb 1980,115.27999877929688
22 Feb 1980,115.04000091552734
25 Feb 1980,113.33000183105469
26 Feb 1980,113.9800033569336
27 Feb 1980,112.37999725341797
28 Feb 1980,112.3499984741211
29 Feb 1980,113.66000366210938
03 Mar 1980,112.5
04 Mar 1980,112.77999877929688
05 Mar 1980,111.12999725341797
06 Mar 1980,108.6500015258789
07 Mar 1980,106.9000015258789
10 Mar 1980,106.51000213623047
11 Mar 1980,107.77999877929688
12 Mar 1980,106.87000274658203
13 Mar 1980,105.62000274658203
14 Mar 1980,105.43000030517578
17 Mar 1980,102.26000213623047
18 Mar 1980,104.0999984741211
19 Mar 1980,104.30999755859375
20 Mar 1980,103.12000274658203
21 Mar 1980,102.30999755859375
24 Mar 1980,99.27999877929688
25 Mar 1980,99.19000244140625
26 Mar 1980,98.68000030517578
27 Mar 1980,98.22000122070312
28 Mar 1980,100.68000030517578
31 Mar 1980,102.08999633789062
01 Apr 1980,102.18000030517578
02 Apr 1980,102.68000030517578
03 Apr 1980,102.1500015258789
07 Apr 1980,100.19000244140625
08 Apr 1980,101.19999694824219
09 Apr 1980,103.11000061035156
10 Apr 1980,104.08000183105469
11 Apr 1980,103.79000091552734
14 Apr 1980,102.83999633789062
15 Apr 1980,102.62999725341797
16 Apr 1980,101.54000091552734
17 Apr 1980,101.05000305175781
18 Apr 1980,100.55000305175781
21 Apr 1980,99.80000305175781
22 Apr 1980,103.43000030517578
23 Apr 1980,103.7300033569336
24 Apr 1980,104.4000015258789
25 Apr 1980,105.16000366210938
28 Apr 1980,105.63999938964844
29 Apr 1980,105.86000061035156
30 Apr 1980,106.29000091552734
01 May 1980,105.45999908447266
02 May 1980,105.58000183105469
05 May 1980,106.37999725341797
06 May 1980,106.25
07 May 1980,107.18000030517578
08 May 1980,106.12999725341797
09 May 1980,104.72000122070312
12 May 1980,104.77999877929688
13 May 1980,106.30000305175781
14 May 1980,106.8499984741211
15 May 1980,106.98999786376953
16 May 1980,107.3499984741211
19 May 1980,107.66999816894531
20 May 1980,107.62000274658203
21 May 1980,107.72000122070312
22 May 1980,109.01000213623047
23 May 1980,110.62000274658203
27 May 1980,111.4000015258789
28 May 1980,112.05999755859375
29 May 1980,110.2699966430664
30 May 1980,111.23999786376953
02 Jun 1980,110.76000213623047
03 Jun 1980,110.51000213623047
04 Jun 1980,112.61000061035156
05 Jun 1980,112.77999877929688
06 Jun 1980,113.19999694824219
09 Jun 1980,113.70999908447266
10 Jun 1980,114.66000366210938
11 Jun 1980,116.0199966430664
12 Jun 1980,115.5199966430664
13 Jun 1980,115.80999755859375
16 Jun 1980,116.08999633789062
17 Jun 1980,116.02999877929688
18 Jun 1980,116.26000213623047
19 Jun 1980,114.66000366210938
20 Jun 1980,114.05999755859375
23 Jun 1980,114.51000213623047
24 Jun 1980,115.13999938964844
25 Jun 1980,116.72000122070312
26 Jun 1980,116.19000244140625
27 Jun 1980,116.0
30 Jun 1980,114.23999786376953
01 Jul 1980,114.93000030517578
02 Jul 1980,115.68000030517578
03 Jul 1980,117.45999908447266
07 Jul 1980,118.29000091552734
08 Jul 1980,117.83999633789062
09 Jul 1980,117.9800033569336
10 Jul 1980,116.94999694824219
11 Jul 1980,117.83999633789062
14 Jul 1980,120.01000213623047
15 Jul 1980,119.30000305175781
16 Jul 1980,119.62999725341797
17 Jul 1980,121.44000244140625
18 Jul 1980,122.04000091552734
21 Jul 1980,122.51000213623047
22 Jul 1980,122.19000244140625
23 Jul 1980,121.93000030517578
24 Jul 1980,121.79000091552734
25 Jul 1980,120.77999877929688
28 Jul 1980,121.43000030517578
29 Jul 1980,122.4000015258789
30 Jul 1980,122.2300033569336
31 Jul 1980,121.66999816894531
01 Aug 1980,121.20999908447266
04 Aug 1980,120.9800033569336
05 Aug 1980,120.73999786376953
06 Aug 1980,121.55000305175781
07 Aug 1980,123.30000305175781
08 Aug 1980,123.61000061035156
11 Aug 1980,124.77999877929688
12 Aug 1980,123.79000091552734
13 Aug 1980,123.27999877929688
14 Aug 1980,125.25
15 Aug 1980,125.72000122070312
18 Aug 1980,123.38999938964844
19 Aug 1980,122.5999984741211
20 Aug 1980,123.7699966430664
21 Aug 1980,125.45999908447266
22 Aug 1980,126.0199966430664
25 Aug 1980,125.16000366210938
26 Aug 1980,124.83999633789062
27 Aug 1980,123.5199966430664
28 Aug 1980,122.08000183105469
29 Aug 1980,122.37999725341797
02 Sep 1980,123.73999786376953
03 Sep 1980,126.12000274658203
04 Sep 1980,125.41999816894531
05 Sep 1980,124.87999725341797
08 Sep 1980,123.30999755859375
09 Sep 1980,124.06999969482422
10 Sep 1980,124.80999755859375
11 Sep 1980,125.66000366210938
12 Sep 1980,125.54000091552734
15 Sep 1980,125.66999816894531
16 Sep 1980,126.73999786376953
17 Sep 1980,128.8699951171875
18 Sep 1980,128.39999389648438
19 Sep 1980,129.25
22 Sep 1980,130.39999389648438
23 Sep 1980,129.42999267578125
24 Sep 1980,130.3699951171875
25 Sep 1980,128.72000122070312
26 Sep 1980,126.3499984741211
29 Sep 1980,123.54000091552734
30 Sep 1980,125.45999908447266
01 Oct 1980,127.12999725341797
02 Oct 1980,128.08999633789062
03 Oct 1980,129.3300018310547
06 Oct 1980,131.72999572753906
07 Oct 1980,131.0
08 Oct 1980,131.64999389648438
09 Oct 1980,131.0399932861328
10 Oct 1980,130.2899932861328
13 Oct 1980,132.02999877929688
14 Oct 1980,132.02000427246094
15 Oct 1980,133.6999969482422
16 Oct 1980,132.22000122070312
17 Oct 1980,131.52000427246094
20 Oct 1980,132.61000061035156
21 Oct 1980,131.83999633789062
22 Oct 1980,131.9199981689453
23 Oct 1980,129.52999877929688
24 Oct 1980,129.85000610351562
27 Oct 1980,127.87999725341797
28 Oct 1980,128.0500030517578
29 Oct 1980,127.91000366210938
30 Oct 1980,126.29000091552734
31 Oct 1980,127.47000122070312
03 Nov 1980,129.0399932861328
05 Nov 1980,131.3300018310547
06 Nov 1980,128.91000366210938
07 Nov 1980,129.17999267578125
10 Nov 1980,129.47999572753906
11 Nov 1980,131.25999450683594
12 Nov 1980,134.58999633789062
13 Nov 1980,136.49000549316406
14 Nov 1980,137.14999389648438
17 Nov 1980,137.75
18 Nov 1980,139.6999969482422
19 Nov 1980,139.05999755859375
20 Nov 1980,140.39999389648438
21 Nov 1980,139.11000061035156
24 Nov 1980,138.30999755859375
25 Nov 1980,139.3300018310547
26 Nov 1980,140.1699981689453
28 Nov 1980,140.52000427246094
01 Dec 1980,137.2100067138672
02 Dec 1980,136.97000122070312
03 Dec 1980,136.7100067138672
04 Dec 1980,136.47999572753906
05 Dec 1980,134.02999877929688
08 Dec 1980,130.61000061035156
09 Dec 1980,130.47999572753906
10 Dec 1980,128.25999450683594
11 Dec 1980,127.36000061035156
12 Dec 1980,129.22999572753906
15 Dec 1980,129.4499969482422
16 Dec 1980,130.60000610351562
17 Dec 1980,132.88999938964844
18 Dec 1980,133.0
19 Dec 1980,133.6999969482422
22 Dec 1980,135.77999877929688
23 Dec 1980,135.3000030517578
24 Dec 1980,135.8800048828125
26 Dec 1980,136.57000732421875
29 Dec 1980,135.02999877929688
30 Dec 1980,135.3300018310547
31 Dec 1980,135.75999450683594
02 Jan 1981,136.33999633789062
05 Jan 1981,137.97000122070312
06 Jan 1981,138.1199951171875
07 Jan 1981,135.0800018310547
08 Jan 1981,133.05999755859375
09 Jan 1981,133.47999572753906
12 Jan 1981,133.52000427246094
13 Jan 1981,133.2899932861328
14 Jan 1981,133.47000122070312
15 Jan 1981,134.22000122070312
16 Jan 1981,134.77000427246094
19 Jan 1981,134.3699951171875
20 Jan 1981,131.64999389648438
21 Jan 1981,131.36000061035156
22 Jan 1981,130.25999450683594
23 Jan 1981,130.22999572753906
26 Jan 1981,129.83999633789062
27 Jan 1981,131.1199951171875
28 Jan 1981,130.33999633789062
29 Jan 1981,130.24000549316406
30 Jan 1981,129.5500030517578
02 Feb 1981,126.91000366210938
03 Feb 1981,128.4600067138672
04 Feb 1981,128.58999633789062
05 Feb 1981,129.6300048828125
06 Feb 1981,130.60000610351562
09 Feb 1981,129.27000427246094
10 Feb 1981,129.24000549316406
11 Feb 1981,128.24000549316406
12 Feb 1981,127.4800033569336
13 Feb 1981,126.9800033569336
17 Feb 1981,127.80999755859375
18 Feb 1981,128.47999572753906
19 Feb 1981,126.61000061035156
20 Feb 1981,126.58000183105469
23 Feb 1981,127.3499984741211
24 Feb 1981,127.38999938964844
25 Feb 1981,128.52000427246094
26 Feb 1981,130.10000610351562
27 Feb 1981,131.27000427246094
02 Mar 1981,132.00999450683594
03 Mar 1981,130.55999755859375
04 Mar 1981,130.86000061035156
05 Mar 1981,129.92999267578125
06 Mar 1981,129.85000610351562
09 Mar 1981,131.1199951171875
10 Mar 1981,130.4600067138672
11 Mar 1981,129.9499969482422
12 Mar 1981,133.19000244140625
13 Mar 1981,133.11000061035156
16 Mar 1981,134.67999267578125
17 Mar 1981,133.9199981689453
18 Mar 1981,134.22000122070312
19 Mar 1981,133.4600067138672
20 Mar 1981,134.0800018310547
23 Mar 1981,135.69000244140625
24 Mar 1981,134.6699981689453
25 Mar 1981,137.11000061035156
26 Mar 1981,136.27000427246094
27 Mar 1981,134.64999389648438
30 Mar 1981,134.27999877929688
31 Mar 1981,136.0
01 Apr 1981,136.57000732421875
02 Apr 1981,136.32000732421875
03 Apr 1981,135.49000549316406
06 Apr 1981,133.92999267578125
07 Apr 1981,133.91000366210938
08 Apr 1981,134.30999755859375
09 Apr 1981,134.6699981689453
10 Apr 1981,134.50999450683594
13 Apr 1981,133.14999389648438
14 Apr 1981,132.67999267578125
15 Apr 1981,134.1699981689453
16 Apr 1981,134.6999969482422
20 Apr 1981,135.4499969482422
21 Apr 1981,134.22999572753906
22 Apr 1981,134.13999938964844
23 Apr 1981,133.94000244140625
24 Apr 1981,135.13999938964844
27 Apr 1981,135.47999572753906
28 Apr 1981,134.3300018310547
29 Apr 1981,133.0500030517578
30 Apr 1981,132.80999755859375
01 May 1981,132.72000122070312
04 May 1981,130.6699981689453
05 May 1981,130.32000732421875
06 May 1981,130.77999877929688
07 May 1981,131.6699981689453
08 May 1981,131.66000366210938
11 May 1981,129.7100067138672
12 May 1981,130.72000122070312
13 May 1981,130.5500030517578
14 May 1981,131.27999877929688
15 May 1981,132.1699981689453
18 May 1981,132.5399932861328
19 May 1981,132.08999633789062
20 May 1981,132.0
21 May 1981,131.75
22 May 1981,131.3300018310547
26 May 1981,132.77000427246094
27 May 1981,133.77000427246094
28 May 1981,133.4499969482422
29 May 1981,132.58999633789062
01 Jun 1981,132.41000366210938
02 Jun 1981,130.6199951171875
03 Jun 1981,130.7100067138672
04 Jun 1981,130.9600067138672
05 Jun 1981,132.22000122070312
08 Jun 1981,132.24000549316406
09 Jun 1981,131.97000122070312
10 Jun 1981,132.32000732421875
11 Jun 1981,133.75
12 Jun 1981,133.49000549316406
15 Jun 1981,133.61000061035156
16 Jun 1981,132.14999389648438
17 Jun 1981,133.32000732421875
18 Jun 1981,131.63999938964844
19 Jun 1981,132.27000427246094
22 Jun 1981,131.9499969482422
23 Jun 1981,133.35000610351562
24 Jun 1981,132.66000366210938
25 Jun 1981,132.80999755859375
26 Jun 1981,132.55999755859375
29 Jun 1981,131.88999938964844
30 Jun 1981,131.2100067138672
01 Jul 1981,129.77000427246094
02 Jul 1981,128.63999938964844
06 Jul 1981,127.37000274658203
07 Jul 1981,128.24000549316406
08 Jul 1981,128.32000732421875
09 Jul 1981,129.3000030517578
10 Jul 1981,129.3699951171875
13 Jul 1981,129.63999938964844
14 Jul 1981,129.64999389648438
15 Jul 1981,130.22999572753906
16 Jul 1981,130.33999633789062
17 Jul 1981,130.75999450683594
20 Jul 1981,128.72000122070312
21 Jul 1981,128.33999633789062
22 Jul 1981,127.12999725341797
23 Jul 1981,127.4000015258789
24 Jul 1981,128.4600067138672
27 Jul 1981,129.89999389648438
28 Jul 1981,129.13999938964844
29 Jul 1981,129.16000366210938
30 Jul 1981,130.00999450683594
31 Jul 1981,130.9199981689453
03 Aug 1981,130.47999572753906
04 Aug 1981,131.17999267578125
05 Aug 1981,132.6699981689453
06 Aug 1981,132.63999938964844
07 Aug 1981,131.75
10 Aug 1981,132.5399932861328
11 Aug 1981,133.85000610351562
12 Aug 1981,133.39999389648438
13 Aug 1981,133.50999450683594
14 Aug 1981,132.49000549316406
17 Aug 1981,131.22000122070312
18 Aug 1981,130.11000061035156
19 Aug 1981,130.49000549316406
20 Aug 1981,130.69000244140625
21 Aug 1981,129.22999572753906
24 Aug 1981,125.5
25 Aug 1981,125.12999725341797
26 Aug 1981,124.95999908447266
27 Aug 1981,123.51000213623047
28 Aug 1981,124.08000183105469
31 Aug 1981,122.79000091552734
01 Sep 1981,123.0199966430664
02 Sep 1981,123.48999786376953
03 Sep 1981,121.23999786376953
04 Sep 1981,120.06999969482422
08 Sep 1981,117.9800033569336
09 Sep 1981,118.4000015258789
10 Sep 1981,120.13999938964844
11 Sep 1981,121.61000061035156
14 Sep 1981,120.66000366210938
15 Sep 1981,119.7699966430664
16 Sep 1981,118.87000274658203
17 Sep 1981,117.1500015258789
18 Sep 1981,116.26000213623047
21 Sep 1981,117.23999786376953
22 Sep 1981,116.68000030517578
23 Sep 1981,115.6500015258789
24 Sep 1981,115.01000213623047
25 Sep 1981,112.7699966430664
28 Sep 1981,115.52999877929688
29 Sep 1981,115.94000244140625
30 Sep 1981,116.18000030517578
01 Oct 1981,117.08000183105469
02 Oct 1981,119.36000061035156
05 Oct 1981,119.51000213623047
06 Oct 1981,119.38999938964844
07 Oct 1981,121.30999755859375
08 Oct 1981,122.30999755859375
09 Oct 1981,121.44999694824219
12 Oct 1981,121.20999908447266
13 Oct 1981,120.77999877929688
14 Oct 1981,118.80000305175781
15 Oct 1981,119.70999908447266
16 Oct 1981,119.19000244140625
19 Oct 1981,118.9800033569336
20 Oct 1981,120.27999877929688
21 Oct 1981,120.0999984741211
22 Oct 1981,119.63999938964844
23 Oct 1981,118.5999984741211
26 Oct 1981,118.16000366210938
27 Oct 1981,119.29000091552734
28 Oct 1981,119.44999694824219
29 Oct 1981,119.05999755859375
30 Oct 1981,121.88999938964844
02 Nov 1981,124.19999694824219
03 Nov 1981,124.80000305175781
04 Nov 1981,124.73999786376953
05 Nov 1981,123.54000091552734
06 Nov 1981,122.66999816894531
09 Nov 1981,123.29000091552734
10 Nov 1981,122.69999694824219
11 Nov 1981,122.91999816894531
12 Nov 1981,123.19000244140625
13 Nov 1981,121.66999816894531
16 Nov 1981,120.23999786376953
17 Nov 1981,121.1500015258789
18 Nov 1981,120.26000213623047
19 Nov 1981,120.70999908447266
20 Nov 1981,121.70999908447266
23 Nov 1981,121.5999984741211
24 Nov 1981,123.51000213623047
25 Nov 1981,124.05000305175781
27 Nov 1981,125.08999633789062
30 Nov 1981,126.3499984741211
01 Dec 1981,126.0999984741211
02 Dec 1981,124.69000244140625
03 Dec 1981,125.12000274658203
04 Dec 1981,126.26000213623047
07 Dec 1981,125.19000244140625
08 Dec 1981,124.81999969482422
09 Dec 1981,125.4800033569336
10 Dec 1981,125.70999908447266
11 Dec 1981,124.93000030517578
14 Dec 1981,122.77999877929688
15 Dec 1981,122.98999786376953
16 Dec 1981,122.41999816894531
17 Dec 1981,123.12000274658203
18 Dec 1981,124.0
21 Dec 1981,123.33999633789062
22 Dec 1981,122.87999725341797
23 Dec 1981,122.30999755859375
24 Dec 1981,122.54000091552734
28 Dec 1981,122.2699966430664
29 Dec 1981,121.66999816894531
30 Dec 1981,122.30000305175781
31 Dec 1981,122.55000305175781
04 Jan 1982,122.73999786376953
05 Jan 1982,120.05000305175781
06 Jan 1982,119.18000030517578
07 Jan 1982,118.93000030517578
08 Jan 1982,119.55000305175781
11 Jan 1982,116.77999877929688
12 Jan 1982,116.30000305175781
13 Jan 1982,114.87999725341797
14 Jan 1982,115.54000091552734
15 Jan 1982,116.33000183105469
18 Jan 1982,117.22000122070312
19 Jan 1982,115.97000122070312
20 Jan 1982,115.2699966430664
21 Jan 1982,115.75
22 Jan 1982,115.37999725341797
25 Jan 1982,115.41000366210938
26 Jan 1982,115.19000244140625
27 Jan 1982,115.73999786376953
28 Jan 1982,118.91999816894531
29 Jan 1982,120.4000015258789
01 Feb 1982,117.77999877929688
02 Feb 1982,118.01000213623047
03 Feb 1982,116.4800033569336
04 Feb 1982,116.41999816894531
05 Feb 1982,117.26000213623047
08 Feb 1982,114.62999725341797
09 Feb 1982,113.68000030517578
10 Feb 1982,114.66000366210938
11 Feb 1982,114.43000030517578
12 Feb 1982,114.37999725341797
16 Feb 1982,114.05999755859375
17 Feb 1982,113.69000244140625
18 Feb 1982,113.81999969482422
19 Feb 1982,113.22000122070312
22 Feb 1982,111.58999633789062
23 Feb 1982,111.51000213623047
24 Feb 1982,113.47000122070312
25 Feb 1982,113.20999908447266
26 Feb 1982,113.11000061035156
01 Mar 1982,113.30999755859375
02 Mar 1982,112.68000030517578
03 Mar 1982,110.91999816894531
04 Mar 1982,109.87999725341797
05 Mar 1982,109.33999633789062
08 Mar 1982,107.33999633789062
09 Mar 1982,108.83000183105469
10 Mar 1982,109.41000366210938
11 Mar 1982,109.36000061035156
12 Mar 1982,108.61000061035156
15 Mar 1982,109.44999694824219
16 Mar 1982,109.27999877929688
17 Mar 1982,109.08000183105469
18 Mar 1982,110.30000305175781
19 Mar 1982,110.61000061035156
22 Mar 1982,112.7699966430664
23 Mar 1982,113.55000305175781
24 Mar 1982,112.97000122070312
25 Mar 1982,113.20999908447266
26 Mar 1982,111.94000244140625
29 Mar 1982,112.30000305175781
30 Mar 1982,112.2699966430664
31 Mar 1982,111.95999908447266
01 Apr 1982,113.79000091552734
02 Apr 1982,115.12000274658203
05 Apr 1982,114.7300033569336
06 Apr 1982,115.36000061035156
07 Apr 1982,115.45999908447266
08 Apr 1982,116.22000122070312
12 Apr 1982,116.0
13 Apr 1982,115.98999786376953
14 Apr 1982,115.83000183105469
15 Apr 1982,116.3499984741211
16 Apr 1982,116.80999755859375
19 Apr 1982,116.69999694824219
20 Apr 1982,115.44000244140625
21 Apr 1982,115.72000122070312
22 Apr 1982,117.19000244140625
23 Apr 1982,118.63999938964844
26 Apr 1982,119.26000213623047
27 Apr 1982,118.0
28 Apr 1982,117.26000213623047
29 Apr 1982,116.13999938964844
30 Apr 1982,116.44000244140625
03 May 1982,116.81999969482422
04 May 1982,117.45999908447266
05 May 1982,117.66999816894531
06 May 1982,118.68000030517578
07 May 1982,119.47000122070312
10 May 1982,118.37999725341797
11 May 1982,119.41999816894531
12 May 1982,119.16999816894531
13 May 1982,118.22000122070312
14 May 1982,118.01000213623047
17 May 1982,116.70999908447266
18 May 1982,115.83999633789062
19 May 1982,114.88999938964844
20 May 1982,114.58999633789062
21 May 1982,114.88999938964844
24 May 1982,114.79000091552734
25 May 1982,114.4000015258789
26 May 1982,113.11000061035156
27 May 1982,112.66000366210938
28 May 1982,111.87999725341797
01 Jun 1982,111.68000030517578
02 Jun 1982,112.04000091552734
03 Jun 1982,111.86000061035156
04 Jun 1982,110.08999633789062
07 Jun 1982,110.12000274658203
08 Jun 1982,109.62999725341797
09 Jun 1982,108.98999786376953
10 Jun 1982,109.61000061035156
11 Jun 1982,111.23999786376953
14 Jun 1982,109.95999908447266
15 Jun 1982,109.69000244140625
16 Jun 1982,108.87000274658203
17 Jun 1982,107.5999984741211
18 Jun 1982,107.27999877929688
21 Jun 1982,107.19999694824219
22 Jun 1982,108.30000305175781
23 Jun 1982,110.13999938964844
24 Jun 1982,109.83000183105469
25 Jun 1982,109.13999938964844
28 Jun 1982,110.26000213623047
29 Jun 1982,110.20999908447266
30 Jun 1982,109.61000061035156
01 Jul 1982,108.70999908447266
02 Jul 1982,107.6500015258789
06 Jul 1982,107.29000091552734
07 Jul 1982,107.22000122070312
08 Jul 1982,107.52999877929688
09 Jul 1982,108.83000183105469
12 Jul 1982,109.56999969482422
13 Jul 1982,109.44999694824219
14 Jul 1982,110.44000244140625
15 Jul 1982,110.47000122070312
16 Jul 1982,111.06999969482422
19 Jul 1982,110.7300033569336
20 Jul 1982,111.54000091552734
21 Jul 1982,111.41999816894531
22 Jul 1982,111.4800033569336
23 Jul 1982,111.16999816894531
26 Jul 1982,110.36000061035156
27 Jul 1982,109.43000030517578
28 Jul 1982,107.73999786376953
29 Jul 1982,107.72000122070312
30 Jul 1982,107.08999633789062
02 Aug 1982,108.9800033569336
03 Aug 1982,107.83000183105469
04 Aug 1982,106.13999938964844
05 Aug 1982,105.16000366210938
06 Aug 1982,103.70999908447266
09 Aug 1982,103.08000183105469
10 Aug 1982,102.83999633789062
11 Aug 1982,102.5999984741211
12 Aug 1982,102.41999816894531
13 Aug 1982,103.8499984741211
16 Aug 1982,104.08999633789062
17 Aug 1982,109.04000091552734
18 Aug 1982,108.54000091552734
19 Aug 1982,109.16000366210938
20 Aug 1982,113.0199966430664
23 Aug 1982,116.11000061035156
24 Aug 1982,115.3499984741211
25 Aug 1982,117.58000183105469
26 Aug 1982,118.55000305175781
27 Aug 1982,117.11000061035156
30 Aug 1982,117.66000366210938
31 Aug 1982,119.51000213623047
01 Sep 1982,118.25
02 Sep 1982,120.29000091552734
03 Sep 1982,122.68000030517578
07 Sep 1982,121.37000274658203
08 Sep 1982,122.19999694824219
09 Sep 1982,121.97000122070312
10 Sep 1982,120.97000122070312
13 Sep 1982,122.23999786376953
14 Sep 1982,123.0999984741211
15 Sep 1982,124.29000091552734
16 Sep 1982,123.7699966430664
17 Sep 1982,122.55000305175781
20 Sep 1982,122.51000213623047
21 Sep 1982,124.87999725341797
22 Sep 1982,123.98999786376953
23 Sep 1982,123.80999755859375
24 Sep 1982,123.31999969482422
27 Sep 1982,123.62000274658203
28 Sep 1982,123.23999786376953
29 Sep 1982,121.62999725341797
30 Sep 1982,120.41999816894531
01 Oct 1982,121.97000122070312
04 Oct 1982,121.51000213623047
05 Oct 1982,121.9800033569336
06 Oct 1982,125.97000122070312
07 Oct 1982,128.8000030517578
08 Oct 1982,131.0500030517578
11 Oct 1982,134.47000122070312
12 Oct 1982,134.44000244140625
13 Oct 1982,136.7100067138672
14 Oct 1982,134.57000732421875
15 Oct 1982,133.57000732421875
18 Oct 1982,136.72999572753906
19 Oct 1982,136.5800018310547
20 Oct 1982,139.22999572753906
21 Oct 1982,139.05999755859375
22 Oct 1982,138.8300018310547
25 Oct 1982,133.32000732421875
26 Oct 1982,134.47999572753906
27 Oct 1982,135.2899932861328
28 Oct 1982,133.58999633789062
29 Oct 1982,133.72000122070312
01 Nov 1982,135.47000122070312
02 Nov 1982,137.49000549316406
03 Nov 1982,142.8699951171875
04 Nov 1982,141.85000610351562
05 Nov 1982,142.16000366210938
08 Nov 1982,140.44000244140625
09 Nov 1982,143.02000427246094
10 Nov 1982,141.16000366210938
11 Nov 1982,141.75
12 Nov 1982,139.52999877929688
15 Nov 1982,137.02999877929688
16 Nov 1982,135.4199981689453
17 Nov 1982,137.92999267578125
18 Nov 1982,138.33999633789062
19 Nov 1982,137.02000427246094
22 Nov 1982,134.22000122070312
23 Nov 1982,132.92999267578125
24 Nov 1982,133.8800048828125
26 Nov 1982,134.8800048828125
29 Nov 1982,134.1999969482422
30 Nov 1982,138.52999877929688
01 Dec 1982,138.72000122070312
02 Dec 1982,138.82000732421875
03 Dec 1982,138.69000244140625
06 Dec 1982,141.77000427246094
07 Dec 1982,142.72000122070312
08 Dec 1982,141.82000732421875
09 Dec 1982,140.0
10 Dec 1982,139.57000732421875
13 Dec 1982,139.9499969482422
14 Dec 1982,137.39999389648438
15 Dec 1982,135.24000549316406
16 Dec 1982,135.3000030517578
17 Dec 1982,137.49000549316406
20 Dec 1982,136.25
21 Dec 1982,138.61000061035156
22 Dec 1982,138.8300018310547
23 Dec 1982,139.72000122070312
27 Dec 1982,142.1699981689453
28 Dec 1982,140.77000427246094
29 Dec 1982,141.24000549316406
30 Dec 1982,140.3300018310547
31 Dec 1982,140.63999938964844
03 Jan 1983,138.33999633789062
04 Jan 1983,141.36000061035156
05 Jan 1983,141.9600067138672
06 Jan 1983,145.27000427246094
07 Jan 1983,145.17999267578125
10 Jan 1983,146.77999877929688
11 Jan 1983,145.77999877929688
12 Jan 1983,146.69000244140625
13 Jan 1983,145.72999572753906
14 Jan 1983,146.64999389648438
17 Jan 1983,146.72000122070312
18 Jan 1983,146.39999389648438
19 Jan 1983,145.27000427246094
20 Jan 1983,146.2899932861328
21 Jan 1983,143.85000610351562
24 Jan 1983,139.97000122070312
25 Jan 1983,141.75
26 Jan 1983,141.5399932861328
27 Jan 1983,144.27000427246094
28 Jan 1983,144.50999450683594
31 Jan 1983,145.3000030517578
01 Feb 1983,142.9600067138672
02 Feb 1983,143.22999572753906
03 Feb 1983,144.25999450683594
04 Feb 1983,146.13999938964844
07 Feb 1983,146.92999267578125
08 Feb 1983,145.6999969482422
09 Feb 1983,145.0
10 Feb 1983,147.5
11 Feb 1983,147.64999389648438
14 Feb 1983,148.92999267578125
15 Feb 1983,148.3000030517578
16 Feb 1983,147.42999267578125
17 Feb 1983,147.44000244140625
18 Feb 1983,148.0
22 Feb 1983,145.47999572753906
23 Feb 1983,146.7899932861328
24 Feb 1983,149.60000610351562
25 Feb 1983,149.74000549316406
28 Feb 1983,148.05999755859375
01 Mar 1983,150.8800048828125
02 Mar 1983,152.3000030517578
03 Mar 1983,153.47999572753906
04 Mar 1983,153.6699981689453
07 Mar 1983,153.6699981689453
08 Mar 1983,151.25999450683594
09 Mar 1983,152.8699951171875
10 Mar 1983,151.8000030517578
11 Mar 1983,151.24000549316406
14 Mar 1983,150.8300018310547
15 Mar 1983,151.3699951171875
16 Mar 1983,149.80999755859375
17 Mar 1983,149.58999633789062
18 Mar 1983,149.89999389648438
21 Mar 1983,151.19000244140625
22 Mar 1983,150.66000366210938
23 Mar 1983,152.80999755859375
24 Mar 1983,153.3699951171875
25 Mar 1983,152.6699981689453
28 Mar 1983,151.85000610351562
29 Mar 1983,151.58999633789062
30 Mar 1983,153.38999938964844
31 Mar 1983,152.9600067138672
04 Apr 1983,153.02000427246094
05 Apr 1983,151.89999389648438
06 Apr 1983,151.0399932861328
07 Apr 1983,151.75999450683594
08 Apr 1983,152.85000610351562
11 Apr 1983,155.13999938964844
12 Apr 1983,155.82000732421875
13 Apr 1983,156.77000427246094
14 Apr 1983,158.1199951171875
15 Apr 1983,158.75
18 Apr 1983,159.74000549316406
19 Apr 1983,158.7100067138672
20 Apr 1983,160.7100067138672
21 Apr 1983,160.0500030517578
22 Apr 1983,160.4199981689453
25 Apr 1983,158.80999755859375
26 Apr 1983,161.80999755859375
27 Apr 1983,161.44000244140625
28 Apr 1983,162.9499969482422
29 Apr 1983,164.42999267578125
02 May 1983,162.11000061035156
03 May 1983,162.33999633789062
04 May 1983,163.30999755859375
05 May 1983,164.27999877929688
06 May 1983,166.10000610351562
09 May 1983,165.80999755859375
10 May 1983,165.9499969482422
11 May 1983,164.9600067138672
12 May 1983,164.25
13 May 1983,164.91000366210938
16 May 1983,163.39999389648438
17 May 1983,163.7100067138672
18 May 1983,163.27000427246094
19 May 1983,161.99000549316406
20 May 1983,162.13999938964844
23 May 1983,163.42999267578125
24 May 1983,165.5399932861328
25 May 1983,166.2100067138672
26 May 1983,165.47999572753906
27 May 1983,164.4600067138672
31 May 1983,162.38999938964844
01 Jun 1983,162.5500030517578
02 Jun 1983,163.97999572753906
03 Jun 1983,164.4199981689453
06 Jun 1983,164.8300018310547
07 Jun 1983,162.77000427246094
08 Jun 1983,161.36000061035156
09 Jun 1983,161.8300018310547
10 Jun 1983,162.67999267578125
13 Jun 1983,164.83999633789062
14 Jun 1983,165.52999877929688
15 Jun 1983,167.1199951171875
16 Jun 1983,169.13999938964844
17 Jun 1983,169.1300048828125
20 Jun 1983,169.02000427246094
21 Jun 1983,170.52999877929688
22 Jun 1983,170.99000549316406
23 Jun 1983,170.57000732421875
24 Jun 1983,170.41000366210938
27 Jun 1983,168.4600067138672
28 Jun 1983,165.67999267578125
29 Jun 1983,166.63999938964844
30 Jun 1983,167.63999938964844
01 Jul 1983,168.63999938964844
05 Jul 1983,166.60000610351562
06 Jul 1983,168.47999572753906
07 Jul 1983,167.55999755859375
08 Jul 1983,167.0800018310547
11 Jul 1983,168.11000061035156
12 Jul 1983,165.52999877929688
13 Jul 1983,165.4600067138672
14 Jul 1983,166.00999450683594
15 Jul 1983,164.2899932861328
18 Jul 1983,163.9499969482422
19 Jul 1983,164.82000732421875
20 Jul 1983,169.2899932861328
21 Jul 1983,169.05999755859375
22 Jul 1983,168.88999938964844
25 Jul 1983,169.52999877929688
26 Jul 1983,170.52999877929688
27 Jul 1983,167.58999633789062
28 Jul 1983,165.0399932861328
29 Jul 1983,162.55999755859375
01 Aug 1983,162.0399932861328
02 Aug 1983,162.00999450683594
03 Aug 1983,163.44000244140625
04 Aug 1983,161.3300018310547
05 Aug 1983,161.74000549316406
08 Aug 1983,159.17999267578125
09 Aug 1983,160.1300048828125
10 Aug 1983,161.5399932861328
11 Aug 1983,161.5399932861328
12 Aug 1983,162.16000366210938
15 Aug 1983,163.6999969482422
16 Aug 1983,163.41000366210938
17 Aug 1983,165.2899932861328
18 Aug 1983,163.5500030517578
19 Aug 1983,163.97999572753906
22 Aug 1983,164.33999633789062
23 Aug 1983,162.77000427246094
24 Aug 1983,161.25
25 Aug 1983,160.83999633789062
26 Aug 1983,162.13999938964844
29 Aug 1983,162.25
30 Aug 1983,162.5800018310547
31 Aug 1983,164.39999389648438
01 Sep 1983,164.22999572753906
02 Sep 1983,165.0
06 Sep 1983,167.88999938964844
07 Sep 1983,167.9600067138672
08 Sep 1983,167.77000427246094
09 Sep 1983,166.9199981689453
12 Sep 1983,165.47999572753906
13 Sep 1983,164.8000030517578
14 Sep 1983,165.35000610351562
15 Sep 1983,164.3800048828125
16 Sep 1983,166.25
19 Sep 1983,167.6199951171875
20 Sep 1983,169.24000549316406
21 Sep 1983,168.41000366210938
22 Sep 1983,169.75999450683594
23 Sep 1983,169.50999450683594
26 Sep 1983,170.07000732421875
27 Sep 1983,168.42999267578125
28 Sep 1983,168.0
29 Sep 1983,167.22999572753906
30 Sep 1983,166.07000732421875
03 Oct 1983,165.80999755859375
04 Oct 1983,166.27000427246094
05 Oct 1983,167.74000549316406
06 Oct 1983,170.27999877929688
07 Oct 1983,170.8000030517578
10 Oct 1983,172.64999389648438
11 Oct 1983,170.33999633789062
12 Oct 1983,169.6199951171875
13 Oct 1983,169.8699951171875
14 Oct 1983,169.86000061035156
17 Oct 1983,170.42999267578125
18 Oct 1983,167.80999755859375
19 Oct 1983,166.72999572753906
20 Oct 1983,166.97999572753906
21 Oct 1983,165.9499969482422
24 Oct 1983,165.99000549316406
25 Oct 1983,166.47000122070312
26 Oct 1983,165.3800048828125
27 Oct 1983,164.83999633789062
28 Oct 1983,163.3699951171875
31 Oct 1983,163.5500030517578
01 Nov 1983,163.66000366210938
02 Nov 1983,164.83999633789062
03 Nov 1983,163.4499969482422
04 Nov 1983,162.44000244140625
07 Nov 1983,161.91000366210938
08 Nov 1983,161.75999450683594
09 Nov 1983,163.97000122070312
10 Nov 1983,164.41000366210938
11 Nov 1983,166.2899932861328
14 Nov 1983,166.5800018310547
15 Nov 1983,165.36000061035156
16 Nov 1983,166.0800018310547
17 Nov 1983,166.1300048828125
18 Nov 1983,165.08999633789062
21 Nov 1983,166.0500030517578
22 Nov 1983,166.83999633789062
23 Nov 1983,166.9600067138672
25 Nov 1983,167.17999267578125
28 Nov 1983,166.5399932861328
29 Nov 1983,167.91000366210938
30 Nov 1983,166.39999389648438
01 Dec 1983,166.49000549316406
02 Dec 1983,165.44000244140625
05 Dec 1983,165.75999450683594
06 Dec 1983,165.47000122070312
07 Dec 1983,165.91000366210938
08 Dec 1983,165.1999969482422
09 Dec 1983,165.0800018310547
12 Dec 1983,165.6199951171875
13 Dec 1983,164.92999267578125
14 Dec 1983,163.3300018310547
15 Dec 1983,161.66000366210938
16 Dec 1983,162.38999938964844
19 Dec 1983,162.32000732421875
20 Dec 1983,162.0
21 Dec 1983,163.55999755859375
22 Dec 1983,163.52999877929688
23 Dec 1983,163.22000122070312
27 Dec 1983,164.75999450683594
28 Dec 1983,165.33999633789062
29 Dec 1983,164.86000061035156
30 Dec 1983,164.92999267578125
03 Jan 1984,164.0399932861328
04 Jan 1984,166.77999877929688
05 Jan 1984,168.80999755859375
06 Jan 1984,169.27999877929688
09 Jan 1984,168.89999389648438
10 Jan 1984,167.9499969482422
11 Jan 1984,167.8000030517578
12 Jan 1984,167.75
13 Jan 1984,167.02000427246094
16 Jan 1984,167.17999267578125
17 Jan 1984,167.8300018310547
18 Jan 1984,167.5500030517578
19 Jan 1984,167.0399932861328
20 Jan 1984,166.2100067138672
23 Jan 1984,164.8699951171875
24 Jan 1984,165.94000244140625
25 Jan 1984,164.83999633789062
26 Jan 1984,164.24000549316406
27 Jan 1984,163.94000244140625
30 Jan 1984,162.8699951171875
31 Jan 1984,163.41000366210938
01 Feb 1984,162.74000549316406
02 Feb 1984,163.36000061035156
03 Feb 1984,160.91000366210938
06 Feb 1984,158.0800018310547
07 Feb 1984,158.74000549316406
08 Feb 1984,155.85000610351562
09 Feb 1984,155.4199981689453
10 Feb 1984,156.3000030517578
13 Feb 1984,154.9499969482422
14 Feb 1984,156.61000061035156
15 Feb 1984,156.25
16 Feb 1984,156.1300048828125
17 Feb 1984,155.74000549316406
21 Feb 1984,154.63999938964844
22 Feb 1984,154.30999755859375
23 Feb 1984,154.2899932861328
24 Feb 1984,157.50999450683594
27 Feb 1984,159.3000030517578
28 Feb 1984,156.82000732421875
29 Feb 1984,157.05999755859375
01 Mar 1984,158.19000244140625
02 Mar 1984,159.24000549316406
05 Mar 1984,157.88999938964844
06 Mar 1984,156.25
07 Mar 1984,154.57000732421875
08 Mar 1984,155.19000244140625
09 Mar 1984,154.35000610351562
12 Mar 1984,156.33999633789062
13 Mar 1984,156.77999877929688
14 Mar 1984,156.77000427246094
15 Mar 1984,157.41000366210938
16 Mar 1984,159.27000427246094
19 Mar 1984,157.77999877929688
20 Mar 1984,158.86000061035156
21 Mar 1984,158.66000366210938
22 Mar 1984,156.69000244140625
23 Mar 1984,156.86000061035156
26 Mar 1984,156.6699981689453
27 Mar 1984,157.3000030517578
28 Mar 1984,159.8800048828125
29 Mar 1984,159.52000427246094
30 Mar 1984,159.17999267578125
02 Apr 1984,157.97999572753906
03 Apr 1984,157.66000366210938
04 Apr 1984,157.5399932861328
05 Apr 1984,155.0399932861328
06 Apr 1984,155.47999572753906
09 Apr 1984,155.4499969482422
10 Apr 1984,155.8699951171875
11 Apr 1984,155.0
12 Apr 1984,157.72999572753906
13 Apr 1984,157.30999755859375
16 Apr 1984,158.32000732421875
17 Apr 1984,158.97000122070312
18 Apr 1984,157.89999389648438
19 Apr 1984,158.02000427246094
23 Apr 1984,156.8000030517578
24 Apr 1984,158.07000732421875
25 Apr 1984,158.64999389648438
26 Apr 1984,160.3000030517578
27 Apr 1984,159.88999938964844
30 Apr 1984,160.0500030517578
01 May 1984,161.67999267578125
02 May 1984,161.89999389648438
03 May 1984,161.1999969482422
04 May 1984,159.11000061035156
07 May 1984,159.47000122070312
08 May 1984,160.52000427246094
09 May 1984,160.11000061035156
10 May 1984,160.0
11 May 1984,158.49000549316406
14 May 1984,157.5
15 May 1984,158.0
16 May 1984,157.99000549316406
17 May 1984,156.57000732421875
18 May 1984,155.77999877929688
21 May 1984,154.72999572753906
22 May 1984,153.8800048828125
23 May 1984,153.14999389648438
24 May 1984,151.22999572753906
25 May 1984,151.6199951171875
29 May 1984,150.2899932861328
30 May 1984,150.35000610351562
31 May 1984,150.5500030517578
01 Jun 1984,153.24000549316406
04 Jun 1984,154.33999633789062
05 Jun 1984,153.64999389648438
06 Jun 1984,155.00999450683594
07 Jun 1984,154.9199981689453
08 Jun 1984,155.1699981689453
11 Jun 1984,153.05999755859375
12 Jun 1984,152.19000244140625
13 Jun 1984,152.1300048828125
14 Jun 1984,150.38999938964844
15 Jun 1984,149.02999877929688
18 Jun 1984,151.72999572753906
19 Jun 1984,152.61000061035156
20 Jun 1984,154.83999633789062
21 Jun 1984,154.50999450683594
22 Jun 1984,154.4600067138672
25 Jun 1984,153.97000122070312
26 Jun 1984,152.7100067138672
27 Jun 1984,151.63999938964844
28 Jun 1984,152.83999633789062
29 Jun 1984,153.17999267578125
02 Jul 1984,153.1999969482422
03 Jul 1984,153.6999969482422
05 Jul 1984,152.75999450683594
06 Jul 1984,152.24000549316406
09 Jul 1984,153.36000061035156
10 Jul 1984,152.88999938964844
11 Jul 1984,150.55999755859375
12 Jul 1984,150.02999877929688
13 Jul 1984,150.8800048828125
16 Jul 1984,151.60000610351562
17 Jul 1984,152.3800048828125
18 Jul 1984,151.39999389648438
19 Jul 1984,150.3699951171875
20 Jul 1984,149.5500030517578
23 Jul 1984,148.9499969482422
24 Jul 1984,147.82000732421875
25 Jul 1984,148.8300018310547
26 Jul 1984,150.0800018310547
27 Jul 1984,151.19000244140625
30 Jul 1984,150.19000244140625
31 Jul 1984,150.66000366210938
01 Aug 1984,154.0800018310547
02 Aug 1984,157.99000549316406
03 Aug 1984,162.35000610351562
06 Aug 1984,162.60000610351562
07 Aug 1984,162.72000122070312
08 Aug 1984,161.75
09 Aug 1984,165.5399932861328
10 Aug 1984,165.4199981689453
13 Aug 1984,165.42999267578125
14 Aug 1984,164.4199981689453
15 Aug 1984,162.8000030517578
16 Aug 1984,163.77000427246094
17 Aug 1984,164.13999938964844
20 Aug 1984,164.94000244140625
21 Aug 1984,167.8300018310547
22 Aug 1984,167.05999755859375
23 Aug 1984,167.1199951171875
24 Aug 1984,167.50999450683594
27 Aug 1984,166.44000244140625
28 Aug 1984,167.39999389648438
29 Aug 1984,167.08999633789062
30 Aug 1984,166.60000610351562
31 Aug 1984,166.67999267578125
04 Sep 1984,164.8800048828125
05 Sep 1984,164.2899932861328
06 Sep 1984,165.64999389648438
07 Sep 1984,164.3699951171875
10 Sep 1984,164.25999450683594
11 Sep 1984,164.4499969482422
12 Sep 1984,164.67999267578125
13 Sep 1984,167.94000244140625
14 Sep 1984,168.77999877929688
17 Sep 1984,168.8699951171875
18 Sep 1984,167.64999389648438
19 Sep 1984,166.94000244140625
20 Sep 1984,167.47000122070312
21 Sep 1984,165.6699981689453
24 Sep 1984,165.27999877929688
25 Sep 1984,165.6199951171875
26 Sep 1984,166.27999877929688
27 Sep 1984,166.9600067138672
28 Sep 1984,166.10000610351562
01 Oct 1984,164.6199951171875
02 Oct 1984,163.58999633789062
03 Oct 1984,162.44000244140625
04 Oct 1984,162.9199981689453
05 Oct 1984,162.67999267578125
08 Oct 1984,162.1300048828125
09 Oct 1984,161.6699981689453
10 Oct 1984,162.11000061035156
11 Oct 1984,162.77999877929688
12 Oct 1984,164.17999267578125
15 Oct 1984,165.77000427246094
16 Oct 1984,164.77999877929688
17 Oct 1984,164.13999938964844
18 Oct 1984,168.10000610351562
19 Oct 1984,167.9600067138672
22 Oct 1984,167.36000061035156
23 Oct 1984,167.08999633789062
24 Oct 1984,167.1999969482422
25 Oct 1984,166.30999755859375
26 Oct 1984,165.2899932861328
29 Oct 1984,164.77999877929688
30 Oct 1984,166.83999633789062
31 Oct 1984,166.08999633789062
01 Nov 1984,167.49000549316406
02 Nov 1984,167.4199981689453
05 Nov 1984,168.5800018310547
06 Nov 1984,170.41000366210938
07 Nov 1984,169.1699981689453
08 Nov 1984,168.67999267578125
09 Nov 1984,167.60000610351562
12 Nov 1984,167.36000061035156
13 Nov 1984,165.97000122070312
14 Nov 1984,165.99000549316406
15 Nov 1984,165.88999938964844
16 Nov 1984,164.10000610351562
19 Nov 1984,163.08999633789062
20 Nov 1984,164.17999267578125
21 Nov 1984,164.50999450683594
23 Nov 1984,166.9199981689453
26 Nov 1984,165.5500030517578
27 Nov 1984,166.2899932861328
28 Nov 1984,165.02000427246094
29 Nov 1984,163.91000366210938
30 Nov 1984,163.5800018310547
03 Dec 1984,162.82000732421875
04 Dec 1984,163.3800048828125
05 Dec 1984,162.10000610351562
06 Dec 1984,162.75999450683594
07 Dec 1984,162.25999450683594
10 Dec 1984,162.8300018310547
11 Dec 1984,163.07000732421875
12 Dec 1984,162.6300048828125
13 Dec 1984,161.80999755859375
14 Dec 1984,162.69000244140625
17 Dec 1984,163.61000061035156
18 Dec 1984,168.11000061035156
19 Dec 1984,167.16000366210938
20 Dec 1984,166.3800048828125
21 Dec 1984,165.50999450683594
24 Dec 1984,166.75999450683594
26 Dec 1984,166.47000122070312
27 Dec 1984,165.75
28 Dec 1984,166.25999450683594
31 Dec 1984,167.24000549316406
02 Jan 1985,165.3699951171875
03 Jan 1985,164.57000732421875
04 Jan 1985,163.67999267578125
07 Jan 1985,164.24000549316406
08 Jan 1985,163.99000549316406
09 Jan 1985,165.17999267578125
10 Jan 1985,168.30999755859375
11 Jan 1985,167.91000366210938
14 Jan 1985,170.50999450683594
15 Jan 1985,170.80999755859375
16 Jan 1985,171.19000244140625
17 Jan 1985,170.72999572753906
18 Jan 1985,171.32000732421875
21 Jan 1985,175.22999572753906
22 Jan 1985,175.47999572753906
23 Jan 1985,177.3000030517578
24 Jan 1985,176.7100067138672
25 Jan 1985,177.35000610351562
28 Jan 1985,177.39999389648438
29 Jan 1985,179.17999267578125
30 Jan 1985,179.38999938964844
31 Jan 1985,179.6300048828125
01 Feb 1985,178.6300048828125
04 Feb 1985,180.35000610351562
05 Feb 1985,180.61000061035156
06 Feb 1985,180.42999267578125
07 Feb 1985,181.82000732421875
08 Feb 1985,182.19000244140625
11 Feb 1985,180.50999450683594
12 Feb 1985,180.55999755859375
13 Feb 1985,183.35000610351562
14 Feb 1985,182.41000366210938
15 Feb 1985,181.60000610351562
19 Feb 1985,181.3300018310547
20 Feb 1985,181.17999267578125
21 Feb 1985,180.19000244140625
22 Feb 1985,179.36000061035156
25 Feb 1985,179.22999572753906
26 Feb 1985,181.1699981689453
27 Feb 1985,180.7100067138672
28 Feb 1985,181.17999267578125
01 Mar 1985,183.22999572753906
04 Mar 1985,182.05999755859375
05 Mar 1985,182.22999572753906
06 Mar 1985,180.64999389648438
07 Mar 1985,179.50999450683594
08 Mar 1985,179.10000610351562
11 Mar 1985,178.7899932861328
12 Mar 1985,179.66000366210938
13 Mar 1985,178.19000244140625
14 Mar 1985,177.83999633789062
15 Mar 1985,176.52999877929688
18 Mar 1985,176.8800048828125
19 Mar 1985,179.5399932861328
20 Mar 1985,179.0800018310547
21 Mar 1985,179.35000610351562
22 Mar 1985,179.0399932861328
25 Mar 1985,177.97000122070312
26 Mar 1985,178.42999267578125
27 Mar 1985,179.5399932861328
28 Mar 1985,179.5399932861328
29 Mar 1985,180.66000366210938
01 Apr 1985,181.27000427246094
02 Apr 1985,180.52999877929688
03 Apr 1985,179.11000061035156
04 Apr 1985,179.02999877929688
08 Apr 1985,178.02999877929688
09 Apr 1985,178.2100067138672
10 Apr 1985,179.4199981689453
11 Apr 1985,180.19000244140625
12 Apr 1985,180.5399932861328
15 Apr 1985,180.9199981689453
16 Apr 1985,181.1999969482422
17 Apr 1985,181.67999267578125
18 Apr 1985,180.83999633789062
19 Apr 1985,181.11000061035156
22 Apr 1985,180.6999969482422
23 Apr 1985,181.8800048828125
24 Apr 1985,182.25999450683594
25 Apr 1985,183.42999267578125
26 Apr 1985,182.17999267578125
29 Apr 1985,180.6300048828125
30 Apr 1985,179.8300018310547
01 May 1985,178.3699951171875
02 May 1985,179.00999450683594
03 May 1985,180.0800018310547
06 May 1985,179.99000549316406
07 May 1985,180.75999450683594
08 May 1985,180.6199951171875
09 May 1985,181.9199981689453
10 May 1985,184.27999877929688
13 May 1985,184.61000061035156
14 May 1985,183.8699951171875
15 May 1985,184.5399932861328
16 May 1985,185.66000366210938
17 May 1985,187.4199981689453
20 May 1985,189.72000122070312
21 May 1985,189.63999938964844
22 May 1985,188.55999755859375
23 May 1985,187.60000610351562
24 May 1985,188.2899932861328
28 May 1985,187.86000061035156
29 May 1985,187.67999267578125
30 May 1985,187.75
31 May 1985,189.5500030517578
03 Jun 1985,189.32000732421875
04 Jun 1985,190.0399932861328
05 Jun 1985,190.16000366210938
06 Jun 1985,191.05999755859375
07 Jun 1985,189.67999267578125
10 Jun 1985,189.50999450683594
11 Jun 1985,189.0399932861328
12 Jun 1985,187.61000061035156
13 Jun 1985,185.3300018310547
14 Jun 1985,187.10000610351562
17 Jun 1985,186.52999877929688
18 Jun 1985,187.33999633789062
19 Jun 1985,186.6300048828125
20 Jun 1985,186.72999572753906
21 Jun 1985,189.61000061035156
24 Jun 1985,189.14999389648438
25 Jun 1985,189.74000549316406
26 Jun 1985,190.05999755859375
27 Jun 1985,191.22999572753906
28 Jun 1985,191.85000610351562
01 Jul 1985,192.42999267578125
02 Jul 1985,192.00999450683594
03 Jul 1985,191.4499969482422
05 Jul 1985,192.52000427246094
08 Jul 1985,191.92999267578125
09 Jul 1985,191.0500030517578
10 Jul 1985,192.3699951171875
11 Jul 1985,192.94000244140625
12 Jul 1985,193.2899932861328
15 Jul 1985,192.72000122070312
16 Jul 1985,194.72000122070312
17 Jul 1985,195.64999389648438
18 Jul 1985,194.3800048828125
19 Jul 1985,195.1300048828125
22 Jul 1985,194.35000610351562
23 Jul 1985,192.5500030517578
24 Jul 1985,191.5800018310547
25 Jul 1985,192.05999755859375
26 Jul 1985,192.39999389648438
29 Jul 1985,189.60000610351562
30 Jul 1985,189.92999267578125
31 Jul 1985,190.9199981689453
01 Aug 1985,192.11000061035156
02 Aug 1985,191.47999572753906
05 Aug 1985,190.6199951171875
06 Aug 1985,187.92999267578125
07 Aug 1985,187.67999267578125
08 Aug 1985,188.9499969482422
09 Aug 1985,188.32000732421875
12 Aug 1985,187.6300048828125
13 Aug 1985,187.3000030517578
14 Aug 1985,187.41000366210938
15 Aug 1985,187.25999450683594
16 Aug 1985,186.10000610351562
19 Aug 1985,186.3800048828125
20 Aug 1985,188.0800018310547
21 Aug 1985,189.16000366210938
22 Aug 1985,187.36000061035156
23 Aug 1985,187.1699981689453
26 Aug 1985,187.30999755859375
27 Aug 1985,188.10000610351562
28 Aug 1985,188.8300018310547
29 Aug 1985,188.92999267578125
30 Aug 1985,188.6300048828125
03 Sep 1985,187.91000366210938
04 Sep 1985,187.3699951171875
05 Sep 1985,187.27000427246094
06 Sep 1985,188.24000549316406
09 Sep 1985,188.25
10 Sep 1985,186.89999389648438
11 Sep 1985,185.02999877929688
12 Sep 1985,183.69000244140625
13 Sep 1985,182.91000366210938
16 Sep 1985,182.8800048828125
17 Sep 1985,181.36000061035156
18 Sep 1985,181.7100067138672
19 Sep 1985,183.38999938964844
20 Sep 1985,182.0500030517578
23 Sep 1985,184.3000030517578
24 Sep 1985,182.6199951171875
25 Sep 1985,180.66000366210938
26 Sep 1985,181.2899932861328
30 Sep 1985,182.0800018310547
01 Oct 1985,185.07000732421875
02 Oct 1985,184.05999755859375
03 Oct 1985,184.36000061035156
04 Oct 1985,183.22000122070312
07 Oct 1985,181.8699951171875
08 Oct 1985,181.8699951171875
09 Oct 1985,182.52000427246094
10 Oct 1985,182.77999877929688
11 Oct 1985,184.27999877929688
14 Oct 1985,186.3699951171875
15 Oct 1985,186.0800018310547
16 Oct 1985,187.97999572753906
17 Oct 1985,187.66000366210938
18 Oct 1985,187.0399932861328
21 Oct 1985,186.9600067138672
22 Oct 1985,188.0399932861328
23 Oct 1985,189.08999633789062
24 Oct 1985,188.5
25 Oct 1985,187.52000427246094
28 Oct 1985,187.75999450683594
29 Oct 1985,189.22999572753906
30 Oct 1985,190.07000732421875
31 Oct 1985,189.82000732421875
01 Nov 1985,191.52999877929688
04 Nov 1985,191.25
05 Nov 1985,192.3699951171875
06 Nov 1985,192.75999450683594
07 Nov 1985,192.6199951171875
08 Nov 1985,193.72000122070312
11 Nov 1985,197.27999877929688
12 Nov 1985,198.0800018310547
13 Nov 1985,197.10000610351562
14 Nov 1985,199.05999755859375
15 Nov 1985,198.11000061035156
18 Nov 1985,198.7100067138672
19 Nov 1985,198.6699981689453
20 Nov 1985,198.99000549316406
21 Nov 1985,201.41000366210938
22 Nov 1985,201.52000427246094
25 Nov 1985,200.35000610351562
26 Nov 1985,200.6699981689453
27 Nov 1985,202.5399932861328
29 Nov 1985,202.1699981689453
02 Dec 1985,200.4600067138672
03 Dec 1985,200.86000061035156
04 Dec 1985,204.22999572753906
05 Dec 1985,203.8800048828125
06 Dec 1985,202.99000549316406
09 Dec 1985,204.25
10 Dec 1985,204.38999938964844
11 Dec 1985,206.30999755859375
12 Dec 1985,206.72999572753906
13 Dec 1985,209.94000244140625
16 Dec 1985,212.02000427246094
17 Dec 1985,210.64999389648438
18 Dec 1985,209.80999755859375
19 Dec 1985,210.02000427246094
20 Dec 1985,210.94000244140625
23 Dec 1985,208.57000732421875
24 Dec 1985,207.13999938964844
26 Dec 1985,207.64999389648438
27 Dec 1985,209.61000061035156
30 Dec 1985,210.67999267578125
31 Dec 1985,211.27999877929688
02 Jan 1986,209.58999633789062
03 Jan 1986,210.8800048828125
06 Jan 1986,210.64999389648438
07 Jan 1986,213.8000030517578
08 Jan 1986,207.97000122070312
09 Jan 1986,206.11000061035156
10 Jan 1986,205.9600067138672
13 Jan 1986,206.72000122070312
14 Jan 1986,206.63999938964844
15 Jan 1986,208.25999450683594
16 Jan 1986,209.1699981689453
17 Jan 1986,208.42999267578125
20 Jan 1986,207.52999877929688
21 Jan 1986,205.7899932861328
22 Jan 1986,203.49000549316406
23 Jan 1986,204.25
24 Jan 1986,206.42999267578125
27 Jan 1986,207.38999938964844
28 Jan 1986,209.80999755859375
29 Jan 1986,210.2899932861328
30 Jan 1986,209.3300018310547
31 Jan 1986,211.77999877929688
03 Feb 1986,213.9600067138672
04 Feb 1986,212.7899932861328
05 Feb 1986,212.9600067138672
06 Feb 1986,213.47000122070312
07 Feb 1986,214.55999755859375
10 Feb 1986,216.24000549316406
11 Feb 1986,215.9199981689453
12 Feb 1986,215.97000122070312
13 Feb 1986,217.39999389648438
14 Feb 1986,219.75999450683594
18 Feb 1986,222.4499969482422
19 Feb 1986,219.75999450683594
20 Feb 1986,222.22000122070312
21 Feb 1986,224.6199951171875
24 Feb 1986,224.33999633789062
25 Feb 1986,223.7899932861328
26 Feb 1986,224.0399932861328
27 Feb 1986,226.77000427246094
28 Feb 1986,226.9199981689453
03 Mar 1986,225.4199981689453
04 Mar 1986,224.3800048828125
05 Mar 1986,224.33999633789062
06 Mar 1986,225.1300048828125
07 Mar 1986,225.57000732421875
10 Mar 1986,226.5800018310547
11 Mar 1986,231.69000244140625
12 Mar 1986,232.5399932861328
13 Mar 1986,233.19000244140625
14 Mar 1986,236.5500030517578
17 Mar 1986,234.6699981689453
18 Mar 1986,235.77999877929688
19 Mar 1986,235.60000610351562
20 Mar 1986,236.5399932861328
21 Mar 1986,233.33999633789062
24 Mar 1986,235.3300018310547
25 Mar 1986,234.72000122070312
26 Mar 1986,237.3000030517578
27 Mar 1986,238.97000122070312
31 Mar 1986,238.89999389648438
01 Apr 1986,235.13999938964844
02 Apr 1986,235.7100067138672
03 Apr 1986,232.47000122070312
04 Apr 1986,228.69000244140625
07 Apr 1986,228.6300048828125
08 Apr 1986,233.52000427246094
09 Apr 1986,233.75
10 Apr 1986,236.44000244140625
11 Apr 1986,235.97000122070312
14 Apr 1986,237.27999877929688
15 Apr 1986,237.72999572753906
16 Apr 1986,242.22000122070312
17 Apr 1986,243.02999877929688
18 Apr 1986,242.3800048828125
21 Apr 1986,244.74000549316406
22 Apr 1986,242.4199981689453
23 Apr 1986,241.75
24 Apr 1986,242.02000427246094
25 Apr 1986,242.2899932861328
28 Apr 1986,243.0800018310547
29 Apr 1986,240.50999450683594
30 Apr 1986,235.52000427246094
01 May 1986,235.16000366210938
02 May 1986,234.7899932861328
05 May 1986,237.72999572753906
06 May 1986,237.24000549316406
07 May 1986,236.0800018310547
08 May 1986,237.1300048828125
09 May 1986,237.85000610351562
12 May 1986,237.5800018310547
13 May 1986,236.41000366210938
14 May 1986,237.5399932861328
15 May 1986,234.42999267578125
16 May 1986,232.75999450683594
19 May 1986,233.1999969482422
20 May 1986,236.11000061035156
21 May 1986,235.4499969482422
22 May 1986,240.1199951171875
23 May 1986,241.35000610351562
27 May 1986,244.75
28 May 1986,246.6300048828125
29 May 1986,247.97999572753906
30 May 1986,247.35000610351562
02 Jun 1986,245.0399932861328
03 Jun 1986,245.50999450683594
04 Jun 1986,243.94000244140625
05 Jun 1986,245.64999389648438
06 Jun 1986,245.6699981689453
09 Jun 1986,239.9600067138672
10 Jun 1986,239.5800018310547
11 Jun 1986,241.1300048828125
12 Jun 1986,241.49000549316406
13 Jun 1986,245.72999572753906
16 Jun 1986,246.1300048828125
17 Jun 1986,244.35000610351562
18 Jun 1986,244.99000549316406
19 Jun 1986,244.05999755859375
20 Jun 1986,247.5800018310547
23 Jun 1986,245.25999450683594
24 Jun 1986,247.02999877929688
25 Jun 1986,248.92999267578125
26 Jun 1986,248.74000549316406
27 Jun 1986,249.60000610351562
30 Jun 1986,250.83999633789062
01 Jul 1986,252.0399932861328
02 Jul 1986,252.6999969482422
03 Jul 1986,251.7899932861328
07 Jul 1986,244.0500030517578
08 Jul 1986,241.58999633789062
09 Jul 1986,242.82000732421875
10 Jul 1986,243.00999450683594
11 Jul 1986,242.22000122070312
14 Jul 1986,238.11000061035156
15 Jul 1986,233.66000366210938
16 Jul 1986,235.00999450683594
17 Jul 1986,236.07000732421875
18 Jul 1986,236.36000061035156
21 Jul 1986,236.24000549316406
22 Jul 1986,238.17999267578125
23 Jul 1986,238.6699981689453
24 Jul 1986,237.9499969482422
25 Jul 1986,240.22000122070312
28 Jul 1986,236.00999450683594
29 Jul 1986,234.5500030517578
30 Jul 1986,236.58999633789062
31 Jul 1986,236.1199951171875
01 Aug 1986,234.91000366210938
04 Aug 1986,235.99000549316406
05 Aug 1986,237.02999877929688
06 Aug 1986,236.83999633789062
07 Aug 1986,237.0399932861328
08 Aug 1986,236.8800048828125
11 Aug 1986,240.67999267578125
12 Aug 1986,243.33999633789062
13 Aug 1986,245.6699981689453
14 Aug 1986,246.25
15 Aug 1986,247.14999389648438
18 Aug 1986,247.3800048828125
19 Aug 1986,246.50999450683594
20 Aug 1986,249.77000427246094
21 Aug 1986,249.6699981689453
22 Aug 1986,250.19000244140625
25 Aug 1986,247.80999755859375
26 Aug 1986,252.83999633789062
27 Aug 1986,253.3000030517578
28 Aug 1986,252.83999633789062
29 Aug 1986,252.92999267578125
02 Sep 1986,248.52000427246094
03 Sep 1986,250.0800018310547
04 Sep 1986,253.8300018310547
05 Sep 1986,250.47000122070312
08 Sep 1986,248.13999938964844
09 Sep 1986,247.6699981689453
10 Sep 1986,247.05999755859375
11 Sep 1986,235.17999267578125
12 Sep 1986,230.6699981689453
15 Sep 1986,231.94000244140625
16 Sep 1986,231.72000122070312
17 Sep 1986,231.67999267578125
18 Sep 1986,232.30999755859375
19 Sep 1986,232.2100067138672
22 Sep 1986,234.92999267578125
23 Sep 1986,235.6699981689453
24 Sep 1986,236.27999877929688
25 Sep 1986,231.8300018310547
26 Sep 1986,232.22999572753906
29 Sep 1986,229.91000366210938
30 Sep 1986,231.32000732421875
01 Oct 1986,233.60000610351562
02 Oct 1986,233.9199981689453
03 Oct 1986,233.7100067138672
06 Oct 1986,234.77999877929688
07 Oct 1986,234.41000366210938
08 Oct 1986,236.67999267578125
09 Oct 1986,235.85000610351562
10 Oct 1986,235.47999572753906
13 Oct 1986,235.91000366210938
14 Oct 1986,235.3699951171875
15 Oct 1986,238.8000030517578
16 Oct 1986,239.52999877929688
17 Oct 1986,238.83999633789062
20 Oct 1986,235.97000122070312
21 Oct 1986,235.8800048828125
22 Oct 1986,236.25999450683594
23 Oct 1986,239.27999877929688
24 Oct 1986,238.25999450683594
27 Oct 1986,238.77000427246094
28 Oct 1986,239.25999450683594
29 Oct 1986,240.94000244140625
30 Oct 1986,243.7100067138672
31 Oct 1986,243.97999572753906
03 Nov 1986,245.8000030517578
04 Nov 1986,246.1999969482422
05 Nov 1986,246.5800018310547
06 Nov 1986,245.8699951171875
07 Nov 1986,245.77000427246094
10 Nov 1986,246.1300048828125
11 Nov 1986,247.0800018310547
12 Nov 1986,246.63999938964844
13 Nov 1986,243.02000427246094
14 Nov 1986,244.5
17 Nov 1986,243.2100067138672
18 Nov 1986,236.77999877929688
19 Nov 1986,237.66000366210938
20 Nov 1986,242.0500030517578
21 Nov 1986,245.86000061035156
24 Nov 1986,247.4499969482422
25 Nov 1986,248.1699981689453
26 Nov 1986,248.77000427246094
28 Nov 1986,249.22000122070312
01 Dec 1986,249.0500030517578
02 Dec 1986,254.0
03 Dec 1986,253.85000610351562
04 Dec 1986,253.0399932861328
05 Dec 1986,251.1699981689453
08 Dec 1986,251.16000366210938
09 Dec 1986,249.27999877929688
10 Dec 1986,250.9600067138672
11 Dec 1986,248.1699981689453
12 Dec 1986,247.35000610351562
15 Dec 1986,248.2100067138672
16 Dec 1986,250.0399932861328
17 Dec 1986,247.55999755859375
18 Dec 1986,246.77999877929688
19 Dec 1986,249.72999572753906
22 Dec 1986,248.75
23 Dec 1986,246.33999633789062
24 Dec 1986,246.75
26 Dec 1986,246.9199981689453
29 Dec 1986,244.6699981689453
30 Dec 1986,243.3699951171875
31 Dec 1986,242.1699981689453
02 Jan 1987,246.4499969482422
05 Jan 1987,252.19000244140625
06 Jan 1987,252.77999877929688
07 Jan 1987,255.3300018310547
08 Jan 1987,257.2799987792969
09 Jan 1987,258.7300109863281
12 Jan 1987,260.29998779296875
13 Jan 1987,259.95001220703125
14 Jan 1987,262.6400146484375
15 Jan 1987,265.489990234375
16 Jan 1987,266.2799987792969
19 Jan 1987,269.3399963378906
20 Jan 1987,269.0400085449219
21 Jan 1987,267.8399963378906
22 Jan 1987,273.9100036621094
23 Jan 1987,270.1000061035156
26 Jan 1987,269.6099853515625
27 Jan 1987,273.75
28 Jan 1987,275.3999938964844
29 Jan 1987,274.239990234375
30 Jan 1987,274.0799865722656
02 Feb 1987,276.45001220703125
03 Feb 1987,275.989990234375
04 Feb 1987,279.6400146484375
05 Feb 1987,281.1600036621094
06 Feb 1987,280.0400085449219
09 Feb 1987,278.1600036621094
10 Feb 1987,275.07000732421875
11 Feb 1987,277.5400085449219
12 Feb 1987,275.6199951171875
13 Feb 1987,279.70001220703125
17 Feb 1987,285.489990234375
18 Feb 1987,285.4200134277344
19 Feb 1987,285.57000732421875
20 Feb 1987,285.4800109863281
23 Feb 1987,282.3800048828125
24 Feb 1987,282.8800048828125
25 Feb 1987,284.0
26 Feb 1987,282.9599914550781
27 Feb 1987,284.20001220703125
02 Mar 1987,283.0
03 Mar 1987,284.1199951171875
04 Mar 1987,288.6199951171875
05 Mar 1987,290.5199890136719
06 Mar 1987,290.6600036621094
09 Mar 1987,288.29998779296875
10 Mar 1987,290.8599853515625
11 Mar 1987,290.30999755859375
12 Mar 1987,291.2200012207031
13 Mar 1987,289.8900146484375
16 Mar 1987,288.2300109863281
17 Mar 1987,292.4700012207031
18 Mar 1987,292.7799987792969
19 Mar 1987,294.0799865722656
20 Mar 1987,298.1700134277344
23 Mar 1987,301.1600036621094
24 Mar 1987,301.6400146484375
25 Mar 1987,300.3800048828125
26 Mar 1987,300.92999267578125
27 Mar 1987,296.1300048828125
30 Mar 1987,289.20001220703125
31 Mar 1987,291.70001220703125
01 Apr 1987,292.3800048828125
02 Apr 1987,293.6300048828125
03 Apr 1987,300.4100036621094
06 Apr 1987,301.95001220703125
07 Apr 1987,296.69000244140625
08 Apr 1987,297.260009765625
09 Apr 1987,292.8599853515625
10 Apr 1987,292.489990234375
13 Apr 1987,285.6199951171875
14 Apr 1987,279.1600036621094
15 Apr 1987,284.44000244140625
16 Apr 1987,286.9100036621094
20 Apr 1987,286.0899963378906
21 Apr 1987,293.07000732421875
22 Apr 1987,287.19000244140625
23 Apr 1987,286.82000732421875
24 Apr 1987,281.5199890136719
27 Apr 1987,281.8299865722656
28 Apr 1987,282.510009765625
29 Apr 1987,284.57000732421875
30 Apr 1987,288.3599853515625
01 May 1987,288.0299987792969
04 May 1987,289.3599853515625
05 May 1987,295.3399963378906
06 May 1987,295.4700012207031
07 May 1987,294.7099914550781
08 May 1987,293.3699951171875
11 May 1987,291.57000732421875
12 May 1987,293.29998779296875
13 May 1987,293.9800109863281
14 May 1987,294.239990234375
15 May 1987,287.42999267578125
18 May 1987,286.6499938964844
19 May 1987,279.6199951171875
20 May 1987,278.2099914550781
21 May 1987,280.1700134277344
22 May 1987,282.1600036621094
26 May 1987,289.1099853515625
27 May 1987,288.7300109863281
28 May 1987,290.760009765625
29 May 1987,290.1000061035156
01 Jun 1987,289.8299865722656
02 Jun 1987,288.4599914550781
03 Jun 1987,293.4700012207031
04 Jun 1987,295.0899963378906
05 Jun 1987,293.45001220703125
08 Jun 1987,296.7200012207031
09 Jun 1987,297.2799987792969
10 Jun 1987,297.4700012207031
11 Jun 1987,298.7300109863281
12 Jun 1987,301.6199951171875
15 Jun 1987,303.1400146484375
16 Jun 1987,304.760009765625
17 Jun 1987,304.80999755859375
18 Jun 1987,305.69000244140625
19 Jun 1987,306.9700012207031
22 Jun 1987,309.6499938964844
23 Jun 1987,308.42999267578125
24 Jun 1987,306.8599853515625
25 Jun 1987,308.9599914550781
26 Jun 1987,307.1600036621094
29 Jun 1987,307.8999938964844
30 Jun 1987,304.0
01 Jul 1987,302.94000244140625
02 Jul 1987,305.6300048828125
06 Jul 1987,304.9200134277344
07 Jul 1987,307.3999938964844
08 Jul 1987,308.2900085449219
09 Jul 1987,307.5199890136719
10 Jul 1987,308.3699951171875
13 Jul 1987,307.6300048828125
14 Jul 1987,310.67999267578125
15 Jul 1987,310.4200134277344
16 Jul 1987,312.70001220703125
17 Jul 1987,314.5899963378906
20 Jul 1987,311.3900146484375
21 Jul 1987,308.54998779296875
22 Jul 1987,308.4700012207031
23 Jul 1987,307.80999755859375
24 Jul 1987,309.2699890136719
27 Jul 1987,310.6499938964844
28 Jul 1987,312.3299865722656
29 Jul 1987,315.6499938964844
30 Jul 1987,318.04998779296875
31 Jul 1987,318.6600036621094
03 Aug 1987,317.57000732421875
04 Aug 1987,316.2300109863281
05 Aug 1987,318.45001220703125
06 Aug 1987,322.0899963378906
07 Aug 1987,323.0
10 Aug 1987,328.0
11 Aug 1987,333.3299865722656
12 Aug 1987,332.3900146484375
13 Aug 1987,334.6499938964844
14 Aug 1987,333.989990234375
17 Aug 1987,334.1099853515625
18 Aug 1987,329.25
19 Aug 1987,329.8299865722656
20 Aug 1987,334.8399963378906
21 Aug 1987,335.8999938964844
24 Aug 1987,333.3299865722656
25 Aug 1987,336.7699890136719
26 Aug 1987,334.57000732421875
27 Aug 1987,331.3800048828125
28 Aug 1987,327.0400085449219
31 Aug 1987,329.79998779296875
01 Sep 1987,323.3999938964844
02 Sep 1987,321.67999267578125
03 Sep 1987,320.2099914550781
04 Sep 1987,316.70001220703125
08 Sep 1987,313.55999755859375
09 Sep 1987,313.9200134277344
10 Sep 1987,317.1300048828125
11 Sep 1987,321.9800109863281
14 Sep 1987,323.0799865722656
15 Sep 1987,317.739990234375
16 Sep 1987,314.8599853515625
17 Sep 1987,314.92999267578125
18 Sep 1987,314.8599853515625
21 Sep 1987,310.5400085449219
22 Sep 1987,319.5
23 Sep 1987,321.19000244140625
24 Sep 1987,319.7200012207031
25 Sep 1987,320.1600036621094
28 Sep 1987,323.20001220703125
29 Sep 1987,321.69000244140625
30 Sep 1987,321.8299865722656
01 Oct 1987,327.3299865722656
02 Oct 1987,328.07000732421875
05 Oct 1987,328.0799865722656
06 Oct 1987,319.2200012207031
07 Oct 1987,318.5400085449219
08 Oct 1987,314.1600036621094
09 Oct 1987,311.07000732421875
12 Oct 1987,309.3900146484375
13 Oct 1987,314.5199890136719
14 Oct 1987,305.2300109863281
15 Oct 1987,298.0799865722656
16 Oct 1987,282.70001220703125
19 Oct 1987,224.83999633789062
20 Oct 1987,236.8300018310547
21 Oct 1987,258.3800048828125
22 Oct 1987,248.25
23 Oct 1987,248.22000122070312
26 Oct 1987,227.6699981689453
27 Oct 1987,233.19000244140625
28 Oct 1987,233.27999877929688
29 Oct 1987,244.77000427246094
30 Oct 1987,251.7899932861328
02 Nov 1987,255.75
03 Nov 1987,250.82000732421875
04 Nov 1987,248.9600067138672
05 Nov 1987,254.47999572753906
06 Nov 1987,250.41000366210938
09 Nov 1987,243.1699981689453
10 Nov 1987,239.0
11 Nov 1987,241.89999389648438
12 Nov 1987,248.52000427246094
13 Nov 1987,245.63999938964844
16 Nov 1987,246.75999450683594
17 Nov 1987,243.0399932861328
18 Nov 1987,245.5500030517578
19 Nov 1987,240.0500030517578
20 Nov 1987,242.0
23 Nov 1987,242.99000549316406
24 Nov 1987,246.38999938964844
25 Nov 1987,244.10000610351562
27 Nov 1987,240.33999633789062
30 Nov 1987,230.3000030517578
01 Dec 1987,232.0
02 Dec 1987,233.4499969482422
03 Dec 1987,225.2100067138672
04 Dec 1987,223.9199981689453
07 Dec 1987,228.75999450683594
08 Dec 1987,234.91000366210938
09 Dec 1987,238.88999938964844
10 Dec 1987,233.57000732421875
11 Dec 1987,235.32000732421875
14 Dec 1987,242.19000244140625
15 Dec 1987,242.80999755859375
16 Dec 1987,248.0800018310547
17 Dec 1987,242.97999572753906
18 Dec 1987,249.16000366210938
21 Dec 1987,249.5399932861328
22 Dec 1987,249.9499969482422
23 Dec 1987,253.16000366210938
24 Dec 1987,252.02999877929688
28 Dec 1987,245.57000732421875
29 Dec 1987,244.58999633789062
30 Dec 1987,247.86000061035156
31 Dec 1987,247.0800018310547
04 Jan 1988,255.94000244140625
05 Jan 1988,258.6300048828125
06 Jan 1988,258.8900146484375
07 Jan 1988,261.07000732421875
08 Jan 1988,243.39999389648438
11 Jan 1988,247.49000549316406
12 Jan 1988,245.4199981689453
13 Jan 1988,245.80999755859375
14 Jan 1988,245.8800048828125
15 Jan 1988,252.0500030517578
18 Jan 1988,251.8800048828125
19 Jan 1988,249.32000732421875
20 Jan 1988,242.6300048828125
21 Jan 1988,243.13999938964844
22 Jan 1988,246.5
25 Jan 1988,252.1699981689453
26 Jan 1988,249.57000732421875
27 Jan 1988,249.3800048828125
28 Jan 1988,253.2899932861328
29 Jan 1988,257.07000732421875
01 Feb 1988,255.0399932861328
02 Feb 1988,255.57000732421875
03 Feb 1988,252.2100067138672
04 Feb 1988,252.2100067138672
05 Feb 1988,250.9600067138672
08 Feb 1988,249.10000610351562
09 Feb 1988,251.72000122070312
10 Feb 1988,256.6600036621094
11 Feb 1988,255.9499969482422
12 Feb 1988,257.6300048828125
16 Feb 1988,259.8299865722656
17 Feb 1988,259.2099914550781
18 Feb 1988,257.9100036621094
19 Feb 1988,261.6099853515625
22 Feb 1988,265.6400146484375
23 Feb 1988,265.0199890136719
24 Feb 1988,264.42999267578125
25 Feb 1988,261.5799865722656
26 Feb 1988,262.4599914550781
29 Feb 1988,267.82000732421875
01 Mar 1988,267.2200012207031
02 Mar 1988,267.9800109863281
03 Mar 1988,267.8800048828125
04 Mar 1988,267.29998779296875
07 Mar 1988,267.3800048828125
08 Mar 1988,269.42999267578125
09 Mar 1988,269.05999755859375
10 Mar 1988,263.8399963378906
11 Mar 1988,264.94000244140625
14 Mar 1988,266.3699951171875
15 Mar 1988,266.1300048828125
16 Mar 1988,268.6499938964844
17 Mar 1988,271.2200012207031
18 Mar 1988,271.1199951171875
21 Mar 1988,268.739990234375
22 Mar 1988,268.8399963378906
23 Mar 1988,268.9100036621094
24 Mar 1988,263.3500061035156
25 Mar 1988,258.510009765625
28 Mar 1988,258.05999755859375
29 Mar 1988,260.07000732421875
30 Mar 1988,258.07000732421875
31 Mar 1988,258.8900146484375
04 Apr 1988,256.0899963378906
05 Apr 1988,258.510009765625
06 Apr 1988,265.489990234375
07 Apr 1988,266.1600036621094
08 Apr 1988,269.42999267578125
11 Apr 1988,270.1600036621094
12 Apr 1988,271.3699951171875
13 Apr 1988,271.5799865722656
14 Apr 1988,259.75
15 Apr 1988,259.7699890136719
18 Apr 1988,259.2099914550781
19 Apr 1988,257.9200134277344
20 Apr 1988,256.1300048828125
21 Apr 1988,256.4200134277344
22 Apr 1988,260.1400146484375
25 Apr 1988,262.510009765625
26 Apr 1988,263.92999267578125
27 Apr 1988,263.79998779296875
28 Apr 1988,262.6099853515625
29 Apr 1988,261.3299865722656
02 May 1988,261.55999755859375
03 May 1988,263.0
04 May 1988,260.32000732421875
05 May 1988,258.7900085449219
06 May 1988,257.4800109863281
09 May 1988,256.5400085449219
10 May 1988,257.6199951171875
11 May 1988,253.30999755859375
12 May 1988,253.85000610351562
13 May 1988,256.7799987792969
16 May 1988,258.7099914550781
17 May 1988,255.38999938964844
18 May 1988,251.35000610351562
19 May 1988,252.57000732421875
20 May 1988,253.02000427246094
23 May 1988,250.8300018310547
24 May 1988,253.50999450683594
25 May 1988,253.75999450683594
26 May 1988,254.6300048828125
27 May 1988,253.4199981689453
31 May 1988,262.1600036621094
01 Jun 1988,266.69000244140625
02 Jun 1988,265.3299865722656
03 Jun 1988,266.45001220703125
06 Jun 1988,267.04998779296875
07 Jun 1988,265.1700134277344
08 Jun 1988,271.5199890136719
09 Jun 1988,270.20001220703125
10 Jun 1988,271.260009765625
13 Jun 1988,271.42999267578125
14 Jun 1988,274.29998779296875
15 Jun 1988,274.45001220703125
16 Jun 1988,269.7699890136719
17 Jun 1988,270.67999267578125
20 Jun 1988,268.94000244140625
21 Jun 1988,271.6700134277344
22 Jun 1988,275.6600036621094
23 Jun 1988,274.82000732421875
24 Jun 1988,273.7799987792969
27 Jun 1988,269.05999755859375
28 Jun 1988,272.30999755859375
29 Jun 1988,270.9800109863281
30 Jun 1988,273.5
01 Jul 1988,271.7799987792969
05 Jul 1988,275.80999755859375
06 Jul 1988,272.0199890136719
07 Jul 1988,271.7799987792969
08 Jul 1988,270.0199890136719
11 Jul 1988,270.54998779296875
12 Jul 1988,267.8500061035156
13 Jul 1988,269.32000732421875
14 Jul 1988,270.260009765625
15 Jul 1988,272.04998779296875
18 Jul 1988,270.510009765625
19 Jul 1988,268.4700012207031
20 Jul 1988,270.0
21 Jul 1988,266.6600036621094
22 Jul 1988,263.5
25 Jul 1988,264.67999267578125
26 Jul 1988,265.19000244140625
27 Jul 1988,262.5
28 Jul 1988,266.0199890136719
29 Jul 1988,272.0199890136719
01 Aug 1988,272.2099914550781
02 Aug 1988,272.05999755859375
03 Aug 1988,272.9800109863281
04 Aug 1988,271.92999267578125
05 Aug 1988,271.1499938964844
08 Aug 1988,269.9800109863281
09 Aug 1988,266.489990234375
10 Aug 1988,261.8999938964844
11 Aug 1988,262.75
12 Aug 1988,262.54998779296875
15 Aug 1988,258.69000244140625
16 Aug 1988,260.55999755859375
17 Aug 1988,260.7699890136719
18 Aug 1988,261.0299987792969
19 Aug 1988,260.239990234375
22 Aug 1988,256.9800109863281
23 Aug 1988,257.0899963378906
24 Aug 1988,261.1300048828125
25 Aug 1988,259.17999267578125
26 Aug 1988,259.67999267578125
29 Aug 1988,262.3299865722656
30 Aug 1988,262.510009765625
31 Aug 1988,261.5199890136719
01 Sep 1988,258.3500061035156
02 Sep 1988,264.4800109863281
06 Sep 1988,265.5899963378906
07 Sep 1988,265.8699951171875
08 Sep 1988,265.8800048828125
09 Sep 1988,266.8399963378906
12 Sep 1988,266.4700012207031
13 Sep 1988,267.42999267578125
14 Sep 1988,269.30999755859375
15 Sep 1988,268.1300048828125
16 Sep 1988,270.6499938964844
19 Sep 1988,268.82000732421875
20 Sep 1988,269.7300109863281
21 Sep 1988,270.1600036621094
22 Sep 1988,269.17999267578125
23 Sep 1988,269.760009765625
26 Sep 1988,268.8800048828125
27 Sep 1988,268.260009765625
28 Sep 1988,269.0799865722656
29 Sep 1988,272.5899963378906
30 Sep 1988,271.9100036621094
03 Oct 1988,271.3800048828125
04 Oct 1988,270.6199951171875
05 Oct 1988,271.8599853515625
06 Oct 1988,272.3900146484375
07 Oct 1988,278.07000732421875
10 Oct 1988,278.239990234375
11 Oct 1988,277.92999267578125
12 Oct 1988,273.9800109863281
13 Oct 1988,275.2200012207031
14 Oct 1988,275.5
17 Oct 1988,276.4100036621094
18 Oct 1988,279.3800048828125
19 Oct 1988,276.9700012207031
20 Oct 1988,282.8800048828125
21 Oct 1988,283.6600036621094
24 Oct 1988,282.2799987792969
25 Oct 1988,282.3800048828125
26 Oct 1988,281.3800048828125
27 Oct 1988,277.2799987792969
28 Oct 1988,278.5299987792969
31 Oct 1988,278.9700012207031
01 Nov 1988,279.05999755859375
02 Nov 1988,279.05999755859375
03 Nov 1988,279.20001220703125
04 Nov 1988,276.30999755859375
07 Nov 1988,273.92999267578125
08 Nov 1988,275.1499938964844
09 Nov 1988,273.3299865722656
10 Nov 1988,273.69000244140625
11 Nov 1988,267.9200134277344
14 Nov 1988,267.7200012207031
15 Nov 1988,268.3399963378906
16 Nov 1988,263.82000732421875
17 Nov 1988,264.6000061035156
18 Nov 1988,266.4700012207031
21 Nov 1988,266.2200012207031
22 Nov 1988,267.2099914550781
23 Nov 1988,269.0
25 Nov 1988,267.2300109863281
28 Nov 1988,268.6400146484375
29 Nov 1988,270.9100036621094
30 Nov 1988,273.70001220703125
01 Dec 1988,272.489990234375
02 Dec 1988,271.80999755859375
05 Dec 1988,274.92999267578125
06 Dec 1988,277.5899963378906
07 Dec 1988,278.1300048828125
08 Dec 1988,276.5899963378906
09 Dec 1988,277.0299987792969
12 Dec 1988,276.5199890136719
13 Dec 1988,276.30999755859375
14 Dec 1988,275.30999755859375
15 Dec 1988,274.2799987792969
16 Dec 1988,276.2900085449219
19 Dec 1988,278.9100036621094
20 Dec 1988,277.4700012207031
21 Dec 1988,277.3800048828125
22 Dec 1988,276.8699951171875
23 Dec 1988,277.8699951171875
27 Dec 1988,276.8299865722656
28 Dec 1988,277.0799865722656
29 Dec 1988,279.3999938964844
30 Dec 1988,277.7200012207031
03 Jan 1989,275.30999755859375
04 Jan 1989,279.42999267578125
05 Jan 1989,280.010009765625
06 Jan 1989,280.6700134277344
09 Jan 1989,280.9800109863281
10 Jan 1989,280.3800048828125
11 Jan 1989,282.010009765625
12 Jan 1989,283.1700134277344
13 Jan 1989,283.8699951171875
16 Jan 1989,284.1400146484375
17 Jan 1989,283.54998779296875
18 Jan 1989,286.5299987792969
19 Jan 1989,286.9100036621094
20 Jan 1989,286.6300048828125
23 Jan 1989,284.5
24 Jan 1989,288.489990234375
25 Jan 1989,289.1400146484375
26 Jan 1989,291.69000244140625
27 Jan 1989,293.82000732421875
30 Jan 1989,294.989990234375
31 Jan 1989,297.4700012207031
01 Feb 1989,297.0899963378906
02 Feb 1989,296.8399963378906
03 Feb 1989,296.9700012207031
06 Feb 1989,296.0400085449219
07 Feb 1989,299.6300048828125
08 Feb 1989,298.6499938964844
09 Feb 1989,296.05999755859375
10 Feb 1989,292.0199890136719
13 Feb 1989,292.5400085449219
14 Feb 1989,291.80999755859375
15 Feb 1989,294.239990234375
16 Feb 1989,294.80999755859375
17 Feb 1989,296.760009765625
21 Feb 1989,295.9800109863281
22 Feb 1989,290.9100036621094
23 Feb 1989,292.04998779296875
24 Feb 1989,287.1300048828125
27 Feb 1989,287.82000732421875
28 Feb 1989,288.8599853515625
01 Mar 1989,287.1099853515625
02 Mar 1989,289.95001220703125
03 Mar 1989,291.17999267578125
06 Mar 1989,294.80999755859375
07 Mar 1989,293.8699951171875
08 Mar 1989,294.0799865722656
09 Mar 1989,293.92999267578125
10 Mar 1989,292.8800048828125
13 Mar 1989,295.32000732421875
14 Mar 1989,295.1400146484375
15 Mar 1989,296.6700134277344
16 Mar 1989,299.44000244140625
17 Mar 1989,292.69000244140625
20 Mar 1989,289.9200134277344
21 Mar 1989,291.3299865722656
22 Mar 1989,290.489990234375
23 Mar 1989,288.9800109863281
27 Mar 1989,290.57000732421875
28 Mar 1989,291.5899963378906
29 Mar 1989,292.3500061035156
30 Mar 1989,292.5199890136719
31 Mar 1989,294.8699951171875
03 Apr 1989,296.3900146484375
04 Apr 1989,295.30999755859375
05 Apr 1989,296.239990234375
06 Apr 1989,295.2900085449219
07 Apr 1989,297.1600036621094
10 Apr 1989,297.1099853515625
11 Apr 1989,298.489990234375
12 Apr 1989,298.989990234375
13 Apr 1989,296.3999938964844
14 Apr 1989,301.3599853515625
17 Apr 1989,301.7200012207031
18 Apr 1989,306.0199890136719
19 Apr 1989,307.1499938964844
20 Apr 1989,306.19000244140625
21 Apr 1989,309.6099853515625
24 Apr 1989,308.69000244140625
25 Apr 1989,306.75
26 Apr 1989,306.92999267578125
27 Apr 1989,309.5799865722656
28 Apr 1989,309.6400146484375
01 May 1989,309.1199951171875
02 May 1989,308.1199951171875
03 May 1989,308.1600036621094
04 May 1989,307.7699890136719
05 May 1989,307.6099853515625
08 May 1989,306.0
09 May 1989,305.19000244140625
10 May 1989,305.79998779296875
11 May 1989,306.95001220703125
12 May 1989,313.8399963378906
15 May 1989,316.1600036621094
16 May 1989,315.2799987792969
17 May 1989,317.4800109863281
18 May 1989,317.9700012207031
19 May 1989,321.239990234375
22 May 1989,321.9800109863281
23 May 1989,318.32000732421875
24 May 1989,319.1400146484375
25 May 1989,319.1700134277344
26 May 1989,321.5899963378906
30 May 1989,319.04998779296875
31 May 1989,320.5199890136719
01 Jun 1989,321.9700012207031
02 Jun 1989,325.5199890136719
05 Jun 1989,322.0299987792969
06 Jun 1989,324.239990234375
07 Jun 1989,326.95001220703125
08 Jun 1989,326.75
09 Jun 1989,326.69000244140625
12 Jun 1989,326.239990234375
13 Jun 1989,323.9100036621094
14 Jun 1989,323.8299865722656
15 Jun 1989,320.0799865722656
16 Jun 1989,321.3500061035156
19 Jun 1989,321.8900146484375
20 Jun 1989,321.25
21 Jun 1989,320.4800109863281
22 Jun 1989,322.32000732421875
23 Jun 1989,328.0
26 Jun 1989,326.6000061035156
27 Jun 1989,328.44000244140625
28 Jun 1989,325.80999755859375
29 Jun 1989,319.67999267578125
30 Jun 1989,317.9800109863281
03 Jul 1989,319.2300109863281
05 Jul 1989,320.6400146484375
06 Jul 1989,321.54998779296875
07 Jul 1989,324.9100036621094
10 Jul 1989,327.07000732421875
11 Jul 1989,328.7799987792969
12 Jul 1989,329.80999755859375
13 Jul 1989,329.95001220703125
14 Jul 1989,331.8399963378906
17 Jul 1989,332.44000244140625
18 Jul 1989,331.3500061035156
19 Jul 1989,335.7300109863281
20 Jul 1989,333.510009765625
21 Jul 1989,335.8999938964844
24 Jul 1989,333.6700134277344
25 Jul 1989,333.8800048828125
26 Jul 1989,338.04998779296875
27 Jul 1989,341.989990234375
28 Jul 1989,342.1499938964844
31 Jul 1989,346.0799865722656
01 Aug 1989,343.75
02 Aug 1989,344.3399963378906
03 Aug 1989,344.739990234375
04 Aug 1989,343.9200134277344
07 Aug 1989,349.4100036621094
08 Aug 1989,349.3500061035156
09 Aug 1989,346.94000244140625
10 Aug 1989,348.25
11 Aug 1989,344.739990234375
14 Aug 1989,343.05999755859375
15 Aug 1989,344.7099914550781
16 Aug 1989,345.6600036621094
17 Aug 1989,344.45001220703125
18 Aug 1989,346.0299987792969
21 Aug 1989,340.6700134277344
22 Aug 1989,341.19000244140625
23 Aug 1989,344.70001220703125
24 Aug 1989,351.5199890136719
25 Aug 1989,350.5199890136719
28 Aug 1989,352.0899963378906
29 Aug 1989,349.8399963378906
30 Aug 1989,350.6499938964844
31 Aug 1989,351.45001220703125
01 Sep 1989,353.7300109863281
05 Sep 1989,352.55999755859375
06 Sep 1989,349.239990234375
07 Sep 1989,348.3500061035156
08 Sep 1989,348.760009765625
11 Sep 1989,347.6600036621094
12 Sep 1989,348.70001220703125
13 Sep 1989,345.4599914550781
14 Sep 1989,343.1600036621094
15 Sep 1989,345.05999755859375
18 Sep 1989,346.7300109863281
19 Sep 1989,346.54998779296875
20 Sep 1989,346.4700012207031
21 Sep 1989,345.70001220703125
22 Sep 1989,347.04998779296875
25 Sep 1989,344.2300109863281
26 Sep 1989,344.3299865722656
27 Sep 1989,345.1000061035156
28 Sep 1989,348.6000061035156
29 Sep 1989,349.1499938964844
02 Oct 1989,350.8699951171875
03 Oct 1989,354.7099914550781
04 Oct 1989,356.94000244140625
05 Oct 1989,356.9700012207031
06 Oct 1989,358.7799987792969
09 Oct 1989,359.79998779296875
10 Oct 1989,359.1300048828125
11 Oct 1989,356.989990234375
12 Oct 1989,355.3900146484375
13 Oct 1989,333.6499938964844
16 Oct 1989,342.8500061035156
17 Oct 1989,341.1600036621094
18 Oct 1989,341.760009765625
19 Oct 1989,347.1300048828125
20 Oct 1989,347.1600036621094
23 Oct 1989,344.8299865722656
24 Oct 1989,343.70001220703125
25 Oct 1989,342.5
26 Oct 1989,337.92999267578125
27 Oct 1989,335.05999755859375
30 Oct 1989,335.07000732421875
31 Oct 1989,340.3599853515625
01 Nov 1989,341.20001220703125
02 Nov 1989,338.4800109863281
03 Nov 1989,337.6199951171875
06 Nov 1989,332.6099853515625
07 Nov 1989,334.80999755859375
08 Nov 1989,338.1499938964844
09 Nov 1989,336.57000732421875
10 Nov 1989,339.1000061035156
13 Nov 1989,339.54998779296875
14 Nov 1989,337.989990234375
15 Nov 1989,340.5400085449219
16 Nov 1989,340.5799865722656
17 Nov 1989,341.6099853515625
20 Nov 1989,339.3500061035156
21 Nov 1989,339.5899963378906
22 Nov 1989,341.9100036621094
24 Nov 1989,343.9700012207031
27 Nov 1989,345.6099853515625
28 Nov 1989,345.7699890136719
29 Nov 1989,343.6000061035156
30 Nov 1989,345.989990234375
01 Dec 1989,350.6300048828125
04 Dec 1989,351.4100036621094
05 Dec 1989,349.5799865722656
06 Dec 1989,348.54998779296875
07 Dec 1989,347.5899963378906
08 Dec 1989,348.69000244140625
11 Dec 1989,348.55999755859375
12 Dec 1989,351.7300109863281
13 Dec 1989,352.75
14 Dec 1989,350.92999267578125
15 Dec 1989,350.1400146484375
18 Dec 1989,343.69000244140625
19 Dec 1989,342.4599914550781
20 Dec 1989,342.8399963378906
21 Dec 1989,344.7799987792969
22 Dec 1989,347.4200134277344
26 Dec 1989,346.80999755859375
27 Dec 1989,348.80999755859375
28 Dec 1989,350.6700134277344
29 Dec 1989,353.3999938964844
02 Jan 1990,359.69000244140625
03 Jan 1990,358.760009765625
04 Jan 1990,355.6700134277344
05 Jan 1990,352.20001220703125
08 Jan 1990,353.7900085449219
09 Jan 1990,349.6199951171875
10 Jan 1990,347.30999755859375
11 Jan 1990,348.5299987792969
12 Jan 1990,339.92999267578125
15 Jan 1990,337.0
16 Jan 1990,340.75
17 Jan 1990,337.3999938964844
18 Jan 1990,338.19000244140625
19 Jan 1990,339.1499938964844
22 Jan 1990,330.3800048828125
23 Jan 1990,331.6099853515625
24 Jan 1990,330.260009765625
25 Jan 1990,326.0799865722656
26 Jan 1990,325.79998779296875
29 Jan 1990,325.20001220703125
30 Jan 1990,322.9800109863281
31 Jan 1990,329.0799865722656
01 Feb 1990,328.7900085449219
02 Feb 1990,330.9200134277344
05 Feb 1990,331.8500061035156
06 Feb 1990,329.6600036621094
07 Feb 1990,333.75
08 Feb 1990,332.9599914550781
09 Feb 1990,333.6199951171875
12 Feb 1990,330.0799865722656
13 Feb 1990,331.0199890136719
14 Feb 1990,332.010009765625
15 Feb 1990,334.8900146484375
16 Feb 1990,332.7200012207031
20 Feb 1990,327.989990234375
21 Feb 1990,327.6700134277344
22 Feb 1990,325.70001220703125
23 Feb 1990,324.1499938964844
26 Feb 1990,328.6700134277344
27 Feb 1990,330.260009765625
28 Feb 1990,331.8900146484375
01 Mar 1990,332.739990234375
02 Mar 1990,335.5400085449219
05 Mar 1990,333.739990234375
06 Mar 1990,337.92999267578125
07 Mar 1990,336.95001220703125
08 Mar 1990,340.2699890136719
09 Mar 1990,337.92999267578125
12 Mar 1990,338.6700134277344
13 Mar 1990,336.0
14 Mar 1990,336.8699951171875
15 Mar 1990,338.07000732421875
16 Mar 1990,341.9100036621094
19 Mar 1990,343.5299987792969
20 Mar 1990,341.57000732421875
21 Mar 1990,339.739990234375
22 Mar 1990,335.69000244140625
23 Mar 1990,337.2200012207031
26 Mar 1990,337.6300048828125
27 Mar 1990,341.5
28 Mar 1990,342.0
29 Mar 1990,340.7900085449219
30 Mar 1990,339.94000244140625
02 Apr 1990,338.70001220703125
03 Apr 1990,343.6400146484375
04 Apr 1990,341.0899963378906
05 Apr 1990,340.7300109863281
06 Apr 1990,340.0799865722656
09 Apr 1990,341.3699951171875
10 Apr 1990,342.07000732421875
11 Apr 1990,341.9200134277344
12 Apr 1990,344.3399963378906
16 Apr 1990,344.739990234375
17 Apr 1990,344.67999267578125
18 Apr 1990,340.7200012207031
19 Apr 1990,338.0899963378906
20 Apr 1990,335.1199951171875
23 Apr 1990,331.04998779296875
24 Apr 1990,330.3599853515625
25 Apr 1990,332.0299987792969
26 Apr 1990,332.9200134277344
27 Apr 1990,329.1099853515625
30 Apr 1990,330.79998779296875
01 May 1990,332.25
02 May 1990,334.4800109863281
03 May 1990,335.57000732421875
04 May 1990,338.3900146484375
07 May 1990,340.5299987792969
08 May 1990,342.010009765625
09 May 1990,342.8599853515625
10 May 1990,343.82000732421875
11 May 1990,352.0
14 May 1990,354.75
15 May 1990,354.2799987792969
16 May 1990,354.0
17 May 1990,354.4700012207031
18 May 1990,354.6400146484375
21 May 1990,358.0
22 May 1990,358.42999267578125
23 May 1990,359.2900085449219
24 May 1990,358.4100036621094
25 May 1990,354.5799865722656
29 May 1990,360.6499938964844
30 May 1990,360.8599853515625
31 May 1990,361.2300109863281
01 Jun 1990,363.1600036621094
04 Jun 1990,367.3999938964844
05 Jun 1990,366.6400146484375
06 Jun 1990,364.9599914550781
07 Jun 1990,363.1499938964844
08 Jun 1990,358.7099914550781
11 Jun 1990,361.6300048828125
12 Jun 1990,366.25
13 Jun 1990,364.8999938964844
14 Jun 1990,362.8999938964844
15 Jun 1990,362.9100036621094
18 Jun 1990,356.8800048828125
19 Jun 1990,358.4700012207031
20 Jun 1990,359.1000061035156
21 Jun 1990,360.4700012207031
22 Jun 1990,355.42999267578125
25 Jun 1990,352.30999755859375
26 Jun 1990,352.05999755859375
27 Jun 1990,355.1400146484375
28 Jun 1990,357.6300048828125
29 Jun 1990,358.0199890136719
02 Jul 1990,359.5400085449219
03 Jul 1990,360.1600036621094
05 Jul 1990,355.67999267578125
06 Jul 1990,358.4200134277344
09 Jul 1990,359.5199890136719
10 Jul 1990,356.489990234375
11 Jul 1990,361.2300109863281
12 Jul 1990,365.44000244140625
13 Jul 1990,367.30999755859375
16 Jul 1990,368.95001220703125
17 Jul 1990,367.5199890136719
18 Jul 1990,364.2200012207031
19 Jul 1990,365.32000732421875
20 Jul 1990,361.6099853515625
23 Jul 1990,355.30999755859375
24 Jul 1990,355.7900085449219
25 Jul 1990,357.0899963378906
26 Jul 1990,355.9100036621094
27 Jul 1990,353.44000244140625
30 Jul 1990,355.54998779296875
31 Jul 1990,356.1499938964844
01 Aug 1990,355.5199890136719
02 Aug 1990,351.4800109863281
03 Aug 1990,344.8599853515625
06 Aug 1990,334.42999267578125
07 Aug 1990,334.8299865722656
08 Aug 1990,338.3500061035156
09 Aug 1990,339.94000244140625
10 Aug 1990,335.5199890136719
13 Aug 1990,338.8399963378906
14 Aug 1990,339.3900146484375
15 Aug 1990,340.05999755859375
16 Aug 1990,332.3900146484375
17 Aug 1990,327.8299865722656
20 Aug 1990,328.510009765625
21 Aug 1990,321.8599853515625
22 Aug 1990,316.54998779296875
23 Aug 1990,307.05999755859375
24 Aug 1990,311.510009765625
27 Aug 1990,321.44000244140625
28 Aug 1990,321.3399963378906
29 Aug 1990,324.19000244140625
30 Aug 1990,318.7099914550781
31 Aug 1990,322.55999755859375
04 Sep 1990,323.0899963378906
05 Sep 1990,324.3900146484375
06 Sep 1990,320.4599914550781
07 Sep 1990,323.3999938964844
10 Sep 1990,321.6300048828125
11 Sep 1990,321.0400085449219
12 Sep 1990,322.5400085449219
13 Sep 1990,318.6499938964844
14 Sep 1990,316.8299865722656
17 Sep 1990,317.7699890136719
18 Sep 1990,318.6000061035156
19 Sep 1990,316.6000061035156
20 Sep 1990,311.4800109863281
21 Sep 1990,311.32000732421875
24 Sep 1990,304.5899963378906
25 Sep 1990,308.260009765625
26 Sep 1990,305.05999755859375
27 Sep 1990,300.9700012207031
28 Sep 1990,306.04998779296875
01 Oct 1990,314.94000244140625
02 Oct 1990,315.2099914550781
03 Oct 1990,311.3999938964844
04 Oct 1990,312.69000244140625
05 Oct 1990,311.5
08 Oct 1990,313.4800109863281
09 Oct 1990,305.1000061035156
10 Oct 1990,300.3900146484375
11 Oct 1990,295.4599914550781
12 Oct 1990,300.0299987792969
15 Oct 1990,303.2300109863281
16 Oct 1990,298.9200134277344
17 Oct 1990,298.760009765625
18 Oct 1990,305.739990234375
19 Oct 1990,312.4800109863281
22 Oct 1990,314.760009765625
23 Oct 1990,312.3599853515625
24 Oct 1990,312.6000061035156
25 Oct 1990,310.1700134277344
26 Oct 1990,304.7099914550781
29 Oct 1990,301.8800048828125
30 Oct 1990,304.05999755859375
31 Oct 1990,304.0
01 Nov 1990,307.0199890136719
02 Nov 1990,311.8500061035156
05 Nov 1990,314.5899963378906
06 Nov 1990,311.6199951171875
07 Nov 1990,306.010009765625
08 Nov 1990,307.6099853515625
09 Nov 1990,313.739990234375
12 Nov 1990,319.4800109863281
13 Nov 1990,317.6700134277344
14 Nov 1990,320.3999938964844
15 Nov 1990,317.0199890136719
16 Nov 1990,317.1199951171875
19 Nov 1990,319.3399963378906
20 Nov 1990,315.30999755859375
21 Nov 1990,316.0299987792969
23 Nov 1990,315.1000061035156
26 Nov 1990,316.510009765625
27 Nov 1990,318.1000061035156
28 Nov 1990,317.95001220703125
29 Nov 1990,316.4200134277344
30 Nov 1990,322.2200012207031
03 Dec 1990,324.1000061035156
04 Dec 1990,326.3500061035156
05 Dec 1990,329.9200134277344
06 Dec 1990,329.07000732421875
07 Dec 1990,327.75
10 Dec 1990,328.8900146484375
11 Dec 1990,326.44000244140625
12 Dec 1990,330.19000244140625
13 Dec 1990,329.3399963378906
14 Dec 1990,326.82000732421875
17 Dec 1990,326.0199890136719
18 Dec 1990,330.04998779296875
19 Dec 1990,330.20001220703125
20 Dec 1990,330.1199951171875
21 Dec 1990,331.75
24 Dec 1990,329.8999938964844
26 Dec 1990,330.8500061035156
27 Dec 1990,328.2900085449219
28 Dec 1990,328.7200012207031
31 Dec 1990,330.2200012207031
02 Jan 1991,326.45001220703125
03 Jan 1991,321.9100036621094
04 Jan 1991,321.0
07 Jan 1991,315.44000244140625
08 Jan 1991,314.8999938964844
09 Jan 1991,311.489990234375
10 Jan 1991,314.5299987792969
11 Jan 1991,315.2300109863281
14 Jan 1991,312.489990234375
15 Jan 1991,313.7300109863281
16 Jan 1991,316.1700134277344
17 Jan 1991,327.9700012207031
18 Jan 1991,332.2300109863281
21 Jan 1991,331.05999755859375
22 Jan 1991,328.30999755859375
23 Jan 1991,330.2099914550781
24 Jan 1991,334.7799987792969
25 Jan 1991,336.07000732421875
28 Jan 1991,336.0299987792969
29 Jan 1991,335.8399963378906
30 Jan 1991,340.9100036621094
31 Jan 1991,343.92999267578125
01 Feb 1991,343.04998779296875
04 Feb 1991,348.3399963378906
05 Feb 1991,351.260009765625
06 Feb 1991,358.07000732421875
07 Feb 1991,356.5199890136719
08 Feb 1991,359.3500061035156
11 Feb 1991,368.5799865722656
12 Feb 1991,365.5
13 Feb 1991,369.0199890136719
14 Feb 1991,364.2200012207031
15 Feb 1991,369.05999755859375
19 Feb 1991,369.3900146484375
20 Feb 1991,365.1400146484375
21 Feb 1991,364.9700012207031
22 Feb 1991,365.6499938964844
25 Feb 1991,367.260009765625
26 Feb 1991,362.80999755859375
27 Feb 1991,367.739990234375
28 Feb 1991,367.07000732421875
01 Mar 1991,370.4700012207031
04 Mar 1991,369.3299865722656
05 Mar 1991,376.7200012207031
06 Mar 1991,376.1700134277344
07 Mar 1991,375.9100036621094
08 Mar 1991,374.95001220703125
11 Mar 1991,372.9599914550781
12 Mar 1991,370.0299987792969
13 Mar 1991,374.57000732421875
14 Mar 1991,373.5
15 Mar 1991,373.5899963378906
18 Mar 1991,372.1099853515625
19 Mar 1991,366.5899963378906
20 Mar 1991,367.9200134277344
21 Mar 1991,366.5799865722656
22 Mar 1991,367.4800109863281
25 Mar 1991,369.8299865722656
26 Mar 1991,376.29998779296875
27 Mar 1991,375.3500061035156
28 Mar 1991,375.2200012207031
01 Apr 1991,371.29998779296875
02 Apr 1991,379.5
03 Apr 1991,378.94000244140625
04 Apr 1991,379.7699890136719
05 Apr 1991,375.3599853515625
08 Apr 1991,378.6600036621094
09 Apr 1991,373.55999755859375
10 Apr 1991,373.1499938964844
11 Apr 1991,377.6300048828125
12 Apr 1991,380.3999938964844
15 Apr 1991,381.19000244140625
16 Apr 1991,387.6199951171875
17 Apr 1991,390.45001220703125
18 Apr 1991,388.4599914550781
19 Apr 1991,384.20001220703125
22 Apr 1991,380.95001220703125
23 Apr 1991,381.760009765625
24 Apr 1991,382.760009765625
25 Apr 1991,379.25
26 Apr 1991,379.0199890136719
29 Apr 1991,373.6600036621094
30 Apr 1991,375.3399963378906
01 May 1991,380.2900085449219
02 May 1991,380.5199890136719
03 May 1991,380.79998779296875
06 May 1991,380.0799865722656
07 May 1991,377.32000732421875
08 May 1991,378.510009765625
09 May 1991,383.25
10 May 1991,375.739990234375
13 May 1991,376.760009765625
14 May 1991,371.6199951171875
15 May 1991,368.57000732421875
16 May 1991,372.19000244140625
17 May 1991,372.3900146484375
20 May 1991,372.2799987792969
21 May 1991,375.3500061035156
22 May 1991,376.19000244140625
23 May 1991,374.9599914550781
24 May 1991,377.489990234375
28 May 1991,381.94000244140625
29 May 1991,382.7900085449219
30 May 1991,386.9599914550781
31 May 1991,389.8299865722656
03 Jun 1991,388.05999755859375
04 Jun 1991,387.739990234375
05 Jun 1991,385.0899963378906
06 Jun 1991,383.6300048828125
07 Jun 1991,379.42999267578125
10 Jun 1991,378.57000732421875
11 Jun 1991,381.04998779296875
12 Jun 1991,376.6499938964844
13 Jun 1991,377.6300048828125
14 Jun 1991,382.2900085449219
17 Jun 1991,380.1300048828125
18 Jun 1991,378.5899963378906
19 Jun 1991,375.0899963378906
20 Jun 1991,375.4200134277344
21 Jun 1991,377.75
24 Jun 1991,370.94000244140625
25 Jun 1991,370.6499938964844
26 Jun 1991,371.5899963378906
27 Jun 1991,374.3999938964844
28 Jun 1991,371.1600036621094
01 Jul 1991,377.9200134277344
02 Jul 1991,377.4700012207031
03 Jul 1991,373.3299865722656
05 Jul 1991,374.0799865722656
08 Jul 1991,377.94000244140625
09 Jul 1991,376.1099853515625
10 Jul 1991,375.739990234375
11 Jul 1991,376.9700012207031
12 Jul 1991,380.25
15 Jul 1991,382.3900146484375
16 Jul 1991,381.5400085449219
17 Jul 1991,381.17999267578125
18 Jul 1991,385.3699951171875
19 Jul 1991,384.2200012207031
22 Jul 1991,382.8800048828125
23 Jul 1991,379.4200134277344
24 Jul 1991,378.6400146484375
25 Jul 1991,380.9599914550781
26 Jul 1991,380.92999267578125
29 Jul 1991,383.1499938964844
30 Jul 1991,386.69000244140625
31 Jul 1991,387.80999755859375
01 Aug 1991,387.1199951171875
02 Aug 1991,387.17999267578125
05 Aug 1991,385.05999755859375
06 Aug 1991,390.6199951171875
07 Aug 1991,390.55999755859375
08 Aug 1991,389.32000732421875
09 Aug 1991,387.1199951171875
12 Aug 1991,388.0199890136719
13 Aug 1991,389.6199951171875
14 Aug 1991,389.8999938964844
15 Aug 1991,389.3299865722656
16 Aug 1991,385.5799865722656
19 Aug 1991,376.4700012207031
20 Aug 1991,379.42999267578125
21 Aug 1991,390.5899963378906
22 Aug 1991,391.3299865722656
23 Aug 1991,394.1700134277344
26 Aug 1991,393.8500061035156
27 Aug 1991,393.05999755859375
28 Aug 1991,396.6400146484375
29 Aug 1991,396.4700012207031
30 Aug 1991,395.42999267578125
03 Sep 1991,392.1499938964844
04 Sep 1991,389.9700012207031
05 Sep 1991,389.1400146484375
06 Sep 1991,389.1000061035156
09 Sep 1991,388.57000732421875
10 Sep 1991,384.55999755859375
11 Sep 1991,385.0899963378906
12 Sep 1991,387.3399963378906
13 Sep 1991,383.5899963378906
16 Sep 1991,385.7799987792969
17 Sep 1991,385.5
18 Sep 1991,386.94000244140625
19 Sep 1991,387.55999755859375
20 Sep 1991,387.9200134277344
23 Sep 1991,385.9200134277344
24 Sep 1991,387.7099914550781
25 Sep 1991,386.8800048828125
26 Sep 1991,386.489990234375
27 Sep 1991,385.8999938964844
30 Sep 1991,387.8599853515625
01 Oct 1991,389.20001220703125
02 Oct 1991,388.260009765625
03 Oct 1991,384.4700012207031
04 Oct 1991,381.25
07 Oct 1991,379.5
08 Oct 1991,380.6700134277344
09 Oct 1991,376.79998779296875
10 Oct 1991,380.54998779296875
11 Oct 1991,381.45001220703125
14 Oct 1991,386.4700012207031
15 Oct 1991,391.010009765625
16 Oct 1991,392.79998779296875
17 Oct 1991,391.9200134277344
18 Oct 1991,392.5
21 Oct 1991,390.0199890136719
22 Oct 1991,387.8299865722656
23 Oct 1991,387.94000244140625
24 Oct 1991,385.07000732421875
25 Oct 1991,384.20001220703125
28 Oct 1991,389.5199890136719
29 Oct 1991,391.4800109863281
30 Oct 1991,392.9599914550781
31 Oct 1991,392.45001220703125
01 Nov 1991,391.32000732421875
04 Nov 1991,390.2799987792969
05 Nov 1991,388.7099914550781
06 Nov 1991,389.9700012207031
07 Nov 1991,393.7200012207031
08 Nov 1991,392.8900146484375
11 Nov 1991,393.1199951171875
12 Nov 1991,396.739990234375
13 Nov 1991,397.4100036621094
14 Nov 1991,397.1499938964844
15 Nov 1991,382.6199951171875
18 Nov 1991,385.239990234375
19 Nov 1991,379.4200134277344
20 Nov 1991,378.5299987792969
21 Nov 1991,380.05999755859375
22 Nov 1991,376.1400146484375
25 Nov 1991,375.3399963378906
26 Nov 1991,377.9599914550781
27 Nov 1991,376.54998779296875
29 Nov 1991,375.2200012207031
02 Dec 1991,381.3999938964844
03 Dec 1991,380.9599914550781
04 Dec 1991,380.07000732421875
05 Dec 1991,377.3900146484375
06 Dec 1991,379.1000061035156
09 Dec 1991,378.260009765625
10 Dec 1991,377.8999938964844
11 Dec 1991,377.70001220703125
12 Dec 1991,381.54998779296875
13 Dec 1991,384.4700012207031
16 Dec 1991,384.4599914550781
17 Dec 1991,382.739990234375
18 Dec 1991,383.4800109863281
19 Dec 1991,382.5199890136719
20 Dec 1991,387.0400085449219
23 Dec 1991,396.82000732421875
24 Dec 1991,399.3299865722656
26 Dec 1991,404.8399963378906
27 Dec 1991,406.4599914550781
30 Dec 1991,415.1400146484375
31 Dec 1991,417.0899963378906
02 Jan 1992,417.260009765625
03 Jan 1992,419.3399963378906
06 Jan 1992,417.9599914550781
07 Jan 1992,417.3999938964844
08 Jan 1992,418.1000061035156
09 Jan 1992,417.6099853515625
10 Jan 1992,415.1000061035156
13 Jan 1992,414.3399963378906
14 Jan 1992,420.44000244140625
15 Jan 1992,420.7699890136719
16 Jan 1992,418.2099914550781
17 Jan 1992,418.8599853515625
20 Jan 1992,416.3599853515625
21 Jan 1992,412.6400146484375
22 Jan 1992,418.1300048828125
23 Jan 1992,414.9599914550781
24 Jan 1992,415.4800109863281
27 Jan 1992,414.989990234375
28 Jan 1992,414.9599914550781
29 Jan 1992,410.3399963378906
30 Jan 1992,411.6199951171875
31 Jan 1992,408.7799987792969
03 Feb 1992,409.5299987792969
04 Feb 1992,413.8500061035156
05 Feb 1992,413.8399963378906
06 Feb 1992,413.82000732421875
07 Feb 1992,411.0899963378906
10 Feb 1992,413.7699890136719
11 Feb 1992,413.760009765625
12 Feb 1992,417.1300048828125
13 Feb 1992,413.69000244140625
14 Feb 1992,412.4800109863281
18 Feb 1992,407.3800048828125
19 Feb 1992,408.260009765625
20 Feb 1992,413.8999938964844
21 Feb 1992,411.42999267578125
24 Feb 1992,412.2699890136719
25 Feb 1992,410.45001220703125
26 Feb 1992,415.3500061035156
27 Feb 1992,413.8599853515625
28 Feb 1992,412.70001220703125
02 Mar 1992,412.45001220703125
03 Mar 1992,412.8500061035156
04 Mar 1992,409.3299865722656
05 Mar 1992,406.510009765625
06 Mar 1992,404.44000244140625
09 Mar 1992,405.2099914550781
10 Mar 1992,406.8900146484375
11 Mar 1992,404.0299987792969
12 Mar 1992,403.8900146484375
13 Mar 1992,405.8399963378906
16 Mar 1992,406.3900146484375
17 Mar 1992,409.5799865722656
18 Mar 1992,409.1499938964844
19 Mar 1992,409.79998779296875
20 Mar 1992,411.29998779296875
23 Mar 1992,409.9100036621094
24 Mar 1992,408.8800048828125
25 Mar 1992,407.5199890136719
26 Mar 1992,407.8599853515625
27 Mar 1992,403.5
30 Mar 1992,403.0
31 Mar 1992,403.69000244140625
01 Apr 1992,404.2300109863281
02 Apr 1992,400.5
03 Apr 1992,401.54998779296875
06 Apr 1992,405.5899963378906
07 Apr 1992,398.05999755859375
08 Apr 1992,394.5
09 Apr 1992,400.6400146484375
10 Apr 1992,404.2900085449219
13 Apr 1992,406.0799865722656
14 Apr 1992,412.3900146484375
15 Apr 1992,416.2799987792969
16 Apr 1992,416.0400085449219
20 Apr 1992,410.17999267578125
21 Apr 1992,410.260009765625
22 Apr 1992,409.80999755859375
23 Apr 1992,411.6000061035156
24 Apr 1992,409.0199890136719
27 Apr 1992,408.45001220703125
28 Apr 1992,409.1099853515625
29 Apr 1992,412.0199890136719
30 Apr 1992,414.95001220703125
01 May 1992,412.5299987792969
04 May 1992,416.9100036621094
05 May 1992,416.8399963378906
06 May 1992,416.7900085449219
07 May 1992,415.8500061035156
08 May 1992,416.04998779296875
11 May 1992,418.489990234375
12 May 1992,416.2900085449219
13 May 1992,416.45001220703125
14 May 1992,413.1400146484375
15 May 1992,410.0899963378906
18 May 1992,412.80999755859375
19 May 1992,416.3699951171875
20 May 1992,415.3900146484375
21 May 1992,412.6000061035156
22 May 1992,414.0199890136719
26 May 1992,411.4100036621094
27 May 1992,412.1700134277344
28 May 1992,416.739990234375
29 May 1992,415.3500061035156
01 Jun 1992,417.29998779296875
02 Jun 1992,413.5
03 Jun 1992,414.5899963378906
04 Jun 1992,413.260009765625
05 Jun 1992,413.4800109863281
08 Jun 1992,413.3599853515625
09 Jun 1992,410.05999755859375
10 Jun 1992,407.25
11 Jun 1992,409.04998779296875
12 Jun 1992,409.760009765625
15 Jun 1992,410.2900085449219
16 Jun 1992,408.32000732421875
17 Jun 1992,402.260009765625
18 Jun 1992,400.9599914550781
19 Jun 1992,403.6700134277344
22 Jun 1992,403.3999938964844
23 Jun 1992,404.0400085449219
24 Jun 1992,403.8399963378906
25 Jun 1992,403.1199951171875
26 Jun 1992,403.45001220703125
29 Jun 1992,408.94000244140625
30 Jun 1992,408.1400146484375
01 Jul 1992,412.8800048828125
02 Jul 1992,411.7699890136719
06 Jul 1992,413.8399963378906
07 Jul 1992,409.1600036621094
08 Jul 1992,410.2799987792969
09 Jul 1992,414.2300109863281
10 Jul 1992,414.6199951171875
13 Jul 1992,414.8699951171875
14 Jul 1992,417.67999267578125
15 Jul 1992,417.1000061035156
16 Jul 1992,417.5400085449219
17 Jul 1992,415.6199951171875
20 Jul 1992,413.75
21 Jul 1992,413.760009765625
22 Jul 1992,410.92999267578125
23 Jul 1992,412.0799865722656
24 Jul 1992,411.6000061035156
27 Jul 1992,411.5400085449219
28 Jul 1992,417.5199890136719
29 Jul 1992,422.2300109863281
30 Jul 1992,423.9200134277344
31 Jul 1992,424.2099914550781
03 Aug 1992,425.0899963378906
04 Aug 1992,424.3599853515625
05 Aug 1992,422.19000244140625
06 Aug 1992,420.5899963378906
07 Aug 1992,418.8800048828125
10 Aug 1992,419.4200134277344
11 Aug 1992,418.8999938964844
12 Aug 1992,417.7799987792969
13 Aug 1992,417.7300109863281
14 Aug 1992,419.9100036621094
17 Aug 1992,420.739990234375
18 Aug 1992,421.3399963378906
19 Aug 1992,418.19000244140625
20 Aug 1992,418.260009765625
21 Aug 1992,414.8500061035156
24 Aug 1992,410.7200012207031
25 Aug 1992,411.6099853515625
26 Aug 1992,413.510009765625
27 Aug 1992,413.5299987792969
28 Aug 1992,414.8399963378906
31 Aug 1992,414.0299987792969
01 Sep 1992,416.07000732421875
02 Sep 1992,417.9800109863281
03 Sep 1992,417.9800109863281
04 Sep 1992,417.0799865722656
08 Sep 1992,414.44000244140625
09 Sep 1992,416.3599853515625
10 Sep 1992,419.95001220703125
11 Sep 1992,419.5799865722656
14 Sep 1992,425.2699890136719
15 Sep 1992,419.7699890136719
16 Sep 1992,419.9200134277344
17 Sep 1992,419.92999267578125
18 Sep 1992,422.92999267578125
21 Sep 1992,422.1400146484375
22 Sep 1992,417.1400146484375
23 Sep 1992,417.44000244140625
24 Sep 1992,418.4700012207031
25 Sep 1992,414.3500061035156
28 Sep 1992,416.6199951171875
29 Sep 1992,416.79998779296875
30 Sep 1992,417.79998779296875
01 Oct 1992,416.2900085449219
02 Oct 1992,410.4700012207031
05 Oct 1992,407.57000732421875
06 Oct 1992,407.17999267578125
07 Oct 1992,404.25
08 Oct 1992,407.75
09 Oct 1992,402.6600036621094
12 Oct 1992,407.44000244140625
13 Oct 1992,409.29998779296875
14 Oct 1992,409.3699951171875
15 Oct 1992,409.6000061035156
16 Oct 1992,411.7300109863281
19 Oct 1992,414.9800109863281
20 Oct 1992,415.4800109863281
21 Oct 1992,415.6700134277344
22 Oct 1992,414.8999938964844
23 Oct 1992,414.1000061035156
26 Oct 1992,418.1600036621094
27 Oct 1992,418.489990234375
28 Oct 1992,420.1300048828125
29 Oct 1992,420.8599853515625
30 Oct 1992,418.67999267578125
02 Nov 1992,422.75
03 Nov 1992,419.9200134277344
04 Nov 1992,417.1099853515625
05 Nov 1992,418.3399963378906
06 Nov 1992,417.5799865722656
09 Nov 1992,418.5899963378906
10 Nov 1992,418.6199951171875
11 Nov 1992,422.20001220703125
12 Nov 1992,422.8699951171875
13 Nov 1992,422.42999267578125
16 Nov 1992,420.67999267578125
17 Nov 1992,419.2699890136719
18 Nov 1992,422.8500061035156
19 Nov 1992,423.6099853515625
20 Nov 1992,426.6499938964844
23 Nov 1992,425.1199951171875
24 Nov 1992,427.5899963378906
25 Nov 1992,429.19000244140625
27 Nov 1992,430.1600036621094
30 Nov 1992,431.3500061035156
01 Dec 1992,430.7799987792969
02 Dec 1992,429.8900146484375
03 Dec 1992,429.9100036621094
04 Dec 1992,432.05999755859375
07 Dec 1992,435.30999755859375
08 Dec 1992,436.989990234375
09 Dec 1992,435.6499938964844
10 Dec 1992,434.6400146484375
11 Dec 1992,433.7300109863281
14 Dec 1992,432.8399963378906
15 Dec 1992,432.57000732421875
16 Dec 1992,431.5199890136719
17 Dec 1992,435.42999267578125
18 Dec 1992,441.2799987792969
21 Dec 1992,440.70001220703125
22 Dec 1992,440.30999755859375
23 Dec 1992,439.0299987792969
24 Dec 1992,439.7699890136719
28 Dec 1992,439.1499938964844
29 Dec 1992,437.9800109863281
30 Dec 1992,438.82000732421875
31 Dec 1992,435.7099914550781
04 Jan 1993,435.3800048828125
05 Jan 1993,434.3399963378906
06 Jan 1993,434.5199890136719
07 Jan 1993,430.7300109863281
08 Jan 1993,429.04998779296875
11 Jan 1993,430.95001220703125
12 Jan 1993,431.0400085449219
13 Jan 1993,433.0299987792969
14 Jan 1993,435.94000244140625
15 Jan 1993,437.1499938964844
18 Jan 1993,436.8399963378906
19 Jan 1993,435.1300048828125
20 Jan 1993,433.3699951171875
21 Jan 1993,435.489990234375
22 Jan 1993,436.1099853515625
25 Jan 1993,440.010009765625
26 Jan 1993,439.95001220703125
27 Jan 1993,438.1099853515625
28 Jan 1993,438.6600036621094
29 Jan 1993,438.7799987792969
01 Feb 1993,442.5199890136719
02 Feb 1993,442.54998779296875
03 Feb 1993,447.20001220703125
04 Feb 1993,449.55999755859375
05 Feb 1993,448.92999267578125
08 Feb 1993,447.8500061035156
09 Feb 1993,445.3299865722656
10 Feb 1993,446.2300109863281
11 Feb 1993,447.6600036621094
12 Feb 1993,444.5799865722656
16 Feb 1993,433.9100036621094
17 Feb 1993,433.29998779296875
18 Feb 1993,431.8999938964844
19 Feb 1993,434.2200012207031
22 Feb 1993,435.239990234375
23 Feb 1993,434.79998779296875
24 Feb 1993,440.8699951171875
25 Feb 1993,442.3399963378906
26 Feb 1993,443.3800048828125
01 Mar 1993,442.010009765625
02 Mar 1993,447.8999938964844
03 Mar 1993,449.260009765625
04 Mar 1993,447.3399963378906
05 Mar 1993,446.1099853515625
08 Mar 1993,454.7099914550781
09 Mar 1993,454.3999938964844
10 Mar 1993,456.3299865722656
11 Mar 1993,453.7200012207031
12 Mar 1993,449.8299865722656
15 Mar 1993,451.42999267578125
16 Mar 1993,451.3699951171875
17 Mar 1993,448.30999755859375
18 Mar 1993,451.8900146484375
19 Mar 1993,450.17999267578125
22 Mar 1993,448.8800048828125
23 Mar 1993,448.760009765625
24 Mar 1993,448.07000732421875
25 Mar 1993,450.8800048828125
26 Mar 1993,447.7799987792969
29 Mar 1993,450.7699890136719
30 Mar 1993,451.9700012207031
31 Mar 1993,451.6700134277344
01 Apr 1993,450.29998779296875
02 Apr 1993,441.3900146484375
05 Apr 1993,442.2900085449219
06 Apr 1993,441.1600036621094
07 Apr 1993,442.7300109863281
08 Apr 1993,441.8399963378906
12 Apr 1993,448.3699951171875
13 Apr 1993,449.2200012207031
14 Apr 1993,448.6600036621094
15 Apr 1993,448.3999938964844
16 Apr 1993,448.94000244140625
19 Apr 1993,447.4599914550781
20 Apr 1993,445.1000061035156
21 Apr 1993,443.6300048828125
22 Apr 1993,439.4599914550781
23 Apr 1993,437.0299987792969
26 Apr 1993,433.5400085449219
27 Apr 1993,438.010009765625
28 Apr 1993,438.0199890136719
29 Apr 1993,438.8900146484375
30 Apr 1993,440.19000244140625
03 May 1993,442.4599914550781
04 May 1993,444.04998779296875
05 May 1993,444.5199890136719
06 May 1993,443.260009765625
07 May 1993,442.30999755859375
10 May 1993,442.79998779296875
11 May 1993,444.3599853515625
12 May 1993,444.79998779296875
13 May 1993,439.2300109863281
14 May 1993,439.55999755859375
17 May 1993,440.3699951171875
18 May 1993,440.32000732421875
19 May 1993,447.57000732421875
20 May 1993,450.5899963378906
21 May 1993,445.8399963378906
24 May 1993,448.0
25 May 1993,448.8500061035156
26 May 1993,453.44000244140625
27 May 1993,452.4100036621094
28 May 1993,450.19000244140625
01 Jun 1993,453.8299865722656
02 Jun 1993,453.8500061035156
03 Jun 1993,452.489990234375
04 Jun 1993,450.05999755859375
07 Jun 1993,447.69000244140625
08 Jun 1993,444.7099914550781
09 Jun 1993,445.7799987792969
10 Jun 1993,445.3800048828125
11 Jun 1993,447.260009765625
14 Jun 1993,447.7099914550781
15 Jun 1993,446.2699890136719
16 Jun 1993,447.42999267578125
17 Jun 1993,448.5400085449219
18 Jun 1993,443.67999267578125
21 Jun 1993,446.2200012207031
22 Jun 1993,445.92999267578125
23 Jun 1993,443.19000244140625
24 Jun 1993,446.6199951171875
25 Jun 1993,447.6000061035156
28 Jun 1993,451.8500061035156
29 Jun 1993,450.69000244140625
30 Jun 1993,450.5299987792969
01 Jul 1993,449.0199890136719
02 Jul 1993,445.8399963378906
06 Jul 1993,441.42999267578125
07 Jul 1993,442.8299865722656
08 Jul 1993,448.6400146484375
09 Jul 1993,448.1099853515625
12 Jul 1993,448.9800109863281
13 Jul 1993,448.0899963378906
14 Jul 1993,450.0799865722656
15 Jul 1993,449.2200012207031
16 Jul 1993,445.75
19 Jul 1993,446.0299987792969
20 Jul 1993,447.30999755859375
21 Jul 1993,447.17999267578125
22 Jul 1993,444.510009765625
23 Jul 1993,447.1000061035156
26 Jul 1993,449.0899963378906
27 Jul 1993,448.239990234375
28 Jul 1993,447.19000244140625
29 Jul 1993,450.239990234375
30 Jul 1993,448.1300048828125
02 Aug 1993,450.1499938964844
03 Aug 1993,449.2699890136719
04 Aug 1993,448.5400085449219
05 Aug 1993,448.1300048828125
06 Aug 1993,448.67999267578125
09 Aug 1993,450.7200012207031
10 Aug 1993,449.45001220703125
11 Aug 1993,450.4599914550781
12 Aug 1993,448.9599914550781
13 Aug 1993,450.1400146484375
16 Aug 1993,452.3800048828125
17 Aug 1993,453.1300048828125
18 Aug 1993,456.0400085449219
19 Aug 1993,456.42999267578125
20 Aug 1993,456.1600036621094
23 Aug 1993,455.2300109863281
24 Aug 1993,459.7699890136719
25 Aug 1993,460.1300048828125
26 Aug 1993,461.0400085449219
27 Aug 1993,460.5400085449219
30 Aug 1993,461.8999938964844
31 Aug 1993,463.55999755859375
01 Sep 1993,463.1499938964844
02 Sep 1993,461.29998779296875
03 Sep 1993,461.3399963378906
07 Sep 1993,458.5199890136719
08 Sep 1993,456.6499938964844
09 Sep 1993,457.5
10 Sep 1993,461.7200012207031
13 Sep 1993,462.05999755859375
14 Sep 1993,459.8999938964844
15 Sep 1993,461.6000061035156
16 Sep 1993,459.42999267578125
17 Sep 1993,458.8299865722656
20 Sep 1993,455.04998779296875
21 Sep 1993,452.95001220703125
22 Sep 1993,456.20001220703125
23 Sep 1993,457.739990234375
24 Sep 1993,457.6300048828125
27 Sep 1993,461.79998779296875
28 Sep 1993,461.5299987792969
29 Sep 1993,460.1099853515625
30 Sep 1993,458.92999267578125
01 Oct 1993,461.2799987792969
04 Oct 1993,461.3399963378906
05 Oct 1993,461.20001220703125
06 Oct 1993,460.739990234375
07 Oct 1993,459.17999267578125
08 Oct 1993,460.30999755859375
11 Oct 1993,460.8800048828125
12 Oct 1993,461.1199951171875
13 Oct 1993,461.489990234375
14 Oct 1993,466.8299865722656
15 Oct 1993,469.5
18 Oct 1993,468.45001220703125
19 Oct 1993,466.2099914550781
20 Oct 1993,466.07000732421875
21 Oct 1993,465.3599853515625
22 Oct 1993,463.2699890136719
25 Oct 1993,464.20001220703125
26 Oct 1993,464.29998779296875
27 Oct 1993,464.6099853515625
28 Oct 1993,467.7300109863281
29 Oct 1993,467.8299865722656
01 Nov 1993,469.1000061035156
02 Nov 1993,468.44000244140625
03 Nov 1993,463.0199890136719
04 Nov 1993,457.489990234375
05 Nov 1993,459.57000732421875
08 Nov 1993,460.2099914550781
09 Nov 1993,460.3299865722656
10 Nov 1993,463.7200012207031
11 Nov 1993,462.6400146484375
12 Nov 1993,465.3900146484375
15 Nov 1993,463.75
16 Nov 1993,466.739990234375
17 Nov 1993,464.80999755859375
18 Nov 1993,463.6199951171875
19 Nov 1993,462.6000061035156
22 Nov 1993,459.1300048828125
23 Nov 1993,461.0299987792969
24 Nov 1993,462.3599853515625
26 Nov 1993,463.05999755859375
29 Nov 1993,461.8999938964844
30 Nov 1993,461.7900085449219
01 Dec 1993,461.8900146484375
02 Dec 1993,463.1099853515625
03 Dec 1993,464.8900146484375
06 Dec 1993,466.42999267578125
07 Dec 1993,466.760009765625
08 Dec 1993,466.2900085449219
09 Dec 1993,464.17999267578125
10 Dec 1993,463.92999267578125
13 Dec 1993,465.70001220703125
14 Dec 1993,463.05999755859375
15 Dec 1993,461.8399963378906
16 Dec 1993,463.3399963378906
17 Dec 1993,466.3800048828125
20 Dec 1993,465.8500061035156
21 Dec 1993,465.29998779296875
22 Dec 1993,467.32000732421875
23 Dec 1993,467.3800048828125
27 Dec 1993,470.5400085449219
28 Dec 1993,470.94000244140625
29 Dec 1993,470.5799865722656
30 Dec 1993,468.6400146484375
31 Dec 1993,466.45001220703125
03 Jan 1994,465.44000244140625
04 Jan 1994,466.8900146484375
05 Jan 1994,467.54998779296875
06 Jan 1994,467.1199951171875
07 Jan 1994,469.8999938964844
10 Jan 1994,475.2699890136719
11 Jan 1994,474.1300048828125
12 Jan 1994,474.1700134277344
13 Jan 1994,472.4700012207031
14 Jan 1994,474.9100036621094
17 Jan 1994,473.29998779296875
18 Jan 1994,474.25
19 Jan 1994,474.29998779296875
20 Jan 1994,474.9800109863281
21 Jan 1994,474.7200012207031
24 Jan 1994,471.9700012207031
25 Jan 1994,470.9200134277344
26 Jan 1994,473.20001220703125
27 Jan 1994,477.04998779296875
28 Jan 1994,478.70001220703125
31 Jan 1994,481.6099853515625
01 Feb 1994,479.6199951171875
02 Feb 1994,482.0
03 Feb 1994,480.7099914550781
04 Feb 1994,469.80999755859375
07 Feb 1994,471.760009765625
08 Feb 1994,471.04998779296875
09 Feb 1994,472.7699890136719
10 Feb 1994,468.92999267578125
11 Feb 1994,470.17999267578125
14 Feb 1994,470.2300109863281
15 Feb 1994,472.5199890136719
16 Feb 1994,472.7900085449219
17 Feb 1994,470.3399963378906
18 Feb 1994,467.69000244140625
22 Feb 1994,471.4599914550781
23 Feb 1994,470.69000244140625
24 Feb 1994,464.260009765625
25 Feb 1994,466.07000732421875
28 Feb 1994,467.1400146484375
01 Mar 1994,464.44000244140625
02 Mar 1994,464.80999755859375
03 Mar 1994,463.010009765625
04 Mar 1994,464.739990234375
07 Mar 1994,466.9100036621094
08 Mar 1994,465.8800048828125
09 Mar 1994,467.05999755859375
10 Mar 1994,463.8999938964844
11 Mar 1994,466.44000244140625
14 Mar 1994,467.3900146484375
15 Mar 1994,467.010009765625
16 Mar 1994,469.4200134277344
17 Mar 1994,470.8999938964844
18 Mar 1994,471.05999755859375
21 Mar 1994,468.5400085449219
22 Mar 1994,468.79998779296875
23 Mar 1994,468.5400085449219
24 Mar 1994,464.3500061035156
25 Mar 1994,460.5799865722656
28 Mar 1994,460.0
29 Mar 1994,452.4800109863281
30 Mar 1994,445.54998779296875
31 Mar 1994,445.7699890136719
04 Apr 1994,438.9200134277344
05 Apr 1994,448.2900085449219
06 Apr 1994,448.04998779296875
07 Apr 1994,450.8800048828125
08 Apr 1994,447.1000061035156
11 Apr 1994,449.8699951171875
12 Apr 1994,447.57000732421875
13 Apr 1994,446.260009765625
14 Apr 1994,446.3800048828125
15 Apr 1994,446.17999267578125
18 Apr 1994,442.4599914550781
19 Apr 1994,442.5400085449219
20 Apr 1994,441.9599914550781
21 Apr 1994,448.7300109863281
22 Apr 1994,447.6300048828125
25 Apr 1994,452.7099914550781
26 Apr 1994,451.8699951171875
28 Apr 1994,449.1000061035156
29 Apr 1994,450.9100036621094
02 May 1994,453.0199890136719
03 May 1994,453.0299987792969
04 May 1994,451.7200012207031
05 May 1994,451.3800048828125
06 May 1994,447.82000732421875
09 May 1994,442.32000732421875
10 May 1994,446.010009765625
11 May 1994,441.489990234375
12 May 1994,443.75
13 May 1994,444.1400146484375
16 May 1994,444.489990234375
17 May 1994,449.3699951171875
18 May 1994,453.69000244140625
19 May 1994,456.4800109863281
20 May 1994,454.9200134277344
23 May 1994,453.20001220703125
24 May 1994,454.80999755859375
25 May 1994,456.3399963378906
26 May 1994,457.05999755859375
27 May 1994,457.3299865722656
31 May 1994,456.5
01 Jun 1994,457.6300048828125
02 Jun 1994,457.6499938964844
03 Jun 1994,460.1300048828125
06 Jun 1994,458.8800048828125
07 Jun 1994,458.2099914550781
08 Jun 1994,457.05999755859375
09 Jun 1994,457.8599853515625
10 Jun 1994,458.6700134277344
13 Jun 1994,459.1000061035156
14 Jun 1994,462.3699951171875
15 Jun 1994,460.6099853515625
16 Jun 1994,461.92999267578125
17 Jun 1994,458.45001220703125
20 Jun 1994,455.4800109863281
21 Jun 1994,451.3399963378906
22 Jun 1994,453.0899963378906
23 Jun 1994,449.6300048828125
24 Jun 1994,442.79998779296875
27 Jun 1994,447.30999755859375
28 Jun 1994,446.07000732421875
29 Jun 1994,447.6300048828125
30 Jun 1994,444.2699890136719
01 Jul 1994,446.20001220703125
05 Jul 1994,446.3699951171875
06 Jul 1994,446.1300048828125
07 Jul 1994,448.3800048828125
08 Jul 1994,449.54998779296875
11 Jul 1994,448.05999755859375
12 Jul 1994,447.95001220703125
13 Jul 1994,448.7300109863281
14 Jul 1994,453.4100036621094
15 Jul 1994,454.1600036621094
18 Jul 1994,455.2200012207031
19 Jul 1994,453.8599853515625
20 Jul 1994,451.6000061035156
21 Jul 1994,452.6099853515625
22 Jul 1994,453.1099853515625
25 Jul 1994,454.25
26 Jul 1994,453.3599853515625
27 Jul 1994,452.57000732421875
28 Jul 1994,454.239990234375
29 Jul 1994,458.260009765625
01 Aug 1994,461.010009765625
02 Aug 1994,460.55999755859375
03 Aug 1994,461.45001220703125
04 Aug 1994,458.3999938964844
05 Aug 1994,457.0899963378906
08 Aug 1994,457.8900146484375
09 Aug 1994,457.9200134277344
10 Aug 1994,460.29998779296875
11 Aug 1994,458.8800048828125
12 Aug 1994,461.94000244140625
15 Aug 1994,461.2300109863281
16 Aug 1994,465.010009765625
17 Aug 1994,465.1700134277344
18 Aug 1994,463.1700134277344
19 Aug 1994,463.67999267578125
22 Aug 1994,462.32000732421875
23 Aug 1994,464.510009765625
24 Aug 1994,469.0299987792969
25 Aug 1994,468.0799865722656
26 Aug 1994,473.79998779296875
29 Aug 1994,474.5899963378906
30 Aug 1994,476.07000732421875
31 Aug 1994,475.489990234375
01 Sep 1994,473.1700134277344
02 Sep 1994,470.989990234375
06 Sep 1994,471.8599853515625
07 Sep 1994,470.989990234375
08 Sep 1994,473.1400146484375
09 Sep 1994,468.17999267578125
12 Sep 1994,466.2099914550781
13 Sep 1994,467.510009765625
14 Sep 1994,468.79998779296875
15 Sep 1994,474.80999755859375
16 Sep 1994,471.19000244140625
19 Sep 1994,470.8500061035156
20 Sep 1994,463.3599853515625
21 Sep 1994,461.4599914550781
22 Sep 1994,461.2699890136719
23 Sep 1994,459.6700134277344
26 Sep 1994,460.82000732421875
27 Sep 1994,462.04998779296875
28 Sep 1994,464.8399963378906
29 Sep 1994,462.239990234375
30 Sep 1994,462.7099914550781
03 Oct 1994,461.739990234375
04 Oct 1994,454.5899963378906
05 Oct 1994,453.5199890136719
06 Oct 1994,452.3599853515625
07 Oct 1994,455.1000061035156
10 Oct 1994,459.0400085449219
11 Oct 1994,465.7900085449219
12 Oct 1994,465.4700012207031
13 Oct 1994,467.7900085449219
14 Oct 1994,469.1000061035156
17 Oct 1994,468.9599914550781
18 Oct 1994,467.6600036621094
19 Oct 1994,470.2799987792969
20 Oct 1994,466.8500061035156
21 Oct 1994,464.8900146484375
24 Oct 1994,460.8299865722656
25 Oct 1994,461.5299987792969
26 Oct 1994,462.6199951171875
27 Oct 1994,465.8500061035156
28 Oct 1994,473.7699890136719
31 Oct 1994,472.3500061035156
01 Nov 1994,468.4200134277344
02 Nov 1994,466.510009765625
03 Nov 1994,467.9100036621094
04 Nov 1994,462.2799987792969
07 Nov 1994,463.07000732421875
08 Nov 1994,465.6499938964844
09 Nov 1994,465.3999938964844
10 Nov 1994,464.3699951171875
11 Nov 1994,462.3500061035156
14 Nov 1994,466.0400085449219
15 Nov 1994,465.0299987792969
16 Nov 1994,465.6199951171875
17 Nov 1994,463.57000732421875
18 Nov 1994,461.4700012207031
21 Nov 1994,458.29998779296875
22 Nov 1994,450.0899963378906
23 Nov 1994,449.92999267578125
25 Nov 1994,452.2900085449219
28 Nov 1994,454.1600036621094
29 Nov 1994,455.1700134277344
30 Nov 1994,453.69000244140625
01 Dec 1994,448.9200134277344
02 Dec 1994,453.29998779296875
05 Dec 1994,453.32000732421875
06 Dec 1994,453.1099853515625
07 Dec 1994,451.2300109863281
08 Dec 1994,445.45001220703125
09 Dec 1994,446.9599914550781
12 Dec 1994,449.4700012207031
13 Dec 1994,450.1499938964844
14 Dec 1994,454.9700012207031
15 Dec 1994,455.3399963378906
16 Dec 1994,458.79998779296875
19 Dec 1994,457.9100036621094
20 Dec 1994,457.1000061035156
21 Dec 1994,459.6099853515625
22 Dec 1994,459.67999267578125
23 Dec 1994,459.8299865722656
27 Dec 1994,462.4700012207031
28 Dec 1994,460.8599853515625
29 Dec 1994,461.1700134277344
30 Dec 1994,459.2699890136719
03 Jan 1995,459.1099853515625
04 Jan 1995,460.7099914550781
05 Jan 1995,460.3399963378906
06 Jan 1995,460.67999267578125
09 Jan 1995,460.8299865722656
10 Jan 1995,461.67999267578125
11 Jan 1995,461.6600036621094
12 Jan 1995,461.6400146484375
13 Jan 1995,465.9700012207031
16 Jan 1995,469.3800048828125
17 Jan 1995,470.04998779296875
18 Jan 1995,469.7099914550781
19 Jan 1995,466.95001220703125
20 Jan 1995,464.7799987792969
23 Jan 1995,465.82000732421875
24 Jan 1995,465.8599853515625
25 Jan 1995,467.44000244140625
26 Jan 1995,468.32000732421875
27 Jan 1995,470.3900146484375
30 Jan 1995,468.510009765625
31 Jan 1995,470.4200134277344
01 Feb 1995,470.3999938964844
02 Feb 1995,472.7900085449219
03 Feb 1995,478.6499938964844
06 Feb 1995,481.1400146484375
07 Feb 1995,480.80999755859375
08 Feb 1995,481.19000244140625
09 Feb 1995,480.19000244140625
10 Feb 1995,481.4599914550781
13 Feb 1995,481.6499938964844
14 Feb 1995,482.54998779296875
15 Feb 1995,484.5400085449219
16 Feb 1995,485.2200012207031
17 Feb 1995,481.9700012207031
21 Feb 1995,482.7200012207031
22 Feb 1995,485.07000732421875
23 Feb 1995,486.9100036621094
24 Feb 1995,488.1099853515625
27 Feb 1995,483.80999755859375
28 Feb 1995,487.3900146484375
01 Mar 1995,485.6499938964844
02 Mar 1995,485.1300048828125
03 Mar 1995,485.4200134277344
06 Mar 1995,485.6300048828125
07 Mar 1995,482.1199951171875
08 Mar 1995,483.1400146484375
09 Mar 1995,483.1600036621094
10 Mar 1995,489.57000732421875
13 Mar 1995,490.04998779296875
14 Mar 1995,492.8900146484375
15 Mar 1995,491.8800048828125
16 Mar 1995,495.4100036621094
17 Mar 1995,495.5199890136719
20 Mar 1995,496.1400146484375
21 Mar 1995,495.07000732421875
22 Mar 1995,495.6700134277344
23 Mar 1995,495.95001220703125
24 Mar 1995,500.9700012207031
27 Mar 1995,503.20001220703125
28 Mar 1995,503.8999938964844
29 Mar 1995,503.1199951171875
30 Mar 1995,502.2200012207031
31 Mar 1995,500.7099914550781
03 Apr 1995,501.8500061035156
04 Apr 1995,505.239990234375
05 Apr 1995,505.57000732421875
06 Apr 1995,506.0799865722656
07 Apr 1995,506.4200134277344
10 Apr 1995,507.010009765625
11 Apr 1995,505.5299987792969
12 Apr 1995,507.1700134277344
13 Apr 1995,509.2300109863281
17 Apr 1995,506.1300048828125
18 Apr 1995,505.3699951171875
19 Apr 1995,504.9200134277344
20 Apr 1995,505.2900085449219
21 Apr 1995,508.489990234375
24 Apr 1995,512.8900146484375
25 Apr 1995,512.0999755859375
26 Apr 1995,512.6599731445312
27 Apr 1995,513.5499877929688
28 Apr 1995,514.7100219726562
01 May 1995,514.260009765625
02 May 1995,514.8599853515625
03 May 1995,520.47998046875
04 May 1995,520.5399780273438
05 May 1995,520.1199951171875
08 May 1995,523.9600219726562
09 May 1995,523.5599975585938
10 May 1995,524.3599853515625
11 May 1995,524.3699951171875
12 May 1995,525.5499877929688
15 May 1995,527.739990234375
16 May 1995,528.1900024414062
17 May 1995,527.0700073242188
18 May 1995,519.5800170898438
19 May 1995,519.1900024414062
22 May 1995,523.6500244140625
23 May 1995,528.5900268554688
24 May 1995,528.6099853515625
25 May 1995,528.5900268554688
26 May 1995,523.6500244140625
30 May 1995,523.5800170898438
31 May 1995,533.4000244140625
01 Jun 1995,533.489990234375
02 Jun 1995,532.510009765625
05 Jun 1995,535.5999755859375
06 Jun 1995,535.5499877929688
07 Jun 1995,533.1300048828125
08 Jun 1995,532.3499755859375
09 Jun 1995,527.9400024414062
12 Jun 1995,530.8800048828125
13 Jun 1995,536.0499877929688
14 Jun 1995,536.469970703125
15 Jun 1995,537.1199951171875
16 Jun 1995,539.8300170898438
19 Jun 1995,545.219970703125
20 Jun 1995,544.97998046875
21 Jun 1995,543.97998046875
22 Jun 1995,551.0700073242188
23 Jun 1995,549.7100219726562
26 Jun 1995,544.1300048828125
27 Jun 1995,542.4299926757812
28 Jun 1995,544.72998046875
29 Jun 1995,543.8699951171875
30 Jun 1995,544.75
03 Jul 1995,547.0900268554688
05 Jul 1995,547.260009765625
06 Jul 1995,553.989990234375
07 Jul 1995,556.3699951171875
10 Jul 1995,557.1900024414062
11 Jul 1995,554.780029296875
12 Jul 1995,560.8900146484375
13 Jul 1995,561.0
14 Jul 1995,559.8900146484375
17 Jul 1995,562.719970703125
18 Jul 1995,558.4600219726562
19 Jul 1995,550.97998046875
20 Jul 1995,553.5399780273438
21 Jul 1995,553.6199951171875
24 Jul 1995,556.6300048828125
25 Jul 1995,561.0999755859375
26 Jul 1995,561.6099853515625
27 Jul 1995,565.219970703125
28 Jul 1995,562.9299926757812
31 Jul 1995,562.0599975585938
01 Aug 1995,559.6400146484375
02 Aug 1995,558.7999877929688
03 Aug 1995,558.75
04 Aug 1995,558.9400024414062
07 Aug 1995,560.030029296875
08 Aug 1995,560.3900146484375
09 Aug 1995,559.7100219726562
10 Aug 1995,557.4500122070312
11 Aug 1995,555.1099853515625
14 Aug 1995,559.739990234375
15 Aug 1995,558.5700073242188
16 Aug 1995,559.969970703125
17 Aug 1995,559.0399780273438
18 Aug 1995,559.2100219726562
21 Aug 1995,558.1099853515625
22 Aug 1995,559.52001953125
23 Aug 1995,557.1400146484375
24 Aug 1995,557.4600219726562
25 Aug 1995,560.0999755859375
28 Aug 1995,559.0499877929688
29 Aug 1995,560.0
30 Aug 1995,560.9199829101562
31 Aug 1995,561.8800048828125
01 Sep 1995,563.8400268554688
05 Sep 1995,569.1699829101562
06 Sep 1995,570.1699829101562
07 Sep 1995,570.2899780273438
08 Sep 1995,572.6799926757812
11 Sep 1995,573.9099731445312
12 Sep 1995,576.510009765625
13 Sep 1995,578.77001953125
14 Sep 1995,583.6099853515625
15 Sep 1995,583.3499755859375
18 Sep 1995,582.77001953125
19 Sep 1995,584.2000122070312
20 Sep 1995,586.77001953125
21 Sep 1995,583.0
22 Sep 1995,581.72998046875
25 Sep 1995,581.8099975585938
26 Sep 1995,581.4099731445312
27 Sep 1995,581.0399780273438
28 Sep 1995,585.8699951171875
29 Sep 1995,584.4099731445312
02 Oct 1995,581.719970703125
03 Oct 1995,582.3400268554688
04 Oct 1995,581.469970703125
05 Oct 1995,582.6300048828125
06 Oct 1995,582.489990234375
09 Oct 1995,578.3699951171875
10 Oct 1995,577.52001953125
11 Oct 1995,579.4600219726562
12 Oct 1995,583.0999755859375
13 Oct 1995,584.5
16 Oct 1995,583.030029296875
17 Oct 1995,586.780029296875
18 Oct 1995,587.4400024414062
19 Oct 1995,590.6500244140625
20 Oct 1995,587.4600219726562
23 Oct 1995,585.0599975585938
24 Oct 1995,586.5399780273438
25 Oct 1995,582.469970703125
26 Oct 1995,576.719970703125
27 Oct 1995,579.7000122070312
30 Oct 1995,583.25
31 Oct 1995,581.5
01 Nov 1995,584.219970703125
02 Nov 1995,589.719970703125
03 Nov 1995,590.5700073242188
06 Nov 1995,588.4600219726562
07 Nov 1995,586.3200073242188
08 Nov 1995,591.7100219726562
09 Nov 1995,593.260009765625
10 Nov 1995,592.719970703125
13 Nov 1995,592.2999877929688
14 Nov 1995,589.2899780273438
15 Nov 1995,593.9600219726562
16 Nov 1995,597.3400268554688
17 Nov 1995,600.0700073242188
20 Nov 1995,596.8499755859375
21 Nov 1995,600.239990234375
22 Nov 1995,598.4000244140625
24 Nov 1995,599.969970703125
27 Nov 1995,601.3200073242188
28 Nov 1995,606.4500122070312
29 Nov 1995,607.6400146484375
30 Nov 1995,605.3699951171875
01 Dec 1995,606.97998046875
04 Dec 1995,613.6799926757812
05 Dec 1995,617.6799926757812
06 Dec 1995,620.1799926757812
07 Dec 1995,616.1699829101562
08 Dec 1995,617.47998046875
11 Dec 1995,619.52001953125
12 Dec 1995,618.780029296875
13 Dec 1995,621.6900024414062
14 Dec 1995,616.9199829101562
15 Dec 1995,616.3400268554688
18 Dec 1995,606.8099975585938
19 Dec 1995,611.9299926757812
20 Dec 1995,605.9400024414062
21 Dec 1995,610.489990234375
22 Dec 1995,611.9500122070312
26 Dec 1995,614.2999877929688
27 Dec 1995,614.530029296875
28 Dec 1995,614.1199951171875
29 Dec 1995,615.9299926757812
02 Jan 1996,620.72998046875
03 Jan 1996,621.3200073242188
04 Jan 1996,617.7000122070312
05 Jan 1996,616.7100219726562
08 Jan 1996,618.4600219726562
09 Jan 1996,609.4500122070312
10 Jan 1996,598.47998046875
11 Jan 1996,602.6900024414062
12 Jan 1996,601.8099975585938
15 Jan 1996,599.8200073242188
16 Jan 1996,608.4400024414062
17 Jan 1996,606.3699951171875
18 Jan 1996,608.239990234375
19 Jan 1996,611.8300170898438
22 Jan 1996,613.4000244140625
23 Jan 1996,612.7899780273438
24 Jan 1996,619.9600219726562
25 Jan 1996,617.030029296875
26 Jan 1996,621.6199951171875
29 Jan 1996,624.219970703125
30 Jan 1996,630.1500244140625
31 Jan 1996,636.02001953125
01 Feb 1996,638.4600219726562
02 Feb 1996,635.8400268554688
05 Feb 1996,641.4299926757812
06 Feb 1996,646.3300170898438
07 Feb 1996,649.9299926757812
08 Feb 1996,656.0700073242188
09 Feb 1996,656.3699951171875
12 Feb 1996,661.4500122070312
13 Feb 1996,660.510009765625
14 Feb 1996,655.5800170898438
15 Feb 1996,651.3200073242188
16 Feb 1996,647.97998046875
20 Feb 1996,640.6500244140625
21 Feb 1996,648.0999755859375
22 Feb 1996,658.8599853515625
23 Feb 1996,659.0800170898438
26 Feb 1996,650.4600219726562
27 Feb 1996,647.239990234375
28 Feb 1996,644.75
29 Feb 1996,640.4299926757812
01 Mar 1996,644.3699951171875
04 Mar 1996,650.8099975585938
05 Mar 1996,655.7899780273438
06 Mar 1996,652.0
07 Mar 1996,653.6500244140625
08 Mar 1996,633.5
11 Mar 1996,640.02001953125
12 Mar 1996,637.0900268554688
13 Mar 1996,638.5499877929688
14 Mar 1996,640.8699951171875
15 Mar 1996,641.4299926757812
18 Mar 1996,652.6500244140625
19 Mar 1996,651.6900024414062
20 Mar 1996,649.97998046875
21 Mar 1996,649.1900024414062
22 Mar 1996,650.6199951171875
25 Mar 1996,650.0399780273438
26 Mar 1996,652.969970703125
27 Mar 1996,648.9099731445312
28 Mar 1996,648.9400024414062
29 Mar 1996,645.5
01 Apr 1996,653.72998046875
02 Apr 1996,655.260009765625
03 Apr 1996,655.8800048828125
04 Apr 1996,655.8599853515625
08 Apr 1996,644.239990234375
09 Apr 1996,642.1900024414062
10 Apr 1996,633.5
11 Apr 1996,631.1799926757812
12 Apr 1996,636.7100219726562
15 Apr 1996,642.489990234375
16 Apr 1996,645.0
17 Apr 1996,641.6099853515625
18 Apr 1996,643.6099853515625
19 Apr 1996,645.0700073242188
22 Apr 1996,647.8900146484375
23 Apr 1996,651.5800170898438
24 Apr 1996,650.1699829101562
25 Apr 1996,652.8699951171875
26 Apr 1996,653.4600219726562
29 Apr 1996,654.1599731445312
30 Apr 1996,654.1699829101562
01 May 1996,654.5800170898438
02 May 1996,643.3800048828125
03 May 1996,641.6300048828125
06 May 1996,640.8099975585938
07 May 1996,638.260009765625
08 May 1996,644.77001953125
09 May 1996,645.4400024414062
10 May 1996,652.0900268554688
13 May 1996,661.510009765625
14 May 1996,665.5999755859375
15 May 1996,665.4199829101562
16 May 1996,664.8499755859375
17 May 1996,668.9099731445312
20 May 1996,673.1500244140625
21 May 1996,672.760009765625
22 May 1996,678.4199829101562
23 May 1996,676.0
24 May 1996,678.510009765625
28 May 1996,672.22998046875
29 May 1996,667.9299926757812
30 May 1996,671.7000122070312
31 May 1996,669.1199951171875
03 Jun 1996,667.6799926757812
04 Jun 1996,672.5599975585938
05 Jun 1996,678.4400024414062
06 Jun 1996,673.030029296875
07 Jun 1996,673.3099975585938
10 Jun 1996,672.1599731445312
11 Jun 1996,670.969970703125
12 Jun 1996,669.0399780273438
13 Jun 1996,667.9199829101562
14 Jun 1996,665.8499755859375
17 Jun 1996,665.1599731445312
18 Jun 1996,662.0599975585938
19 Jun 1996,661.9600219726562
20 Jun 1996,662.0999755859375
21 Jun 1996,666.8400268554688
24 Jun 1996,668.8499755859375
25 Jun 1996,668.47998046875
26 Jun 1996,664.3900146484375
27 Jun 1996,668.5499877929688
28 Jun 1996,670.6300048828125
01 Jul 1996,675.8800048828125
02 Jul 1996,673.6099853515625
03 Jul 1996,672.4000244140625
05 Jul 1996,657.4400024414062
08 Jul 1996,652.5399780273438
09 Jul 1996,654.75
10 Jul 1996,656.0599975585938
11 Jul 1996,645.6699829101562
12 Jul 1996,646.1900024414062
15 Jul 1996,629.7999877929688
16 Jul 1996,628.3699951171875
17 Jul 1996,634.0700073242188
18 Jul 1996,643.5599975585938
19 Jul 1996,638.72998046875
22 Jul 1996,633.77001953125
23 Jul 1996,626.8699951171875
24 Jul 1996,626.6500244140625
25 Jul 1996,631.1699829101562
26 Jul 1996,635.9000244140625
29 Jul 1996,630.9099731445312
30 Jul 1996,635.260009765625
31 Jul 1996,639.9500122070312
01 Aug 1996,650.02001953125
02 Aug 1996,662.489990234375
05 Aug 1996,660.22998046875
06 Aug 1996,662.3800048828125
07 Aug 1996,664.1599731445312
08 Aug 1996,662.5900268554688
09 Aug 1996,662.0999755859375
12 Aug 1996,665.77001953125
13 Aug 1996,660.2000122070312
14 Aug 1996,662.0499877929688
15 Aug 1996,662.280029296875
16 Aug 1996,665.2100219726562
19 Aug 1996,666.5800170898438
20 Aug 1996,665.6900024414062
21 Aug 1996,665.0700073242188
22 Aug 1996,670.6799926757812
23 Aug 1996,667.030029296875
26 Aug 1996,663.8800048828125
27 Aug 1996,666.4000244140625
28 Aug 1996,664.8099975585938
29 Aug 1996,657.4000244140625
30 Aug 1996,651.989990234375
03 Sep 1996,654.719970703125
04 Sep 1996,655.6099853515625
05 Sep 1996,649.4400024414062
06 Sep 1996,655.6799926757812
09 Sep 1996,663.760009765625
10 Sep 1996,663.8099975585938
11 Sep 1996,667.280029296875
12 Sep 1996,671.1500244140625
13 Sep 1996,680.5399780273438
16 Sep 1996,683.97998046875
17 Sep 1996,682.9400024414062
18 Sep 1996,681.469970703125
19 Sep 1996,683.0
20 Sep 1996,687.030029296875
23 Sep 1996,686.47998046875
24 Sep 1996,685.6099853515625
25 Sep 1996,685.8300170898438
26 Sep 1996,685.8599853515625
27 Sep 1996,686.1900024414062
30 Sep 1996,687.3300170898438
01 Oct 1996,689.0800170898438
02 Oct 1996,694.010009765625
03 Oct 1996,692.780029296875
04 Oct 1996,701.4600219726562
07 Oct 1996,703.3400268554688
08 Oct 1996,700.6400146484375
09 Oct 1996,696.739990234375
10 Oct 1996,694.6099853515625
11 Oct 1996,700.6599731445312
14 Oct 1996,703.5399780273438
15 Oct 1996,702.5700073242188
16 Oct 1996,704.4099731445312
17 Oct 1996,706.989990234375
18 Oct 1996,710.8200073242188
21 Oct 1996,709.8499755859375
22 Oct 1996,706.5700073242188
23 Oct 1996,707.27001953125
24 Oct 1996,702.2899780273438
25 Oct 1996,700.9199829101562
28 Oct 1996,697.260009765625
29 Oct 1996,701.5
30 Oct 1996,700.9000244140625
31 Oct 1996,705.27001953125
01 Nov 1996,703.77001953125
04 Nov 1996,706.72998046875
05 Nov 1996,714.1400146484375
06 Nov 1996,724.5900268554688
07 Nov 1996,727.6500244140625
08 Nov 1996,730.8200073242188
11 Nov 1996,731.8699951171875
12 Nov 1996,729.5599975585938
13 Nov 1996,731.1300048828125
14 Nov 1996,735.8800048828125
15 Nov 1996,737.6199951171875
18 Nov 1996,737.02001953125
19 Nov 1996,742.1599731445312
20 Nov 1996,743.9500122070312
21 Nov 1996,742.75
22 Nov 1996,748.72998046875
25 Nov 1996,757.030029296875
26 Nov 1996,755.9600219726562
27 Nov 1996,755.0
29 Nov 1996,757.02001953125
02 Dec 1996,756.5599975585938
03 Dec 1996,748.280029296875
04 Dec 1996,745.0999755859375
05 Dec 1996,744.3800048828125
06 Dec 1996,739.5999755859375
09 Dec 1996,749.760009765625
10 Dec 1996,747.5399780273438
11 Dec 1996,740.72998046875
12 Dec 1996,729.2999877929688
13 Dec 1996,728.6400146484375
16 Dec 1996,720.97998046875
17 Dec 1996,726.0399780273438
18 Dec 1996,731.5399780273438
19 Dec 1996,745.760009765625
20 Dec 1996,748.8699951171875
23 Dec 1996,746.9199829101562
24 Dec 1996,751.030029296875
26 Dec 1996,755.8200073242188
27 Dec 1996,756.7899780273438
30 Dec 1996,753.8499755859375
31 Dec 1996,740.739990234375
02 Jan 1997,737.010009765625
03 Jan 1997,748.030029296875
06 Jan 1997,747.6500244140625
07 Jan 1997,753.22998046875
08 Jan 1997,748.4099731445312
09 Jan 1997,754.8499755859375
10 Jan 1997,759.5
13 Jan 1997,759.510009765625
14 Jan 1997,768.8599853515625
15 Jan 1997,767.2000122070312
16 Jan 1997,769.75
17 Jan 1997,776.1699829101562
20 Jan 1997,776.7000122070312
21 Jan 1997,782.719970703125
22 Jan 1997,786.22998046875
23 Jan 1997,777.5599975585938
24 Jan 1997,770.52001953125
27 Jan 1997,765.02001953125
28 Jan 1997,765.02001953125
29 Jan 1997,772.5
30 Jan 1997,784.1699829101562
31 Jan 1997,786.1599731445312
03 Feb 1997,786.72998046875
04 Feb 1997,789.260009765625
05 Feb 1997,778.280029296875
06 Feb 1997,780.1500244140625
07 Feb 1997,789.5599975585938
10 Feb 1997,785.4299926757812
11 Feb 1997,789.5900268554688
12 Feb 1997,802.77001953125
13 Feb 1997,811.8200073242188
14 Feb 1997,808.47998046875
18 Feb 1997,816.2899780273438
19 Feb 1997,812.489990234375
20 Feb 1997,802.7999877929688
21 Feb 1997,801.77001953125
24 Feb 1997,810.280029296875
25 Feb 1997,812.030029296875
26 Feb 1997,805.6799926757812
27 Feb 1997,795.0700073242188
28 Feb 1997,790.8200073242188
03 Mar 1997,795.3099975585938
04 Mar 1997,790.9500122070312
05 Mar 1997,801.989990234375
06 Mar 1997,798.5599975585938
07 Mar 1997,804.969970703125
10 Mar 1997,813.6500244140625
11 Mar 1997,811.3400268554688
12 Mar 1997,804.260009765625
13 Mar 1997,789.5599975585938
14 Mar 1997,793.1699829101562
17 Mar 1997,795.7100219726562
18 Mar 1997,789.6599731445312
19 Mar 1997,785.77001953125
20 Mar 1997,782.6500244140625
21 Mar 1997,784.0999755859375
24 Mar 1997,790.8900146484375
25 Mar 1997,789.0700073242188
26 Mar 1997,790.5
27 Mar 1997,773.8800048828125
31 Mar 1997,757.1199951171875
01 Apr 1997,759.6400146484375
02 Apr 1997,750.1099853515625
03 Apr 1997,750.3200073242188
04 Apr 1997,757.9000244140625
07 Apr 1997,762.1300048828125
08 Apr 1997,766.1199951171875
09 Apr 1997,760.5999755859375
10 Apr 1997,758.3400268554688
11 Apr 1997,737.6500244140625
14 Apr 1997,743.72998046875
15 Apr 1997,754.719970703125
16 Apr 1997,763.530029296875
17 Apr 1997,761.77001953125
18 Apr 1997,766.3400268554688
21 Apr 1997,760.3699951171875
22 Apr 1997,774.6099853515625
23 Apr 1997,773.6400146484375
24 Apr 1997,771.1799926757812
25 Apr 1997,765.3699951171875
28 Apr 1997,772.9600219726562
29 Apr 1997,794.0499877929688
30 Apr 1997,801.3400268554688
01 May 1997,798.530029296875
02 May 1997,812.969970703125
05 May 1997,830.2899780273438
06 May 1997,827.760009765625
07 May 1997,815.6199951171875
08 May 1997,820.260009765625
09 May 1997,824.780029296875
12 May 1997,837.6599731445312
13 May 1997,833.1300048828125
14 May 1997,836.0399780273438
15 May 1997,841.8800048828125
16 May 1997,829.75
19 May 1997,833.27001953125
20 May 1997,841.6599731445312
21 May 1997,839.3499755859375
22 May 1997,835.6599731445312
23 May 1997,847.030029296875
27 May 1997,849.7100219726562
28 May 1997,847.2100219726562
29 May 1997,844.0800170898438
30 May 1997,848.280029296875
02 Jun 1997,846.3599853515625
03 Jun 1997,845.47998046875
04 Jun 1997,840.1099853515625
05 Jun 1997,843.4299926757812
06 Jun 1997,858.010009765625
09 Jun 1997,862.9099731445312
10 Jun 1997,865.27001953125
11 Jun 1997,869.5700073242188
12 Jun 1997,883.4600219726562
13 Jun 1997,893.27001953125
16 Jun 1997,893.9000244140625
17 Jun 1997,894.4199829101562
18 Jun 1997,889.0599975585938
19 Jun 1997,897.989990234375
20 Jun 1997,898.7000122070312
23 Jun 1997,878.6199951171875
24 Jun 1997,896.3400268554688
25 Jun 1997,888.989990234375
26 Jun 1997,883.6799926757812
27 Jun 1997,887.2999877929688
30 Jun 1997,885.1400146484375
01 Jul 1997,891.030029296875
02 Jul 1997,904.030029296875
03 Jul 1997,916.9199829101562
07 Jul 1997,912.2000122070312
08 Jul 1997,918.75
09 Jul 1997,907.5399780273438
10 Jul 1997,913.780029296875
11 Jul 1997,916.6799926757812
14 Jul 1997,918.3800048828125
15 Jul 1997,925.760009765625
16 Jul 1997,936.5900268554688
17 Jul 1997,931.6099853515625
18 Jul 1997,915.2999877929688
21 Jul 1997,912.9400024414062
22 Jul 1997,933.97998046875
23 Jul 1997,936.5599975585938
24 Jul 1997,940.2999877929688
25 Jul 1997,938.7899780273438
28 Jul 1997,936.4500122070312
29 Jul 1997,942.2899780273438
30 Jul 1997,952.2899780273438
31 Jul 1997,954.3099975585938
01 Aug 1997,947.1400146484375
04 Aug 1997,950.2999877929688
05 Aug 1997,952.3699951171875
06 Aug 1997,960.3200073242188
07 Aug 1997,951.1900024414062
08 Aug 1997,933.5399780273438
11 Aug 1997,937.0
12 Aug 1997,926.530029296875
13 Aug 1997,922.02001953125
14 Aug 1997,924.77001953125
15 Aug 1997,900.8099975585938
18 Aug 1997,912.489990234375
19 Aug 1997,926.010009765625
20 Aug 1997,939.3499755859375
21 Aug 1997,925.0499877929688
22 Aug 1997,923.5399780273438
25 Aug 1997,920.1599731445312
26 Aug 1997,913.02001953125
27 Aug 1997,913.7000122070312
28 Aug 1997,903.6699829101562
29 Aug 1997,899.469970703125
02 Sep 1997,927.5800170898438
03 Sep 1997,927.8599853515625
04 Sep 1997,930.8699951171875
05 Sep 1997,929.0499877929688
08 Sep 1997,931.2000122070312
09 Sep 1997,933.6199951171875
10 Sep 1997,919.030029296875
11 Sep 1997,912.5900268554688
12 Sep 1997,923.9099731445312
15 Sep 1997,919.77001953125
16 Sep 1997,945.6400146484375
17 Sep 1997,943.0
18 Sep 1997,947.2899780273438
19 Sep 1997,950.510009765625
22 Sep 1997,955.4299926757812
23 Sep 1997,951.9299926757812
24 Sep 1997,944.47998046875
25 Sep 1997,937.9099731445312
26 Sep 1997,945.219970703125
29 Sep 1997,953.3400268554688
30 Sep 1997,947.280029296875
01 Oct 1997,955.4099731445312
02 Oct 1997,960.4600219726562
03 Oct 1997,965.030029296875
06 Oct 1997,972.6900024414062
07 Oct 1997,983.1199951171875
08 Oct 1997,973.8400268554688
09 Oct 1997,970.6199951171875
10 Oct 1997,966.97998046875
13 Oct 1997,968.0999755859375
14 Oct 1997,970.280029296875
15 Oct 1997,965.719970703125
16 Oct 1997,955.25
17 Oct 1997,944.1599731445312
20 Oct 1997,955.6099853515625
21 Oct 1997,972.280029296875
22 Oct 1997,968.489990234375
23 Oct 1997,950.6900024414062
24 Oct 1997,941.6400146484375
27 Oct 1997,876.989990234375
28 Oct 1997,921.8499755859375
29 Oct 1997,919.1599731445312
30 Oct 1997,903.6799926757812
31 Oct 1997,914.6199951171875
03 Nov 1997,938.989990234375
04 Nov 1997,940.760009765625
05 Nov 1997,942.760009765625
06 Nov 1997,938.030029296875
07 Nov 1997,927.510009765625
10 Nov 1997,921.1300048828125
11 Nov 1997,923.780029296875
12 Nov 1997,905.9600219726562
13 Nov 1997,916.6599731445312
14 Nov 1997,928.3499755859375
17 Nov 1997,946.2000122070312
18 Nov 1997,938.22998046875
19 Nov 1997,944.5900268554688
20 Nov 1997,958.97998046875
21 Nov 1997,963.0900268554688
24 Nov 1997,946.6699829101562
25 Nov 1997,950.8200073242188
26 Nov 1997,951.6400146484375
28 Nov 1997,955.4000244140625
01 Dec 1997,974.77001953125
02 Dec 1997,971.6799926757812
03 Dec 1997,976.77001953125
04 Dec 1997,973.0999755859375
05 Dec 1997,983.7899780273438
08 Dec 1997,982.3699951171875
09 Dec 1997,975.780029296875
10 Dec 1997,969.7899780273438
11 Dec 1997,954.9400024414062
12 Dec 1997,953.3900146484375
15 Dec 1997,963.3900146484375
16 Dec 1997,968.0399780273438
17 Dec 1997,965.5399780273438
18 Dec 1997,955.2999877929688
19 Dec 1997,946.780029296875
22 Dec 1997,953.7000122070312
23 Dec 1997,939.1300048828125
24 Dec 1997,932.7000122070312
26 Dec 1997,936.4600219726562
29 Dec 1997,953.3499755859375
30 Dec 1997,970.8400268554688
31 Dec 1997,970.4299926757812
02 Jan 1998,975.0399780273438
05 Jan 1998,977.0700073242188
06 Jan 1998,966.5800170898438
07 Jan 1998,964.0
08 Jan 1998,956.0499877929688
09 Jan 1998,927.6900024414062
12 Jan 1998,939.2100219726562
13 Jan 1998,952.1199951171875
14 Jan 1998,957.9400024414062
15 Jan 1998,950.72998046875
16 Jan 1998,961.510009765625
20 Jan 1998,978.5999755859375
21 Jan 1998,970.8099975585938
22 Jan 1998,963.0399780273438
23 Jan 1998,957.5900268554688
26 Jan 1998,956.9500122070312
27 Jan 1998,969.02001953125
28 Jan 1998,977.4600219726562
29 Jan 1998,985.489990234375
30 Jan 1998,980.280029296875
02 Feb 1998,1001.27001953125
03 Feb 1998,1006.0
04 Feb 1998,1006.9000244140625
05 Feb 1998,1003.5399780273438
06 Feb 1998,1012.4600219726562
09 Feb 1998,1010.739990234375
10 Feb 1998,1019.010009765625
11 Feb 1998,1020.010009765625
12 Feb 1998,1024.1400146484375
13 Feb 1998,1020.0900268554688
17 Feb 1998,1022.760009765625
18 Feb 1998,1032.0799560546875
19 Feb 1998,1028.280029296875
20 Feb 1998,1034.2099609375
23 Feb 1998,1038.1400146484375
24 Feb 1998,1030.56005859375
25 Feb 1998,1042.9000244140625
26 Feb 1998,1048.6700439453125
27 Feb 1998,1049.3399658203125
02 Mar 1998,1047.699951171875
03 Mar 1998,1052.02001953125
04 Mar 1998,1047.3299560546875
05 Mar 1998,1035.050048828125
06 Mar 1998,1055.68994140625
09 Mar 1998,1052.31005859375
10 Mar 1998,1064.25
11 Mar 1998,1068.469970703125
12 Mar 1998,1069.9200439453125
13 Mar 1998,1068.6099853515625
16 Mar 1998,1079.27001953125
17 Mar 1998,1080.449951171875
18 Mar 1998,1085.52001953125
19 Mar 1998,1089.739990234375
20 Mar 1998,1099.1600341796875
23 Mar 1998,1095.550048828125
24 Mar 1998,1105.6500244140625
25 Mar 1998,1101.9300537109375
26 Mar 1998,1100.800048828125
27 Mar 1998,1095.43994140625
30 Mar 1998,1093.5999755859375
31 Mar 1998,1101.75
01 Apr 1998,1108.1500244140625
02 Apr 1998,1120.010009765625
03 Apr 1998,1122.699951171875
06 Apr 1998,1121.3800048828125
07 Apr 1998,1109.550048828125
08 Apr 1998,1101.6500244140625
09 Apr 1998,1110.6700439453125
13 Apr 1998,1109.68994140625
14 Apr 1998,1115.75
15 Apr 1998,1119.3199462890625
16 Apr 1998,1108.1700439453125
17 Apr 1998,1122.719970703125
20 Apr 1998,1123.6500244140625
21 Apr 1998,1126.6700439453125
22 Apr 1998,1130.5400390625
23 Apr 1998,1119.5799560546875
24 Apr 1998,1107.9000244140625
27 Apr 1998,1086.5400390625
28 Apr 1998,1085.1099853515625
29 Apr 1998,1094.6199951171875
30 Apr 1998,1111.75
01 May 1998,1121.0
04 May 1998,1122.0699462890625
05 May 1998,1115.5
06 May 1998,1104.9200439453125
07 May 1998,1095.1400146484375
08 May 1998,1108.1400146484375
11 May 1998,1106.6400146484375
12 May 1998,1115.7900390625
13 May 1998,1118.8599853515625
14 May 1998,1117.3699951171875
15 May 1998,1108.72998046875
18 May 1998,1105.8199462890625
19 May 1998,1109.52001953125
20 May 1998,1119.06005859375
21 May 1998,1114.6400146484375
22 May 1998,1110.469970703125
26 May 1998,1094.02001953125
27 May 1998,1092.22998046875
28 May 1998,1097.5999755859375
29 May 1998,1090.8199462890625
01 Jun 1998,1090.97998046875
02 Jun 1998,1093.219970703125
03 Jun 1998,1082.72998046875
04 Jun 1998,1094.8299560546875
05 Jun 1998,1113.8599853515625
08 Jun 1998,1115.719970703125
09 Jun 1998,1118.4100341796875
10 Jun 1998,1112.280029296875
11 Jun 1998,1094.5799560546875
12 Jun 1998,1098.8399658203125
15 Jun 1998,1077.010009765625
16 Jun 1998,1087.5899658203125
17 Jun 1998,1107.1099853515625
18 Jun 1998,1106.3699951171875
19 Jun 1998,1100.6500244140625
22 Jun 1998,1103.2099609375
23 Jun 1998,1119.489990234375
24 Jun 1998,1132.8800048828125
25 Jun 1998,1129.280029296875
26 Jun 1998,1133.199951171875
29 Jun 1998,1138.489990234375
30 Jun 1998,1133.8399658203125
01 Jul 1998,1148.56005859375
02 Jul 1998,1146.4200439453125
06 Jul 1998,1157.3299560546875
07 Jul 1998,1154.6600341796875
08 Jul 1998,1166.3800048828125
09 Jul 1998,1158.56005859375
10 Jul 1998,1164.3299560546875
13 Jul 1998,1165.18994140625
14 Jul 1998,1177.5799560546875
15 Jul 1998,1174.81005859375
16 Jul 1998,1183.989990234375
17 Jul 1998,1186.75
20 Jul 1998,1184.0999755859375
21 Jul 1998,1165.0699462890625
22 Jul 1998,1164.0799560546875
23 Jul 1998,1139.75
24 Jul 1998,1140.800048828125
27 Jul 1998,1147.27001953125
28 Jul 1998,1130.239990234375
29 Jul 1998,1125.2099609375
30 Jul 1998,1142.949951171875
31 Jul 1998,1120.6700439453125
03 Aug 1998,1112.43994140625
04 Aug 1998,1072.1199951171875
05 Aug 1998,1081.4300537109375
06 Aug 1998,1089.6300048828125
07 Aug 1998,1089.449951171875
10 Aug 1998,1083.1400146484375
11 Aug 1998,1068.97998046875
12 Aug 1998,1084.219970703125
13 Aug 1998,1074.9100341796875
14 Aug 1998,1062.75
17 Aug 1998,1083.6700439453125
18 Aug 1998,1101.199951171875
19 Aug 1998,1098.06005859375
20 Aug 1998,1091.5999755859375
21 Aug 1998,1081.239990234375
24 Aug 1998,1088.1400146484375
25 Aug 1998,1092.8499755859375
26 Aug 1998,1084.18994140625
27 Aug 1998,1042.5899658203125
28 Aug 1998,1027.1400146484375
31 Aug 1998,957.280029296875
01 Sep 1998,994.260009765625
02 Sep 1998,990.47998046875
03 Sep 1998,982.260009765625
04 Sep 1998,973.8900146484375
08 Sep 1998,1023.4600219726562
09 Sep 1998,1006.2000122070312
10 Sep 1998,980.1900024414062
11 Sep 1998,1009.0599975585938
14 Sep 1998,1029.719970703125
15 Sep 1998,1037.6800537109375
16 Sep 1998,1045.47998046875
17 Sep 1998,1018.8699951171875
18 Sep 1998,1020.0900268554688
21 Sep 1998,1023.8900146484375
22 Sep 1998,1029.6300048828125
23 Sep 1998,1066.0899658203125
24 Sep 1998,1042.719970703125
25 Sep 1998,1044.75
28 Sep 1998,1048.68994140625
29 Sep 1998,1049.02001953125
30 Sep 1998,1017.010009765625
01 Oct 1998,986.3900146484375
02 Oct 1998,1002.5999755859375
05 Oct 1998,988.5599975585938
06 Oct 1998,984.5900268554688
07 Oct 1998,970.6799926757812
08 Oct 1998,959.4400024414062
09 Oct 1998,984.3900146484375
12 Oct 1998,997.7100219726562
13 Oct 1998,994.7999877929688
14 Oct 1998,1005.530029296875
15 Oct 1998,1047.489990234375
16 Oct 1998,1056.4200439453125
19 Oct 1998,1062.3900146484375
20 Oct 1998,1063.9300537109375
21 Oct 1998,1069.9200439453125
22 Oct 1998,1078.47998046875
23 Oct 1998,1070.6700439453125
26 Oct 1998,1072.3199462890625
27 Oct 1998,1065.3399658203125
28 Oct 1998,1068.0899658203125
29 Oct 1998,1085.9300537109375
30 Oct 1998,1098.6700439453125
02 Nov 1998,1111.5999755859375
03 Nov 1998,1110.8399658203125
04 Nov 1998,1118.6700439453125
05 Nov 1998,1133.8499755859375
06 Nov 1998,1141.010009765625
09 Nov 1998,1130.199951171875
10 Nov 1998,1128.260009765625
11 Nov 1998,1120.969970703125
12 Nov 1998,1117.68994140625
13 Nov 1998,1125.719970703125
16 Nov 1998,1135.8699951171875
17 Nov 1998,1139.3199462890625
18 Nov 1998,1144.47998046875
19 Nov 1998,1152.6099853515625
20 Nov 1998,1163.550048828125
23 Nov 1998,1188.2099609375
24 Nov 1998,1182.989990234375
25 Nov 1998,1186.8699951171875
27 Nov 1998,1192.3299560546875
30 Nov 1998,1163.6300048828125
01 Dec 1998,1175.280029296875
02 Dec 1998,1171.25
03 Dec 1998,1150.1400146484375
04 Dec 1998,1176.739990234375
07 Dec 1998,1187.699951171875
08 Dec 1998,1181.3800048828125
09 Dec 1998,1183.489990234375
10 Dec 1998,1165.02001953125
11 Dec 1998,1166.4599609375
14 Dec 1998,1141.199951171875
15 Dec 1998,1162.8299560546875
16 Dec 1998,1161.93994140625
17 Dec 1998,1179.97998046875
18 Dec 1998,1188.030029296875
21 Dec 1998,1202.8399658203125
22 Dec 1998,1203.5699462890625
23 Dec 1998,1228.5400390625
24 Dec 1998,1226.27001953125
28 Dec 1998,1225.489990234375
29 Dec 1998,1241.81005859375
30 Dec 1998,1231.9300537109375
31 Dec 1998,1229.22998046875
04 Jan 1999,1228.0999755859375
05 Jan 1999,1244.780029296875
06 Jan 1999,1272.3399658203125
07 Jan 1999,1269.72998046875
08 Jan 1999,1275.0899658203125
11 Jan 1999,1263.8800048828125
12 Jan 1999,1239.510009765625
13 Jan 1999,1234.4000244140625
14 Jan 1999,1212.18994140625
15 Jan 1999,1243.260009765625
19 Jan 1999,1252.0
20 Jan 1999,1256.6199951171875
21 Jan 1999,1235.1600341796875
22 Jan 1999,1225.18994140625
25 Jan 1999,1233.97998046875
26 Jan 1999,1252.31005859375
27 Jan 1999,1243.1700439453125
28 Jan 1999,1265.3699951171875
29 Jan 1999,1279.6400146484375
01 Feb 1999,1273.0
02 Feb 1999,1261.989990234375
03 Feb 1999,1272.0699462890625
04 Feb 1999,1248.489990234375
05 Feb 1999,1239.4000244140625
08 Feb 1999,1243.77001953125
09 Feb 1999,1216.1400146484375
10 Feb 1999,1223.550048828125
11 Feb 1999,1254.0400390625
12 Feb 1999,1230.1300048828125
16 Feb 1999,1241.8699951171875
17 Feb 1999,1224.030029296875
18 Feb 1999,1237.280029296875
19 Feb 1999,1239.219970703125
22 Feb 1999,1272.1400146484375
23 Feb 1999,1271.1800537109375
24 Feb 1999,1253.4100341796875
25 Feb 1999,1245.02001953125
26 Feb 1999,1238.3299560546875
01 Mar 1999,1236.1600341796875
02 Mar 1999,1225.5
03 Mar 1999,1227.699951171875
04 Mar 1999,1246.6400146484375
05 Mar 1999,1275.469970703125
08 Mar 1999,1282.72998046875
09 Mar 1999,1279.8399658203125
10 Mar 1999,1286.8399658203125
11 Mar 1999,1297.6800537109375
12 Mar 1999,1294.5899658203125
15 Mar 1999,1307.260009765625
16 Mar 1999,1306.3800048828125
17 Mar 1999,1297.8199462890625
18 Mar 1999,1316.550048828125
19 Mar 1999,1299.2900390625
22 Mar 1999,1297.010009765625
23 Mar 1999,1262.1400146484375
24 Mar 1999,1268.5899658203125
25 Mar 1999,1289.989990234375
26 Mar 1999,1282.800048828125
29 Mar 1999,1310.1700439453125
30 Mar 1999,1300.75
31 Mar 1999,1286.3699951171875
01 Apr 1999,1293.719970703125
05 Apr 1999,1321.1199951171875
06 Apr 1999,1317.8900146484375
07 Apr 1999,1326.8900146484375
08 Apr 1999,1343.97998046875
09 Apr 1999,1348.3499755859375
12 Apr 1999,1358.6300048828125
13 Apr 1999,1349.8199462890625
14 Apr 1999,1328.43994140625
15 Apr 1999,1322.8499755859375
16 Apr 1999,1319.0
19 Apr 1999,1289.47998046875
20 Apr 1999,1306.1700439453125
21 Apr 1999,1336.1199951171875
22 Apr 1999,1358.8199462890625
23 Apr 1999,1356.8499755859375
26 Apr 1999,1360.0400390625
27 Apr 1999,1362.800048828125
28 Apr 1999,1350.9100341796875
29 Apr 1999,1342.8299560546875
30 Apr 1999,1335.1800537109375
03 May 1999,1354.6300048828125
04 May 1999,1332.0
05 May 1999,1347.31005859375
06 May 1999,1332.050048828125
07 May 1999,1345.0
10 May 1999,1340.300048828125
11 May 1999,1355.6099853515625
12 May 1999,1364.0
13 May 1999,1367.56005859375
14 May 1999,1337.800048828125
17 May 1999,1339.489990234375
18 May 1999,1333.3199462890625
19 May 1999,1344.22998046875
20 May 1999,1338.8299560546875
21 May 1999,1330.2900390625
24 May 1999,1306.6500244140625
25 May 1999,1284.4000244140625
26 May 1999,1304.760009765625
27 May 1999,1281.4100341796875
28 May 1999,1301.8399658203125
01 Jun 1999,1294.260009765625
02 Jun 1999,1294.81005859375
03 Jun 1999,1299.5400390625
04 Jun 1999,1327.75
07 Jun 1999,1334.52001953125
08 Jun 1999,1317.3299560546875
09 Jun 1999,1318.6400146484375
10 Jun 1999,1302.8199462890625
11 Jun 1999,1293.6400146484375
14 Jun 1999,1294.0
15 Jun 1999,1301.1600341796875
16 Jun 1999,1330.4100341796875
17 Jun 1999,1339.9000244140625
18 Jun 1999,1342.8399658203125
21 Jun 1999,1349.0
22 Jun 1999,1335.8800048828125
23 Jun 1999,1333.06005859375
24 Jun 1999,1315.780029296875
25 Jun 1999,1315.31005859375
28 Jun 1999,1331.3499755859375
29 Jun 1999,1351.449951171875
30 Jun 1999,1372.7099609375
01 Jul 1999,1380.9599609375
02 Jul 1999,1391.219970703125
06 Jul 1999,1388.1199951171875
07 Jul 1999,1395.8599853515625
08 Jul 1999,1394.4200439453125
09 Jul 1999,1403.280029296875
12 Jul 1999,1399.0999755859375
13 Jul 1999,1393.56005859375
14 Jul 1999,1398.1700439453125
15 Jul 1999,1409.6199951171875
16 Jul 1999,1418.780029296875
19 Jul 1999,1407.6500244140625
20 Jul 1999,1377.0999755859375
21 Jul 1999,1379.2900390625
22 Jul 1999,1360.969970703125
23 Jul 1999,1356.93994140625
26 Jul 1999,1347.760009765625
27 Jul 1999,1362.8399658203125
28 Jul 1999,1365.4000244140625
29 Jul 1999,1341.030029296875
30 Jul 1999,1328.719970703125
02 Aug 1999,1328.050048828125
03 Aug 1999,1322.1800537109375
04 Aug 1999,1305.3299560546875
05 Aug 1999,1313.7099609375
06 Aug 1999,1300.2900390625
09 Aug 1999,1297.800048828125
10 Aug 1999,1281.4300537109375
11 Aug 1999,1301.9300537109375
12 Aug 1999,1298.1600341796875
13 Aug 1999,1327.6800537109375
16 Aug 1999,1330.77001953125
17 Aug 1999,1344.1600341796875
18 Aug 1999,1332.8399658203125
19 Aug 1999,1323.5899658203125
20 Aug 1999,1336.6099853515625
23 Aug 1999,1360.219970703125
24 Aug 1999,1363.5
25 Aug 1999,1381.7900390625
26 Aug 1999,1362.010009765625
27 Aug 1999,1348.27001953125
30 Aug 1999,1324.02001953125
31 Aug 1999,1320.4100341796875
01 Sep 1999,1331.0699462890625
02 Sep 1999,1319.1099853515625
03 Sep 1999,1357.239990234375
07 Sep 1999,1350.449951171875
08 Sep 1999,1344.1500244140625
09 Sep 1999,1347.6600341796875
10 Sep 1999,1351.6600341796875
13 Sep 1999,1344.1300048828125
14 Sep 1999,1336.2900390625
15 Sep 1999,1317.969970703125
16 Sep 1999,1318.47998046875
17 Sep 1999,1335.4200439453125
20 Sep 1999,1335.530029296875
21 Sep 1999,1307.5799560546875
22 Sep 1999,1310.510009765625
23 Sep 1999,1280.4100341796875
24 Sep 1999,1277.3599853515625
27 Sep 1999,1283.31005859375
28 Sep 1999,1282.199951171875
29 Sep 1999,1268.3699951171875
30 Sep 1999,1282.7099609375
01 Oct 1999,1282.81005859375
04 Oct 1999,1304.5999755859375
05 Oct 1999,1301.3499755859375
06 Oct 1999,1325.4000244140625
07 Oct 1999,1317.6400146484375
08 Oct 1999,1336.02001953125
11 Oct 1999,1335.2099609375
12 Oct 1999,1313.0400390625
13 Oct 1999,1285.550048828125
14 Oct 1999,1283.4200439453125
15 Oct 1999,1247.4100341796875
18 Oct 1999,1254.1300048828125
19 Oct 1999,1261.3199462890625
20 Oct 1999,1289.4300537109375
21 Oct 1999,1283.6099853515625
22 Oct 1999,1301.6500244140625
25 Oct 1999,1293.6300048828125
26 Oct 1999,1281.9100341796875
27 Oct 1999,1296.7099609375
28 Oct 1999,1342.43994140625
29 Oct 1999,1362.9300537109375
01 Nov 1999,1354.1199951171875
02 Nov 1999,1347.739990234375
03 Nov 1999,1354.9300537109375
04 Nov 1999,1362.6400146484375
05 Nov 1999,1370.22998046875
08 Nov 1999,1377.010009765625
09 Nov 1999,1365.280029296875
10 Nov 1999,1373.4599609375
11 Nov 1999,1381.4599609375
12 Nov 1999,1396.06005859375
15 Nov 1999,1394.3900146484375
16 Nov 1999,1420.0699462890625
17 Nov 1999,1410.7099609375
18 Nov 1999,1424.93994140625
19 Nov 1999,1422.0
22 Nov 1999,1420.93994140625
23 Nov 1999,1404.6400146484375
24 Nov 1999,1417.0799560546875
26 Nov 1999,1416.6199951171875
29 Nov 1999,1407.8299560546875
30 Nov 1999,1388.9100341796875
01 Dec 1999,1397.719970703125
02 Dec 1999,1409.0400390625
03 Dec 1999,1433.300048828125
06 Dec 1999,1423.3299560546875
07 Dec 1999,1409.1700439453125
08 Dec 1999,1403.8800048828125
09 Dec 1999,1408.1099853515625
10 Dec 1999,1417.0400390625
13 Dec 1999,1415.219970703125
14 Dec 1999,1403.1700439453125
15 Dec 1999,1413.3299560546875
16 Dec 1999,1418.780029296875
17 Dec 1999,1421.030029296875
20 Dec 1999,1418.0899658203125
21 Dec 1999,1433.4300537109375
22 Dec 1999,1436.1300048828125
23 Dec 1999,1458.3399658203125
27 Dec 1999,1457.0999755859375
28 Dec 1999,1457.6600341796875
29 Dec 1999,1463.4599609375
30 Dec 1999,1464.469970703125
31 Dec 1999,1469.25
03 Jan 2000,1455.219970703125
04 Jan 2000,1399.4200439453125
05 Jan 2000,1402.1099853515625
06 Jan 2000,1403.449951171875
07 Jan 2000,1441.469970703125
10 Jan 2000,1457.5999755859375
11 Jan 2000,1438.56005859375
12 Jan 2000,1432.25
13 Jan 2000,1449.6800537109375
14 Jan 2000,1465.1500244140625
18 Jan 2000,1455.1400146484375
19 Jan 2000,1455.9000244140625
20 Jan 2000,1445.5699462890625
21 Jan 2000,1441.3599853515625
24 Jan 2000,1401.530029296875
25 Jan 2000,1410.030029296875
26 Jan 2000,1404.0899658203125
27 Jan 2000,1398.56005859375
28 Jan 2000,1360.1600341796875
31 Jan 2000,1394.4599609375
01 Feb 2000,1409.280029296875
02 Feb 2000,1409.1199951171875
03 Feb 2000,1424.969970703125
04 Feb 2000,1424.3699951171875
07 Feb 2000,1424.239990234375
08 Feb 2000,1441.719970703125
09 Feb 2000,1411.7099609375
10 Feb 2000,1416.8299560546875
11 Feb 2000,1387.1199951171875
14 Feb 2000,1389.93994140625
15 Feb 2000,1402.050048828125
16 Feb 2000,1387.6700439453125
17 Feb 2000,1388.260009765625
18 Feb 2000,1346.0899658203125
22 Feb 2000,1352.1700439453125
23 Feb 2000,1360.68994140625
24 Feb 2000,1353.4300537109375
25 Feb 2000,1333.3599853515625
28 Feb 2000,1348.050048828125
29 Feb 2000,1366.4200439453125
01 Mar 2000,1379.18994140625
02 Mar 2000,1381.760009765625
03 Mar 2000,1409.1700439453125
06 Mar 2000,1391.280029296875
07 Mar 2000,1355.6199951171875
08 Mar 2000,1366.699951171875
09 Mar 2000,1401.68994140625
10 Mar 2000,1395.0699462890625
13 Mar 2000,1383.6199951171875
14 Mar 2000,1359.1500244140625
15 Mar 2000,1392.1400146484375
16 Mar 2000,1458.469970703125
17 Mar 2000,1464.469970703125
20 Mar 2000,1456.6300048828125
21 Mar 2000,1493.8699951171875
22 Mar 2000,1500.6400146484375
23 Mar 2000,1527.3499755859375
24 Mar 2000,1527.4599609375
27 Mar 2000,1523.8599853515625
28 Mar 2000,1507.72998046875
29 Mar 2000,1508.52001953125
30 Mar 2000,1487.9200439453125
31 Mar 2000,1498.5799560546875
03 Apr 2000,1505.969970703125
04 Apr 2000,1494.72998046875
05 Apr 2000,1487.3699951171875
06 Apr 2000,1501.3399658203125
07 Apr 2000,1516.3499755859375
10 Apr 2000,1504.4599609375
11 Apr 2000,1500.5899658203125
12 Apr 2000,1467.1700439453125
13 Apr 2000,1440.510009765625
14 Apr 2000,1356.56005859375
17 Apr 2000,1401.43994140625
18 Apr 2000,1441.6099853515625
19 Apr 2000,1427.469970703125
20 Apr 2000,1434.5400390625
24 Apr 2000,1429.8599853515625
25 Apr 2000,1477.43994140625
26 Apr 2000,1460.989990234375
27 Apr 2000,1464.9200439453125
28 Apr 2000,1452.4300537109375
01 May 2000,1468.25
02 May 2000,1446.2900390625
03 May 2000,1415.0999755859375
04 May 2000,1409.5699462890625
05 May 2000,1432.6300048828125
08 May 2000,1424.1700439453125
09 May 2000,1412.1400146484375
10 May 2000,1383.050048828125
11 May 2000,1407.81005859375
12 May 2000,1420.9599609375
15 May 2000,1452.3599853515625
16 May 2000,1466.0400390625
17 May 2000,1447.800048828125
18 May 2000,1437.2099609375
19 May 2000,1406.949951171875
22 May 2000,1400.719970703125
23 May 2000,1373.8599853515625
24 May 2000,1399.050048828125
25 May 2000,1381.52001953125
26 May 2000,1378.02001953125
30 May 2000,1422.449951171875
31 May 2000,1420.5999755859375
01 Jun 2000,1448.81005859375
02 Jun 2000,1477.260009765625
05 Jun 2000,1467.6300048828125
06 Jun 2000,1457.8399658203125
07 Jun 2000,1471.3599853515625
08 Jun 2000,1461.6700439453125
09 Jun 2000,1456.949951171875
12 Jun 2000,1446.0
13 Jun 2000,1469.43994140625
14 Jun 2000,1470.5400390625
15 Jun 2000,1478.72998046875
16 Jun 2000,1464.4599609375
19 Jun 2000,1486.0
20 Jun 2000,1475.949951171875
21 Jun 2000,1479.1300048828125
22 Jun 2000,1452.1800537109375
23 Jun 2000,1441.47998046875
26 Jun 2000,1455.31005859375
27 Jun 2000,1450.550048828125
28 Jun 2000,1454.8199462890625
29 Jun 2000,1442.3900146484375
30 Jun 2000,1454.5999755859375
03 Jul 2000,1469.5400390625
05 Jul 2000,1446.22998046875
06 Jul 2000,1456.6700439453125
07 Jul 2000,1478.9000244140625
10 Jul 2000,1475.6199951171875
11 Jul 2000,1480.8800048828125
12 Jul 2000,1492.9200439453125
13 Jul 2000,1495.8399658203125
14 Jul 2000,1509.97998046875
17 Jul 2000,1510.489990234375
18 Jul 2000,1493.739990234375
19 Jul 2000,1481.9599609375
20 Jul 2000,1495.5699462890625
21 Jul 2000,1480.18994140625
24 Jul 2000,1464.2900390625
25 Jul 2000,1474.469970703125
26 Jul 2000,1452.4200439453125
27 Jul 2000,1449.6199951171875
28 Jul 2000,1419.8900146484375
31 Jul 2000,1430.8299560546875
01 Aug 2000,1438.0999755859375
02 Aug 2000,1438.699951171875
03 Aug 2000,1452.56005859375
04 Aug 2000,1462.9300537109375
07 Aug 2000,1479.3199462890625
08 Aug 2000,1482.800048828125
09 Aug 2000,1472.8699951171875
10 Aug 2000,1460.25
11 Aug 2000,1471.8399658203125
14 Aug 2000,1491.56005859375
15 Aug 2000,1484.4300537109375
16 Aug 2000,1479.8499755859375
17 Aug 2000,1496.0699462890625
18 Aug 2000,1491.719970703125
21 Aug 2000,1499.47998046875
22 Aug 2000,1498.1300048828125
23 Aug 2000,1505.969970703125
24 Aug 2000,1508.31005859375
25 Aug 2000,1506.449951171875
28 Aug 2000,1514.0899658203125
29 Aug 2000,1509.8399658203125
30 Aug 2000,1502.5899658203125
31 Aug 2000,1517.6800537109375
01 Sep 2000,1520.77001953125
05 Sep 2000,1507.0799560546875
06 Sep 2000,1492.25
07 Sep 2000,1502.510009765625
08 Sep 2000,1494.5
11 Sep 2000,1489.260009765625
12 Sep 2000,1481.989990234375
13 Sep 2000,1484.9100341796875
14 Sep 2000,1480.8699951171875
15 Sep 2000,1465.81005859375
18 Sep 2000,1444.510009765625
19 Sep 2000,1459.9000244140625
20 Sep 2000,1451.3399658203125
21 Sep 2000,1449.050048828125
22 Sep 2000,1448.719970703125
25 Sep 2000,1439.030029296875
26 Sep 2000,1427.2099609375
27 Sep 2000,1426.5699462890625
28 Sep 2000,1458.2900390625
29 Sep 2000,1436.510009765625
02 Oct 2000,1436.22998046875
03 Oct 2000,1426.4599609375
04 Oct 2000,1434.3199462890625
05 Oct 2000,1436.280029296875
06 Oct 2000,1408.989990234375
09 Oct 2000,1402.030029296875
10 Oct 2000,1387.02001953125
11 Oct 2000,1364.5899658203125
12 Oct 2000,1329.780029296875
13 Oct 2000,1374.1700439453125
16 Oct 2000,1374.6199951171875
17 Oct 2000,1349.969970703125
18 Oct 2000,1342.1300048828125
19 Oct 2000,1388.760009765625
20 Oct 2000,1396.9300537109375
23 Oct 2000,1395.780029296875
24 Oct 2000,1398.1300048828125
25 Oct 2000,1364.9000244140625
26 Oct 2000,1364.43994140625
27 Oct 2000,1379.5799560546875
30 Oct 2000,1398.6600341796875
31 Oct 2000,1429.4000244140625
01 Nov 2000,1421.219970703125
02 Nov 2000,1428.3199462890625
03 Nov 2000,1426.68994140625
06 Nov 2000,1432.18994140625
07 Nov 2000,1431.8699951171875
08 Nov 2000,1409.280029296875
09 Nov 2000,1400.1400146484375
10 Nov 2000,1365.97998046875
13 Nov 2000,1351.260009765625
14 Nov 2000,1382.949951171875
15 Nov 2000,1389.81005859375
16 Nov 2000,1372.3199462890625
17 Nov 2000,1367.719970703125
20 Nov 2000,1342.6199951171875
21 Nov 2000,1347.3499755859375
22 Nov 2000,1322.3599853515625
24 Nov 2000,1341.77001953125
27 Nov 2000,1348.969970703125
28 Nov 2000,1336.0899658203125
29 Nov 2000,1341.9300537109375
30 Nov 2000,1314.949951171875
01 Dec 2000,1315.22998046875
04 Dec 2000,1324.969970703125
05 Dec 2000,1376.5400390625
06 Dec 2000,1351.4599609375
07 Dec 2000,1343.550048828125
08 Dec 2000,1369.8900146484375
11 Dec 2000,1380.199951171875
12 Dec 2000,1371.1800537109375
13 Dec 2000,1359.989990234375
14 Dec 2000,1340.9300537109375
15 Dec 2000,1312.1500244140625
18 Dec 2000,1322.739990234375
19 Dec 2000,1305.5999755859375
20 Dec 2000,1264.739990234375
21 Dec 2000,1274.8599853515625
22 Dec 2000,1305.949951171875
26 Dec 2000,1315.18994140625
27 Dec 2000,1328.9200439453125
28 Dec 2000,1334.219970703125
29 Dec 2000,1320.280029296875
02 Jan 2001,1283.27001953125
03 Jan 2001,1347.56005859375
04 Jan 2001,1333.3399658203125
05 Jan 2001,1298.3499755859375
08 Jan 2001,1295.8599853515625
09 Jan 2001,1300.800048828125
10 Jan 2001,1313.27001953125
11 Jan 2001,1326.8199462890625
12 Jan 2001,1318.550048828125
16 Jan 2001,1326.6500244140625
17 Jan 2001,1329.469970703125
18 Jan 2001,1347.969970703125
19 Jan 2001,1342.5400390625
22 Jan 2001,1342.9000244140625
23 Jan 2001,1360.4000244140625
24 Jan 2001,1364.300048828125
25 Jan 2001,1357.510009765625
26 Jan 2001,1354.949951171875
29 Jan 2001,1364.1700439453125
30 Jan 2001,1373.72998046875
31 Jan 2001,1366.010009765625
01 Feb 2001,1373.469970703125
02 Feb 2001,1349.469970703125
05 Feb 2001,1354.31005859375
06 Feb 2001,1352.260009765625
07 Feb 2001,1340.8900146484375
08 Feb 2001,1332.530029296875
09 Feb 2001,1314.760009765625
12 Feb 2001,1330.31005859375
13 Feb 2001,1318.800048828125
14 Feb 2001,1315.9200439453125
15 Feb 2001,1326.6099853515625
16 Feb 2001,1301.530029296875
20 Feb 2001,1278.93994140625
21 Feb 2001,1255.27001953125
22 Feb 2001,1252.8199462890625
23 Feb 2001,1245.8599853515625
26 Feb 2001,1267.6500244140625
27 Feb 2001,1257.93994140625
28 Feb 2001,1239.93994140625
01 Mar 2001,1241.22998046875
02 Mar 2001,1234.1800537109375
05 Mar 2001,1241.4100341796875
06 Mar 2001,1253.800048828125
07 Mar 2001,1261.8900146484375
08 Mar 2001,1264.739990234375
09 Mar 2001,1233.4200439453125
12 Mar 2001,1180.1600341796875
13 Mar 2001,1197.6600341796875
14 Mar 2001,1166.7099609375
15 Mar 2001,1173.56005859375
16 Mar 2001,1150.530029296875
19 Mar 2001,1170.81005859375
20 Mar 2001,1142.6199951171875
21 Mar 2001,1122.1400146484375
22 Mar 2001,1117.5799560546875
23 Mar 2001,1139.8299560546875
26 Mar 2001,1152.68994140625
27 Mar 2001,1182.1700439453125
28 Mar 2001,1153.2900390625
29 Mar 2001,1147.949951171875
30 Mar 2001,1160.3299560546875
02 Apr 2001,1145.8699951171875
03 Apr 2001,1106.4599609375
04 Apr 2001,1103.25
05 Apr 2001,1151.43994140625
06 Apr 2001,1128.4300537109375
09 Apr 2001,1137.5899658203125
10 Apr 2001,1168.3800048828125
11 Apr 2001,1165.8900146484375
12 Apr 2001,1183.5
16 Apr 2001,1179.6800537109375
17 Apr 2001,1191.81005859375
18 Apr 2001,1238.1600341796875
19 Apr 2001,1253.68994140625
20 Apr 2001,1242.97998046875
23 Apr 2001,1224.3599853515625
24 Apr 2001,1209.469970703125
25 Apr 2001,1228.75
26 Apr 2001,1234.52001953125
27 Apr 2001,1253.050048828125
30 Apr 2001,1249.4599609375
01 May 2001,1266.43994140625
02 May 2001,1267.4300537109375
03 May 2001,1248.5799560546875
04 May 2001,1266.6099853515625
07 May 2001,1263.510009765625
08 May 2001,1261.199951171875
09 May 2001,1255.5400390625
10 May 2001,1255.1800537109375
11 May 2001,1245.6700439453125
14 May 2001,1248.9200439453125
15 May 2001,1249.43994140625
16 May 2001,1284.989990234375
17 May 2001,1288.489990234375
18 May 2001,1291.9599609375
21 May 2001,1312.8299560546875
22 May 2001,1309.3800048828125
23 May 2001,1289.050048828125
24 May 2001,1293.1700439453125
25 May 2001,1277.8900146484375
29 May 2001,1267.9300537109375
30 May 2001,1248.0799560546875
31 May 2001,1255.8199462890625
01 Jun 2001,1260.6700439453125
04 Jun 2001,1267.1099853515625
05 Jun 2001,1283.5699462890625
06 Jun 2001,1270.030029296875
07 Jun 2001,1276.9599609375
08 Jun 2001,1264.9599609375
11 Jun 2001,1254.3900146484375
12 Jun 2001,1255.8499755859375
13 Jun 2001,1241.5999755859375
14 Jun 2001,1219.8699951171875
15 Jun 2001,1214.3599853515625
18 Jun 2001,1208.4300537109375
19 Jun 2001,1212.5799560546875
20 Jun 2001,1223.1400146484375
21 Jun 2001,1237.0400390625
22 Jun 2001,1225.3499755859375
25 Jun 2001,1218.5999755859375
26 Jun 2001,1216.760009765625
27 Jun 2001,1211.0699462890625
28 Jun 2001,1226.199951171875
29 Jun 2001,1224.3800048828125
02 Jul 2001,1236.719970703125
03 Jul 2001,1234.449951171875
05 Jul 2001,1219.239990234375
06 Jul 2001,1190.5899658203125
09 Jul 2001,1198.780029296875
10 Jul 2001,1181.52001953125
11 Jul 2001,1180.1800537109375
12 Jul 2001,1208.1400146484375
13 Jul 2001,1215.6800537109375
16 Jul 2001,1202.449951171875
17 Jul 2001,1214.43994140625
18 Jul 2001,1207.7099609375
19 Jul 2001,1215.02001953125
20 Jul 2001,1210.8499755859375
23 Jul 2001,1191.030029296875
24 Jul 2001,1171.6500244140625
25 Jul 2001,1190.489990234375
26 Jul 2001,1202.9300537109375
27 Jul 2001,1205.8199462890625
30 Jul 2001,1204.52001953125
31 Jul 2001,1211.22998046875
01 Aug 2001,1215.9300537109375
02 Aug 2001,1220.75
03 Aug 2001,1214.3499755859375
06 Aug 2001,1200.47998046875
07 Aug 2001,1204.4000244140625
08 Aug 2001,1183.530029296875
09 Aug 2001,1183.4300537109375
10 Aug 2001,1190.1600341796875
13 Aug 2001,1191.2900390625
14 Aug 2001,1186.72998046875
15 Aug 2001,1178.02001953125
16 Aug 2001,1181.6600341796875
17 Aug 2001,1161.969970703125
20 Aug 2001,1171.4100341796875
21 Aug 2001,1157.260009765625
22 Aug 2001,1165.31005859375
23 Aug 2001,1162.0899658203125
24 Aug 2001,1184.9300537109375
27 Aug 2001,1179.2099609375
28 Aug 2001,1161.510009765625
29 Aug 2001,1148.56005859375
30 Aug 2001,1129.030029296875
31 Aug 2001,1133.5799560546875
04 Sep 2001,1132.93994140625
05 Sep 2001,1131.739990234375
06 Sep 2001,1106.4000244140625
07 Sep 2001,1085.780029296875
10 Sep 2001,1092.5400390625
17 Sep 2001,1038.77001953125
18 Sep 2001,1032.739990234375
19 Sep 2001,1016.0999755859375
20 Sep 2001,984.5399780273438
21 Sep 2001,965.7999877929688
24 Sep 2001,1003.4500122070312
25 Sep 2001,1012.27001953125
26 Sep 2001,1007.0399780273438
27 Sep 2001,1018.6099853515625
28 Sep 2001,1040.93994140625
01 Oct 2001,1038.550048828125
02 Oct 2001,1051.3299560546875
03 Oct 2001,1072.280029296875
04 Oct 2001,1069.6300048828125
05 Oct 2001,1071.3800048828125
08 Oct 2001,1062.43994140625
09 Oct 2001,1056.75
10 Oct 2001,1080.989990234375
11 Oct 2001,1097.4300537109375
12 Oct 2001,1091.6500244140625
15 Oct 2001,1089.97998046875
16 Oct 2001,1097.5400390625
17 Oct 2001,1077.0899658203125
18 Oct 2001,1068.6099853515625
19 Oct 2001,1073.47998046875
22 Oct 2001,1089.9000244140625
23 Oct 2001,1084.780029296875
24 Oct 2001,1085.199951171875
25 Oct 2001,1100.0899658203125
26 Oct 2001,1104.6099853515625
29 Oct 2001,1078.300048828125
30 Oct 2001,1059.7900390625
31 Oct 2001,1059.780029296875
01 Nov 2001,1084.0999755859375
02 Nov 2001,1087.199951171875
05 Nov 2001,1102.8399658203125
06 Nov 2001,1118.8599853515625
07 Nov 2001,1115.800048828125
08 Nov 2001,1118.5400390625
09 Nov 2001,1120.31005859375
12 Nov 2001,1118.3299560546875
13 Nov 2001,1139.0899658203125
14 Nov 2001,1141.2099609375
15 Nov 2001,1142.239990234375
16 Nov 2001,1138.6500244140625
19 Nov 2001,1151.06005859375
20 Nov 2001,1142.6600341796875
21 Nov 2001,1137.030029296875
23 Nov 2001,1150.3399658203125
26 Nov 2001,1157.4200439453125
27 Nov 2001,1149.5
28 Nov 2001,1128.52001953125
29 Nov 2001,1140.199951171875
30 Nov 2001,1139.449951171875
03 Dec 2001,1129.9000244140625
04 Dec 2001,1144.800048828125
05 Dec 2001,1170.3499755859375
06 Dec 2001,1167.0999755859375
07 Dec 2001,1158.31005859375
10 Dec 2001,1139.9300537109375
11 Dec 2001,1136.760009765625
12 Dec 2001,1137.0699462890625
13 Dec 2001,1119.3800048828125
14 Dec 2001,1123.0899658203125
17 Dec 2001,1134.3599853515625
18 Dec 2001,1142.9200439453125
19 Dec 2001,1149.56005859375
20 Dec 2001,1139.9300537109375
21 Dec 2001,1144.8900146484375
24 Dec 2001,1144.6500244140625
26 Dec 2001,1149.3699951171875
27 Dec 2001,1157.1300048828125
28 Dec 2001,1161.02001953125
31 Dec 2001,1148.0799560546875
02 Jan 2002,1154.6700439453125
03 Jan 2002,1165.27001953125
04 Jan 2002,1172.510009765625
07 Jan 2002,1164.8900146484375
08 Jan 2002,1160.7099609375
09 Jan 2002,1155.1400146484375
10 Jan 2002,1156.550048828125
11 Jan 2002,1145.5999755859375
14 Jan 2002,1138.4100341796875
15 Jan 2002,1146.18994140625
16 Jan 2002,1127.5699462890625
17 Jan 2002,1138.8800048828125
18 Jan 2002,1127.5799560546875
22 Jan 2002,1119.31005859375
23 Jan 2002,1128.1800537109375
24 Jan 2002,1132.1500244140625
25 Jan 2002,1133.280029296875
28 Jan 2002,1133.06005859375
29 Jan 2002,1100.6400146484375
30 Jan 2002,1113.5699462890625
31 Jan 2002,1130.199951171875
01 Feb 2002,1122.199951171875
04 Feb 2002,1094.43994140625
05 Feb 2002,1090.02001953125
06 Feb 2002,1083.510009765625
07 Feb 2002,1080.1700439453125
08 Feb 2002,1096.219970703125
11 Feb 2002,1111.93994140625
12 Feb 2002,1107.5
13 Feb 2002,1118.510009765625
14 Feb 2002,1116.47998046875
15 Feb 2002,1104.1800537109375
19 Feb 2002,1083.3399658203125
20 Feb 2002,1097.97998046875
21 Feb 2002,1080.949951171875
22 Feb 2002,1089.8399658203125
25 Feb 2002,1109.4300537109375
26 Feb 2002,1109.3800048828125
27 Feb 2002,1109.8900146484375
28 Feb 2002,1106.72998046875
01 Mar 2002,1131.780029296875
04 Mar 2002,1153.8399658203125
05 Mar 2002,1146.1400146484375
06 Mar 2002,1162.77001953125
07 Mar 2002,1157.5400390625
08 Mar 2002,1164.31005859375
11 Mar 2002,1168.260009765625
12 Mar 2002,1165.5799560546875
13 Mar 2002,1154.0899658203125
14 Mar 2002,1153.0400390625
15 Mar 2002,1166.1600341796875
18 Mar 2002,1165.550048828125
19 Mar 2002,1170.2900390625
20 Mar 2002,1151.8499755859375
21 Mar 2002,1153.5899658203125
22 Mar 2002,1148.699951171875
25 Mar 2002,1131.8699951171875
26 Mar 2002,1138.489990234375
27 Mar 2002,1144.5799560546875
28 Mar 2002,1147.3900146484375
01 Apr 2002,1146.5400390625
02 Apr 2002,1136.760009765625
03 Apr 2002,1125.4000244140625
04 Apr 2002,1126.3399658203125
05 Apr 2002,1122.72998046875
08 Apr 2002,1125.2900390625
09 Apr 2002,1117.800048828125
10 Apr 2002,1130.469970703125
11 Apr 2002,1103.68994140625
12 Apr 2002,1111.010009765625
15 Apr 2002,1102.550048828125
16 Apr 2002,1128.3699951171875
17 Apr 2002,1126.0699462890625
18 Apr 2002,1124.469970703125
19 Apr 2002,1125.1700439453125
22 Apr 2002,1107.8299560546875
23 Apr 2002,1100.9599609375
24 Apr 2002,1093.1400146484375
25 Apr 2002,1091.47998046875
26 Apr 2002,1076.3199462890625
29 Apr 2002,1065.449951171875
30 Apr 2002,1076.9200439453125
01 May 2002,1086.4599609375
02 May 2002,1084.56005859375
03 May 2002,1073.4300537109375
06 May 2002,1052.6700439453125
07 May 2002,1049.489990234375
08 May 2002,1088.8499755859375
09 May 2002,1073.010009765625
10 May 2002,1054.989990234375
13 May 2002,1074.56005859375
14 May 2002,1097.280029296875
15 May 2002,1091.0699462890625
16 May 2002,1098.22998046875
17 May 2002,1106.5899658203125
20 May 2002,1091.8800048828125
21 May 2002,1079.8800048828125
22 May 2002,1086.02001953125
23 May 2002,1097.0799560546875
24 May 2002,1083.8199462890625
28 May 2002,1074.550048828125
29 May 2002,1067.6600341796875
30 May 2002,1064.6600341796875
31 May 2002,1067.1400146484375
03 Jun 2002,1040.6800537109375
04 Jun 2002,1040.68994140625
05 Jun 2002,1049.9000244140625
06 Jun 2002,1029.1500244140625
07 Jun 2002,1027.530029296875
10 Jun 2002,1030.739990234375
11 Jun 2002,1013.5999755859375
12 Jun 2002,1020.260009765625
13 Jun 2002,1009.5599975585938
14 Jun 2002,1007.27001953125
17 Jun 2002,1036.1700439453125
18 Jun 2002,1037.1400146484375
19 Jun 2002,1019.989990234375
20 Jun 2002,1006.2899780273438
21 Jun 2002,989.1400146484375
24 Jun 2002,992.719970703125
25 Jun 2002,976.1400146484375
26 Jun 2002,973.530029296875
27 Jun 2002,990.6400146484375
28 Jun 2002,989.8200073242188
01 Jul 2002,968.6500244140625
02 Jul 2002,948.0900268554688
03 Jul 2002,953.989990234375
05 Jul 2002,989.030029296875
08 Jul 2002,976.97998046875
09 Jul 2002,952.8300170898438
10 Jul 2002,920.469970703125
11 Jul 2002,927.3699951171875
12 Jul 2002,921.3900146484375
15 Jul 2002,917.9299926757812
16 Jul 2002,900.9400024414062
17 Jul 2002,906.0399780273438
18 Jul 2002,881.5599975585938
19 Jul 2002,847.75
22 Jul 2002,819.8499755859375
23 Jul 2002,797.7000122070312
24 Jul 2002,843.4299926757812
25 Jul 2002,838.6799926757812
26 Jul 2002,852.8400268554688
29 Jul 2002,898.9600219726562
30 Jul 2002,902.780029296875
31 Jul 2002,911.6199951171875
01 Aug 2002,884.6599731445312
02 Aug 2002,864.239990234375
05 Aug 2002,834.5999755859375
06 Aug 2002,859.5700073242188
07 Aug 2002,876.77001953125
08 Aug 2002,905.4600219726562
09 Aug 2002,908.6400146484375
12 Aug 2002,903.7999877929688
13 Aug 2002,884.2100219726562
14 Aug 2002,919.6199951171875
15 Aug 2002,930.25
16 Aug 2002,928.77001953125
19 Aug 2002,950.7000122070312
20 Aug 2002,937.4299926757812
21 Aug 2002,949.3599853515625
22 Aug 2002,962.7000122070312
23 Aug 2002,940.8599853515625
26 Aug 2002,947.9500122070312
27 Aug 2002,934.8200073242188
28 Aug 2002,917.8699951171875
29 Aug 2002,917.7999877929688
30 Aug 2002,916.0700073242188
03 Sep 2002,878.02001953125
04 Sep 2002,893.4000244140625
05 Sep 2002,879.1500244140625
06 Sep 2002,893.9199829101562
09 Sep 2002,902.9600219726562
10 Sep 2002,909.5800170898438
11 Sep 2002,909.4500122070312
12 Sep 2002,886.9099731445312
13 Sep 2002,889.8099975585938
16 Sep 2002,891.0999755859375
17 Sep 2002,873.52001953125
18 Sep 2002,869.4600219726562
19 Sep 2002,843.3200073242188
20 Sep 2002,845.3900146484375
23 Sep 2002,833.7000122070312
24 Sep 2002,819.2899780273438
25 Sep 2002,839.6599731445312
26 Sep 2002,854.9500122070312
27 Sep 2002,827.3699951171875
30 Sep 2002,815.280029296875
01 Oct 2002,847.9099731445312
02 Oct 2002,827.9099731445312
03 Oct 2002,818.9500122070312
04 Oct 2002,800.5800170898438
07 Oct 2002,785.280029296875
08 Oct 2002,798.5499877929688
09 Oct 2002,776.760009765625
10 Oct 2002,803.9199829101562
11 Oct 2002,835.3200073242188
14 Oct 2002,841.4400024414062
15 Oct 2002,881.27001953125
16 Oct 2002,860.02001953125
17 Oct 2002,879.2000122070312
18 Oct 2002,884.3900146484375
21 Oct 2002,899.719970703125
22 Oct 2002,890.1599731445312
23 Oct 2002,896.1400146484375
24 Oct 2002,882.5
25 Oct 2002,897.6500244140625
28 Oct 2002,890.22998046875
29 Oct 2002,882.1500244140625
30 Oct 2002,890.7100219726562
31 Oct 2002,885.760009765625
01 Nov 2002,900.9600219726562
04 Nov 2002,908.3499755859375
05 Nov 2002,915.3900146484375
06 Nov 2002,923.760009765625
07 Nov 2002,902.6500244140625
08 Nov 2002,894.739990234375
11 Nov 2002,876.1900024414062
12 Nov 2002,882.9500122070312
13 Nov 2002,882.530029296875
14 Nov 2002,904.27001953125
15 Nov 2002,909.8300170898438
18 Nov 2002,900.3599853515625
19 Nov 2002,896.739990234375
20 Nov 2002,914.1500244140625
21 Nov 2002,933.760009765625
22 Nov 2002,930.5499877929688
25 Nov 2002,932.8699951171875
26 Nov 2002,913.3099975585938
27 Nov 2002,938.8699951171875
29 Nov 2002,936.3099975585938
02 Dec 2002,934.530029296875
03 Dec 2002,920.75
04 Dec 2002,917.5800170898438
05 Dec 2002,906.5499877929688
06 Dec 2002,912.22998046875
09 Dec 2002,892.0
10 Dec 2002,904.4500122070312
11 Dec 2002,904.9600219726562
12 Dec 2002,901.5800170898438
13 Dec 2002,889.47998046875
16 Dec 2002,910.4000244140625
17 Dec 2002,902.989990234375
18 Dec 2002,891.1199951171875
19 Dec 2002,884.25
20 Dec 2002,895.760009765625
23 Dec 2002,897.3800048828125
24 Dec 2002,892.469970703125
26 Dec 2002,889.6599731445312
27 Dec 2002,875.4000244140625
30 Dec 2002,879.3900146484375
31 Dec 2002,879.8200073242188
02 Jan 2003,909.030029296875
03 Jan 2003,908.5900268554688
06 Jan 2003,929.010009765625
07 Jan 2003,922.9299926757812
08 Jan 2003,909.9299926757812
09 Jan 2003,927.5700073242188
10 Jan 2003,927.5700073242188
13 Jan 2003,926.260009765625
14 Jan 2003,931.6599731445312
15 Jan 2003,918.219970703125
16 Jan 2003,914.5999755859375
17 Jan 2003,901.780029296875
21 Jan 2003,887.6199951171875
22 Jan 2003,878.3599853515625
23 Jan 2003,887.3400268554688
24 Jan 2003,861.4000244140625
27 Jan 2003,847.47998046875
28 Jan 2003,858.5399780273438
29 Jan 2003,864.3599853515625
30 Jan 2003,844.6099853515625
31 Jan 2003,855.7000122070312
03 Feb 2003,860.3200073242188
04 Feb 2003,848.2000122070312
05 Feb 2003,843.5900268554688
06 Feb 2003,838.1500244140625
07 Feb 2003,829.6900024414062
10 Feb 2003,835.969970703125
11 Feb 2003,829.2000122070312
12 Feb 2003,818.6799926757812
13 Feb 2003,817.3699951171875
14 Feb 2003,834.8900146484375
18 Feb 2003,851.1699829101562
19 Feb 2003,845.1300048828125
20 Feb 2003,837.0999755859375
21 Feb 2003,848.1699829101562
24 Feb 2003,832.5800170898438
25 Feb 2003,838.5700073242188
26 Feb 2003,827.5499877929688
27 Feb 2003,837.280029296875
28 Feb 2003,841.1500244140625
03 Mar 2003,834.8099975585938
04 Mar 2003,821.989990234375
05 Mar 2003,829.8499755859375
06 Mar 2003,822.0999755859375
07 Mar 2003,828.8900146484375
10 Mar 2003,807.47998046875
11 Mar 2003,800.72998046875
12 Mar 2003,804.1900024414062
13 Mar 2003,831.9000244140625
14 Mar 2003,833.27001953125
17 Mar 2003,862.7899780273438
18 Mar 2003,866.4500122070312
19 Mar 2003,874.02001953125
20 Mar 2003,875.6699829101562
21 Mar 2003,895.7899780273438
24 Mar 2003,864.22998046875
25 Mar 2003,874.739990234375
26 Mar 2003,869.9500122070312
27 Mar 2003,868.52001953125
28 Mar 2003,863.5
31 Mar 2003,848.1799926757812
01 Apr 2003,858.47998046875
02 Apr 2003,880.9000244140625
03 Apr 2003,876.4500122070312
04 Apr 2003,878.8499755859375
07 Apr 2003,879.9299926757812
08 Apr 2003,878.2899780273438
09 Apr 2003,865.989990234375
10 Apr 2003,871.5800170898438
11 Apr 2003,868.2999877929688
14 Apr 2003,885.22998046875
15 Apr 2003,890.8099975585938
16 Apr 2003,879.9099731445312
17 Apr 2003,893.5800170898438
21 Apr 2003,892.010009765625
22 Apr 2003,911.3699951171875
23 Apr 2003,919.02001953125
24 Apr 2003,911.4299926757812
25 Apr 2003,898.8099975585938
28 Apr 2003,914.8400268554688
29 Apr 2003,917.8400268554688
30 Apr 2003,916.9199829101562
01 May 2003,916.2999877929688
02 May 2003,930.0800170898438
05 May 2003,926.5499877929688
06 May 2003,934.3900146484375
07 May 2003,929.6199951171875
08 May 2003,920.27001953125
09 May 2003,933.4099731445312
12 May 2003,945.1099853515625
13 May 2003,942.2999877929688
14 May 2003,939.280029296875
15 May 2003,946.6699829101562
16 May 2003,944.2999877929688
19 May 2003,920.77001953125
20 May 2003,919.72998046875
21 May 2003,923.4199829101562
22 May 2003,931.8699951171875
23 May 2003,933.219970703125
27 May 2003,951.47998046875
28 May 2003,953.219970703125
29 May 2003,949.6400146484375
30 May 2003,963.5900268554688
02 Jun 2003,967.0
03 Jun 2003,971.5599975585938
04 Jun 2003,986.239990234375
05 Jun 2003,990.1400146484375
06 Jun 2003,987.760009765625
09 Jun 2003,975.9299926757812
10 Jun 2003,984.8400268554688
11 Jun 2003,997.47998046875
12 Jun 2003,998.510009765625
13 Jun 2003,988.6099853515625
16 Jun 2003,1010.739990234375
17 Jun 2003,1011.6599731445312
18 Jun 2003,1010.0900268554688
19 Jun 2003,994.7000122070312
20 Jun 2003,995.6900024414062
23 Jun 2003,981.6400146484375
24 Jun 2003,983.4500122070312
25 Jun 2003,975.3200073242188
26 Jun 2003,985.8200073242188
27 Jun 2003,976.219970703125
30 Jun 2003,974.5
01 Jul 2003,982.3200073242188
02 Jul 2003,993.75
03 Jul 2003,985.7000122070312
07 Jul 2003,1004.4199829101562
08 Jul 2003,1007.8400268554688
09 Jul 2003,1002.2100219726562
10 Jul 2003,988.7000122070312
11 Jul 2003,998.1400146484375
14 Jul 2003,1003.8599853515625
15 Jul 2003,1000.4199829101562
16 Jul 2003,994.0900268554688
17 Jul 2003,981.72998046875
18 Jul 2003,993.3200073242188
21 Jul 2003,978.7999877929688
22 Jul 2003,988.1099853515625
23 Jul 2003,988.6099853515625
24 Jul 2003,981.5999755859375
25 Jul 2003,998.6799926757812
28 Jul 2003,996.52001953125
29 Jul 2003,989.280029296875
30 Jul 2003,987.489990234375
31 Jul 2003,990.3099975585938
01 Aug 2003,980.1500244140625
04 Aug 2003,982.8200073242188
05 Aug 2003,965.4600219726562
06 Aug 2003,967.0800170898438
07 Aug 2003,974.1199951171875
08 Aug 2003,977.5900268554688
11 Aug 2003,980.5900268554688
12 Aug 2003,990.3499755859375
13 Aug 2003,984.030029296875
14 Aug 2003,990.510009765625
15 Aug 2003,990.6699829101562
18 Aug 2003,999.739990234375
19 Aug 2003,1002.3499755859375
20 Aug 2003,1000.2999877929688
21 Aug 2003,1003.27001953125
22 Aug 2003,993.0599975585938
25 Aug 2003,993.7100219726562
26 Aug 2003,996.72998046875
27 Aug 2003,996.7899780273438
28 Aug 2003,1002.8400268554688
29 Aug 2003,1008.010009765625
02 Sep 2003,1021.989990234375
03 Sep 2003,1026.27001953125
04 Sep 2003,1027.969970703125
05 Sep 2003,1021.3900146484375
08 Sep 2003,1031.6400146484375
09 Sep 2003,1023.1699829101562
10 Sep 2003,1010.9199829101562
11 Sep 2003,1016.4199829101562
12 Sep 2003,1018.6300048828125
15 Sep 2003,1014.8099975585938
16 Sep 2003,1029.3199462890625
17 Sep 2003,1025.969970703125
18 Sep 2003,1039.5799560546875
19 Sep 2003,1036.300048828125
22 Sep 2003,1022.8200073242188
23 Sep 2003,1029.030029296875
24 Sep 2003,1009.3800048828125
25 Sep 2003,1003.27001953125
26 Sep 2003,996.8499755859375
29 Sep 2003,1006.5800170898438
30 Sep 2003,995.969970703125
01 Oct 2003,1018.219970703125
02 Oct 2003,1020.239990234375
03 Oct 2003,1029.8499755859375
06 Oct 2003,1034.3499755859375
07 Oct 2003,1039.25
08 Oct 2003,1033.780029296875
09 Oct 2003,1038.72998046875
10 Oct 2003,1038.06005859375
13 Oct 2003,1045.3499755859375
14 Oct 2003,1049.47998046875
15 Oct 2003,1046.760009765625
16 Oct 2003,1050.0699462890625
17 Oct 2003,1039.3199462890625
20 Oct 2003,1044.6800537109375
21 Oct 2003,1046.030029296875
22 Oct 2003,1030.3599853515625
23 Oct 2003,1033.77001953125
24 Oct 2003,1028.9100341796875
27 Oct 2003,1031.1300048828125
28 Oct 2003,1046.7900390625
29 Oct 2003,1048.1099853515625
30 Oct 2003,1046.93994140625
31 Oct 2003,1050.7099609375
03 Nov 2003,1059.02001953125
04 Nov 2003,1053.25
05 Nov 2003,1051.81005859375
06 Nov 2003,1058.050048828125
07 Nov 2003,1053.2099609375
10 Nov 2003,1047.1099853515625
11 Nov 2003,1046.5699462890625
12 Nov 2003,1058.530029296875
13 Nov 2003,1058.4100341796875
14 Nov 2003,1050.3499755859375
17 Nov 2003,1043.6300048828125
18 Nov 2003,1034.1500244140625
19 Nov 2003,1042.43994140625
20 Nov 2003,1033.6500244140625
21 Nov 2003,1035.280029296875
24 Nov 2003,1052.0799560546875
25 Nov 2003,1053.8900146484375
26 Nov 2003,1058.449951171875
28 Nov 2003,1058.199951171875
01 Dec 2003,1070.1199951171875
02 Dec 2003,1066.6199951171875
03 Dec 2003,1064.72998046875
04 Dec 2003,1069.719970703125
05 Dec 2003,1061.5
08 Dec 2003,1069.300048828125
09 Dec 2003,1060.1800537109375
10 Dec 2003,1059.050048828125
11 Dec 2003,1071.2099609375
12 Dec 2003,1074.1400146484375
15 Dec 2003,1068.0400390625
16 Dec 2003,1075.1300048828125
17 Dec 2003,1076.47998046875
18 Dec 2003,1089.1800537109375
19 Dec 2003,1088.6600341796875
22 Dec 2003,1092.93994140625
23 Dec 2003,1096.02001953125
24 Dec 2003,1094.0400390625
26 Dec 2003,1095.8900146484375
29 Dec 2003,1109.47998046875
30 Dec 2003,1109.6400146484375
31 Dec 2003,1111.9200439453125
02 Jan 2004,1108.47998046875
05 Jan 2004,1122.219970703125
06 Jan 2004,1123.6700439453125
07 Jan 2004,1126.3299560546875
08 Jan 2004,1131.9200439453125
09 Jan 2004,1121.8599853515625
12 Jan 2004,1127.22998046875
13 Jan 2004,1121.219970703125
14 Jan 2004,1130.52001953125
15 Jan 2004,1132.050048828125
16 Jan 2004,1139.8299560546875
20 Jan 2004,1138.77001953125
21 Jan 2004,1147.6199951171875
22 Jan 2004,1143.93994140625
23 Jan 2004,1141.550048828125
26 Jan 2004,1155.3699951171875
27 Jan 2004,1144.050048828125
28 Jan 2004,1128.47998046875
29 Jan 2004,1134.1099853515625
30 Jan 2004,1131.1300048828125
02 Feb 2004,1135.260009765625
03 Feb 2004,1136.030029296875
04 Feb 2004,1126.52001953125
05 Feb 2004,1128.5899658203125
06 Feb 2004,1142.760009765625
09 Feb 2004,1139.81005859375
10 Feb 2004,1145.5400390625
11 Feb 2004,1157.760009765625
12 Feb 2004,1152.1099853515625
13 Feb 2004,1145.81005859375
17 Feb 2004,1156.989990234375
18 Feb 2004,1151.8199462890625
19 Feb 2004,1147.06005859375
20 Feb 2004,1144.1099853515625
23 Feb 2004,1140.989990234375
24 Feb 2004,1139.0899658203125
25 Feb 2004,1143.6700439453125
26 Feb 2004,1144.9100341796875
27 Feb 2004,1144.93994140625
01 Mar 2004,1155.969970703125
02 Mar 2004,1149.0999755859375
03 Mar 2004,1151.030029296875
04 Mar 2004,1154.8699951171875
05 Mar 2004,1156.8599853515625
08 Mar 2004,1147.199951171875
09 Mar 2004,1140.5799560546875
10 Mar 2004,1123.8900146484375
11 Mar 2004,1106.780029296875
12 Mar 2004,1120.5699462890625
15 Mar 2004,1104.489990234375
16 Mar 2004,1110.699951171875
17 Mar 2004,1123.75
18 Mar 2004,1122.3199462890625
19 Mar 2004,1109.780029296875
22 Mar 2004,1095.4000244140625
23 Mar 2004,1093.949951171875
24 Mar 2004,1091.3299560546875
25 Mar 2004,1109.18994140625
26 Mar 2004,1108.06005859375
29 Mar 2004,1122.469970703125
30 Mar 2004,1127.0
31 Mar 2004,1126.2099609375
01 Apr 2004,1132.1700439453125
02 Apr 2004,1141.81005859375
05 Apr 2004,1150.5699462890625
06 Apr 2004,1148.1600341796875
07 Apr 2004,1140.530029296875
08 Apr 2004,1139.3199462890625
12 Apr 2004,1145.199951171875
13 Apr 2004,1129.43994140625
14 Apr 2004,1128.1700439453125
15 Apr 2004,1128.8399658203125
16 Apr 2004,1134.6099853515625
19 Apr 2004,1135.8199462890625
20 Apr 2004,1118.1500244140625
21 Apr 2004,1124.0899658203125
22 Apr 2004,1139.9300537109375
23 Apr 2004,1140.5999755859375
26 Apr 2004,1135.530029296875
27 Apr 2004,1138.1099853515625
28 Apr 2004,1122.4100341796875
29 Apr 2004,1113.8900146484375
30 Apr 2004,1107.300048828125
03 May 2004,1117.489990234375
04 May 2004,1119.550048828125
05 May 2004,1121.530029296875
06 May 2004,1113.989990234375
07 May 2004,1098.699951171875
10 May 2004,1087.1199951171875
11 May 2004,1095.449951171875
12 May 2004,1097.280029296875
13 May 2004,1096.43994140625
14 May 2004,1095.699951171875
17 May 2004,1084.0999755859375
18 May 2004,1091.489990234375
19 May 2004,1088.6800537109375
20 May 2004,1089.18994140625
21 May 2004,1093.56005859375
24 May 2004,1095.4100341796875
25 May 2004,1113.050048828125
26 May 2004,1114.93994140625
27 May 2004,1121.280029296875
28 May 2004,1120.6800537109375
01 Jun 2004,1121.199951171875
02 Jun 2004,1124.989990234375
03 Jun 2004,1116.6400146484375
04 Jun 2004,1122.5
07 Jun 2004,1140.4200439453125
08 Jun 2004,1142.1800537109375
09 Jun 2004,1131.3299560546875
10 Jun 2004,1136.469970703125
14 Jun 2004,1125.2900390625
15 Jun 2004,1132.010009765625
16 Jun 2004,1133.56005859375
17 Jun 2004,1132.050048828125
18 Jun 2004,1135.02001953125
21 Jun 2004,1130.300048828125
22 Jun 2004,1134.4100341796875
23 Jun 2004,1144.06005859375
24 Jun 2004,1140.6500244140625
25 Jun 2004,1134.4300537109375
28 Jun 2004,1133.3499755859375
29 Jun 2004,1136.199951171875
30 Jun 2004,1140.8399658203125
01 Jul 2004,1128.93994140625
02 Jul 2004,1125.3800048828125
06 Jul 2004,1116.2099609375
07 Jul 2004,1118.3299560546875
08 Jul 2004,1109.1099853515625
09 Jul 2004,1112.81005859375
12 Jul 2004,1114.3499755859375
13 Jul 2004,1115.1400146484375
14 Jul 2004,1111.469970703125
15 Jul 2004,1106.68994140625
16 Jul 2004,1101.3900146484375
19 Jul 2004,1100.9000244140625
20 Jul 2004,1108.6700439453125
21 Jul 2004,1093.8800048828125
22 Jul 2004,1096.8399658203125
23 Jul 2004,1086.199951171875
26 Jul 2004,1084.0699462890625
27 Jul 2004,1094.8299560546875
28 Jul 2004,1095.4200439453125
29 Jul 2004,1100.4300537109375
30 Jul 2004,1101.719970703125
02 Aug 2004,1106.6199951171875
03 Aug 2004,1099.68994140625
04 Aug 2004,1098.6300048828125
05 Aug 2004,1080.699951171875
06 Aug 2004,1063.969970703125
09 Aug 2004,1065.219970703125
10 Aug 2004,1079.0400390625
11 Aug 2004,1075.7900390625
12 Aug 2004,1063.22998046875
13 Aug 2004,1064.800048828125
16 Aug 2004,1079.3399658203125
17 Aug 2004,1081.7099609375
18 Aug 2004,1095.1700439453125
19 Aug 2004,1091.22998046875
20 Aug 2004,1098.3499755859375
23 Aug 2004,1095.6800537109375
24 Aug 2004,1096.18994140625
25 Aug 2004,1104.9599609375
26 Aug 2004,1105.0899658203125
27 Aug 2004,1107.77001953125
30 Aug 2004,1099.1500244140625
31 Aug 2004,1104.239990234375
01 Sep 2004,1105.9100341796875
02 Sep 2004,1118.31005859375
03 Sep 2004,1113.6300048828125
07 Sep 2004,1121.300048828125
08 Sep 2004,1116.27001953125
09 Sep 2004,1118.3800048828125
10 Sep 2004,1123.9200439453125
13 Sep 2004,1125.8199462890625
14 Sep 2004,1128.3299560546875
15 Sep 2004,1120.3699951171875
16 Sep 2004,1123.5
17 Sep 2004,1128.550048828125
20 Sep 2004,1122.199951171875
21 Sep 2004,1129.300048828125
22 Sep 2004,1113.56005859375
23 Sep 2004,1108.3599853515625
24 Sep 2004,1110.1099853515625
27 Sep 2004,1103.52001953125
28 Sep 2004,1110.06005859375
29 Sep 2004,1114.800048828125
30 Sep 2004,1114.5799560546875
01 Oct 2004,1131.5
04 Oct 2004,1135.1700439453125
05 Oct 2004,1134.47998046875
06 Oct 2004,1142.050048828125
07 Oct 2004,1130.6500244140625
08 Oct 2004,1122.1400146484375
11 Oct 2004,1124.3900146484375
12 Oct 2004,1121.8399658203125
13 Oct 2004,1113.6500244140625
14 Oct 2004,1103.2900390625
15 Oct 2004,1108.199951171875
18 Oct 2004,1114.02001953125
19 Oct 2004,1103.22998046875
20 Oct 2004,1103.6600341796875
21 Oct 2004,1106.489990234375
22 Oct 2004,1095.739990234375
25 Oct 2004,1094.800048828125
26 Oct 2004,1111.0899658203125
27 Oct 2004,1125.4000244140625
28 Oct 2004,1127.43994140625
29 Oct 2004,1130.199951171875
01 Nov 2004,1130.510009765625
02 Nov 2004,1130.56005859375
03 Nov 2004,1143.199951171875
04 Nov 2004,1161.6700439453125
05 Nov 2004,1166.1700439453125
08 Nov 2004,1164.8900146484375
09 Nov 2004,1164.0799560546875
10 Nov 2004,1162.9100341796875
11 Nov 2004,1173.47998046875
12 Nov 2004,1184.1700439453125
15 Nov 2004,1183.81005859375
16 Nov 2004,1175.4300537109375
17 Nov 2004,1181.93994140625
18 Nov 2004,1183.550048828125
19 Nov 2004,1170.3399658203125
22 Nov 2004,1177.239990234375
23 Nov 2004,1176.93994140625
24 Nov 2004,1181.760009765625
26 Nov 2004,1182.6500244140625
29 Nov 2004,1178.5699462890625
30 Nov 2004,1173.8199462890625
01 Dec 2004,1191.3699951171875
02 Dec 2004,1190.3299560546875
03 Dec 2004,1191.1700439453125
06 Dec 2004,1190.25
07 Dec 2004,1177.0699462890625
08 Dec 2004,1182.81005859375
09 Dec 2004,1189.239990234375
10 Dec 2004,1188.0
13 Dec 2004,1198.6800537109375
14 Dec 2004,1203.3800048828125
15 Dec 2004,1205.719970703125
16 Dec 2004,1203.2099609375
17 Dec 2004,1194.199951171875
20 Dec 2004,1194.6500244140625
21 Dec 2004,1205.449951171875
22 Dec 2004,1209.5699462890625
23 Dec 2004,1210.1300048828125
27 Dec 2004,1204.9200439453125
28 Dec 2004,1213.5400390625
29 Dec 2004,1213.449951171875
30 Dec 2004,1213.550048828125
31 Dec 2004,1211.9200439453125
03 Jan 2005,1202.0799560546875
04 Jan 2005,1188.050048828125
05 Jan 2005,1183.739990234375
06 Jan 2005,1187.8900146484375
07 Jan 2005,1186.18994140625
10 Jan 2005,1190.25
11 Jan 2005,1182.989990234375
12 Jan 2005,1187.699951171875
13 Jan 2005,1177.449951171875
14 Jan 2005,1184.52001953125
18 Jan 2005,1195.97998046875
19 Jan 2005,1184.6300048828125
20 Jan 2005,1175.4100341796875
21 Jan 2005,1167.8699951171875
24 Jan 2005,1163.75
25 Jan 2005,1168.4100341796875
26 Jan 2005,1174.0699462890625
27 Jan 2005,1174.550048828125
28 Jan 2005,1171.3599853515625
31 Jan 2005,1181.27001953125
01 Feb 2005,1189.4100341796875
02 Feb 2005,1193.18994140625
03 Feb 2005,1189.8900146484375
04 Feb 2005,1203.030029296875
07 Feb 2005,1201.719970703125
08 Feb 2005,1202.300048828125
09 Feb 2005,1191.989990234375
10 Feb 2005,1197.010009765625
11 Feb 2005,1205.300048828125
14 Feb 2005,1206.1400146484375
15 Feb 2005,1210.1199951171875
16 Feb 2005,1210.3399658203125
17 Feb 2005,1200.75
18 Feb 2005,1201.5899658203125
22 Feb 2005,1184.1600341796875
23 Feb 2005,1190.800048828125
24 Feb 2005,1200.199951171875
25 Feb 2005,1211.3699951171875
28 Feb 2005,1203.5999755859375
01 Mar 2005,1210.4100341796875
02 Mar 2005,1210.0799560546875
03 Mar 2005,1210.469970703125
04 Mar 2005,1222.1199951171875
07 Mar 2005,1225.31005859375
08 Mar 2005,1219.4300537109375
09 Mar 2005,1207.010009765625
10 Mar 2005,1209.25
11 Mar 2005,1200.0799560546875
14 Mar 2005,1206.8299560546875
15 Mar 2005,1197.75
16 Mar 2005,1188.0699462890625
17 Mar 2005,1190.2099609375
18 Mar 2005,1189.6500244140625
21 Mar 2005,1183.780029296875
22 Mar 2005,1171.7099609375
23 Mar 2005,1172.530029296875
24 Mar 2005,1171.4200439453125
28 Mar 2005,1174.280029296875
29 Mar 2005,1165.3599853515625
30 Mar 2005,1181.4100341796875
31 Mar 2005,1180.5899658203125
01 Apr 2005,1172.9200439453125
04 Apr 2005,1176.1199951171875
05 Apr 2005,1181.3900146484375
06 Apr 2005,1184.0699462890625
07 Apr 2005,1191.1400146484375
08 Apr 2005,1181.199951171875
11 Apr 2005,1181.2099609375
12 Apr 2005,1187.760009765625
13 Apr 2005,1173.7900390625
14 Apr 2005,1162.050048828125
15 Apr 2005,1142.6199951171875
18 Apr 2005,1145.97998046875
19 Apr 2005,1152.780029296875
20 Apr 2005,1137.5
21 Apr 2005,1159.949951171875
22 Apr 2005,1152.1199951171875
25 Apr 2005,1162.0999755859375
26 Apr 2005,1151.8299560546875
27 Apr 2005,1156.3800048828125
28 Apr 2005,1143.219970703125
29 Apr 2005,1156.8499755859375
02 May 2005,1162.1600341796875
03 May 2005,1161.1700439453125
04 May 2005,1175.6500244140625
05 May 2005,1172.6300048828125
06 May 2005,1171.3499755859375
09 May 2005,1178.8399658203125
10 May 2005,1166.219970703125
11 May 2005,1171.1099853515625
12 May 2005,1159.3599853515625
13 May 2005,1154.050048828125
16 May 2005,1165.68994140625
17 May 2005,1173.800048828125
18 May 2005,1185.56005859375
19 May 2005,1191.0799560546875
20 May 2005,1189.280029296875
23 May 2005,1193.8599853515625
24 May 2005,1194.0699462890625
25 May 2005,1190.010009765625
26 May 2005,1197.6199951171875
27 May 2005,1198.780029296875
31 May 2005,1191.5
01 Jun 2005,1202.219970703125
02 Jun 2005,1204.2900390625
03 Jun 2005,1196.02001953125
06 Jun 2005,1197.510009765625
07 Jun 2005,1197.260009765625
08 Jun 2005,1194.6700439453125
09 Jun 2005,1200.9300537109375
10 Jun 2005,1198.1099853515625
13 Jun 2005,1200.8199462890625
14 Jun 2005,1203.9100341796875
15 Jun 2005,1206.5799560546875
16 Jun 2005,1210.9599609375
17 Jun 2005,1216.9599609375
20 Jun 2005,1216.0999755859375
21 Jun 2005,1213.6099853515625
22 Jun 2005,1213.8800048828125
23 Jun 2005,1200.72998046875
24 Jun 2005,1191.5699462890625
27 Jun 2005,1190.68994140625
28 Jun 2005,1201.5699462890625
29 Jun 2005,1199.8499755859375
30 Jun 2005,1191.3299560546875
01 Jul 2005,1194.43994140625
05 Jul 2005,1204.989990234375
06 Jul 2005,1194.93994140625
07 Jul 2005,1197.8699951171875
08 Jul 2005,1211.8599853515625
11 Jul 2005,1219.43994140625
12 Jul 2005,1222.2099609375
13 Jul 2005,1223.2900390625
14 Jul 2005,1226.5
15 Jul 2005,1227.9200439453125
18 Jul 2005,1221.1300048828125
19 Jul 2005,1229.3499755859375
20 Jul 2005,1235.199951171875
21 Jul 2005,1227.0400390625
22 Jul 2005,1233.6800537109375
25 Jul 2005,1229.030029296875
26 Jul 2005,1231.1600341796875
27 Jul 2005,1236.7900390625
28 Jul 2005,1243.719970703125
29 Jul 2005,1234.1800537109375
01 Aug 2005,1235.3499755859375
02 Aug 2005,1244.1199951171875
03 Aug 2005,1245.0400390625
04 Aug 2005,1235.8599853515625
05 Aug 2005,1226.4200439453125
08 Aug 2005,1223.1300048828125
09 Aug 2005,1231.3800048828125
10 Aug 2005,1229.1300048828125
11 Aug 2005,1237.81005859375
12 Aug 2005,1230.3900146484375
15 Aug 2005,1233.8699951171875
16 Aug 2005,1219.3399658203125
17 Aug 2005,1220.239990234375
18 Aug 2005,1219.02001953125
19 Aug 2005,1219.7099609375
22 Aug 2005,1221.72998046875
23 Aug 2005,1217.5899658203125
24 Aug 2005,1209.5899658203125
25 Aug 2005,1212.3699951171875
26 Aug 2005,1205.0999755859375
29 Aug 2005,1212.280029296875
30 Aug 2005,1208.4100341796875
31 Aug 2005,1220.3299560546875
01 Sep 2005,1221.5899658203125
02 Sep 2005,1218.02001953125
06 Sep 2005,1233.3900146484375
07 Sep 2005,1236.3599853515625
08 Sep 2005,1231.6700439453125
09 Sep 2005,1241.47998046875
12 Sep 2005,1240.56005859375
13 Sep 2005,1231.199951171875
14 Sep 2005,1227.1600341796875
15 Sep 2005,1227.72998046875
16 Sep 2005,1237.9100341796875
19 Sep 2005,1231.02001953125
20 Sep 2005,1221.3399658203125
21 Sep 2005,1210.199951171875
22 Sep 2005,1214.6199951171875
23 Sep 2005,1215.2900390625
26 Sep 2005,1215.6300048828125
27 Sep 2005,1215.6600341796875
28 Sep 2005,1216.8900146484375
29 Sep 2005,1227.6800537109375
30 Sep 2005,1228.81005859375
03 Oct 2005,1226.699951171875
04 Oct 2005,1214.469970703125
05 Oct 2005,1196.3900146484375
06 Oct 2005,1191.489990234375
07 Oct 2005,1195.9000244140625
10 Oct 2005,1187.3299560546875
11 Oct 2005,1184.8699951171875
12 Oct 2005,1177.6800537109375
13 Oct 2005,1176.8399658203125
14 Oct 2005,1186.5699462890625
17 Oct 2005,1190.0999755859375
18 Oct 2005,1178.1400146484375
19 Oct 2005,1195.760009765625
20 Oct 2005,1177.800048828125
21 Oct 2005,1179.5899658203125
24 Oct 2005,1199.3800048828125
25 Oct 2005,1196.5400390625
26 Oct 2005,1191.3800048828125
27 Oct 2005,1178.9000244140625
28 Oct 2005,1198.4100341796875
31 Oct 2005,1207.010009765625
01 Nov 2005,1202.760009765625
02 Nov 2005,1214.760009765625
03 Nov 2005,1219.93994140625
04 Nov 2005,1220.1400146484375
07 Nov 2005,1222.81005859375
08 Nov 2005,1218.5899658203125
09 Nov 2005,1220.6500244140625
10 Nov 2005,1230.9599609375
11 Nov 2005,1234.719970703125
14 Nov 2005,1233.760009765625
15 Nov 2005,1229.010009765625
16 Nov 2005,1231.2099609375
17 Nov 2005,1242.800048828125
18 Nov 2005,1248.27001953125
21 Nov 2005,1254.8499755859375
22 Nov 2005,1261.22998046875
23 Nov 2005,1265.6099853515625
25 Nov 2005,1268.25
28 Nov 2005,1257.4599609375
29 Nov 2005,1257.47998046875
30 Nov 2005,1249.47998046875
01 Dec 2005,1264.6700439453125
02 Dec 2005,1265.0799560546875
05 Dec 2005,1262.0899658203125
06 Dec 2005,1263.699951171875
07 Dec 2005,1257.3699951171875
08 Dec 2005,1255.8399658203125
09 Dec 2005,1259.3699951171875
12 Dec 2005,1260.4300537109375
13 Dec 2005,1267.4300537109375
14 Dec 2005,1272.739990234375
15 Dec 2005,1270.93994140625
16 Dec 2005,1267.3199462890625
19 Dec 2005,1259.9200439453125
20 Dec 2005,1259.6199951171875
21 Dec 2005,1262.7900390625
22 Dec 2005,1268.1199951171875
23 Dec 2005,1268.6600341796875
27 Dec 2005,1256.5400390625
28 Dec 2005,1258.1700439453125
29 Dec 2005,1254.4200439453125
30 Dec 2005,1248.2900390625
03 Jan 2006,1268.800048828125
04 Jan 2006,1273.4599609375
05 Jan 2006,1273.47998046875
06 Jan 2006,1285.449951171875
09 Jan 2006,1290.1500244140625
10 Jan 2006,1289.68994140625
11 Jan 2006,1294.1800537109375
12 Jan 2006,1286.06005859375
13 Jan 2006,1287.6099853515625
17 Jan 2006,1282.9300537109375
18 Jan 2006,1277.9300537109375
19 Jan 2006,1285.0400390625
20 Jan 2006,1261.489990234375
23 Jan 2006,1263.8199462890625
24 Jan 2006,1266.8599853515625
25 Jan 2006,1264.6800537109375
26 Jan 2006,1273.8299560546875
27 Jan 2006,1283.719970703125
30 Jan 2006,1285.18994140625
31 Jan 2006,1280.0799560546875
01 Feb 2006,1282.4599609375
02 Feb 2006,1270.8399658203125
03 Feb 2006,1264.030029296875
06 Feb 2006,1265.02001953125
07 Feb 2006,1254.780029296875
08 Feb 2006,1265.6500244140625
09 Feb 2006,1263.780029296875
10 Feb 2006,1266.989990234375
13 Feb 2006,1262.8599853515625
14 Feb 2006,1275.530029296875
15 Feb 2006,1280.0
16 Feb 2006,1289.3800048828125
17 Feb 2006,1287.239990234375
21 Feb 2006,1283.030029296875
22 Feb 2006,1292.6700439453125
23 Feb 2006,1287.7900390625
24 Feb 2006,1289.4300537109375
27 Feb 2006,1294.1199951171875
28 Feb 2006,1280.6600341796875
01 Mar 2006,1291.239990234375
02 Mar 2006,1289.1400146484375
03 Mar 2006,1287.22998046875
06 Mar 2006,1278.260009765625
07 Mar 2006,1275.8800048828125
08 Mar 2006,1278.469970703125
09 Mar 2006,1272.22998046875
10 Mar 2006,1281.4200439453125
13 Mar 2006,1284.1300048828125
14 Mar 2006,1297.47998046875
15 Mar 2006,1303.02001953125
16 Mar 2006,1305.3299560546875
17 Mar 2006,1307.25
20 Mar 2006,1305.0799560546875
21 Mar 2006,1297.22998046875
22 Mar 2006,1305.0400390625
23 Mar 2006,1301.6700439453125
24 Mar 2006,1302.949951171875
27 Mar 2006,1301.6099853515625
28 Mar 2006,1293.22998046875
29 Mar 2006,1302.8900146484375
30 Mar 2006,1300.25
31 Mar 2006,1294.8699951171875
03 Apr 2006,1297.81005859375
04 Apr 2006,1305.9300537109375
05 Apr 2006,1311.56005859375
06 Apr 2006,1309.0400390625
07 Apr 2006,1295.5
10 Apr 2006,1296.6199951171875
11 Apr 2006,1286.5699462890625
12 Apr 2006,1288.1199951171875
13 Apr 2006,1289.1199951171875
17 Apr 2006,1285.3299560546875
18 Apr 2006,1307.280029296875
19 Apr 2006,1309.9300537109375
20 Apr 2006,1311.4599609375
21 Apr 2006,1311.280029296875
24 Apr 2006,1308.1099853515625
25 Apr 2006,1301.739990234375
26 Apr 2006,1305.4100341796875
27 Apr 2006,1309.719970703125
28 Apr 2006,1310.6099853515625
01 May 2006,1305.18994140625
02 May 2006,1313.2099609375
03 May 2006,1308.1199951171875
04 May 2006,1312.25
05 May 2006,1325.760009765625
08 May 2006,1324.6600341796875
09 May 2006,1325.1400146484375
10 May 2006,1322.8499755859375
11 May 2006,1305.9200439453125
12 May 2006,1291.239990234375
15 May 2006,1294.5
16 May 2006,1292.0799560546875
17 May 2006,1270.3199462890625
18 May 2006,1261.81005859375
19 May 2006,1267.030029296875
22 May 2006,1262.0699462890625
23 May 2006,1256.5799560546875
24 May 2006,1258.5699462890625
25 May 2006,1272.8800048828125
26 May 2006,1280.1600341796875
30 May 2006,1259.8699951171875
31 May 2006,1270.0899658203125
01 Jun 2006,1285.7099609375
02 Jun 2006,1288.219970703125
05 Jun 2006,1265.2900390625
06 Jun 2006,1263.8499755859375
07 Jun 2006,1256.1500244140625
08 Jun 2006,1257.9300537109375
09 Jun 2006,1252.300048828125
12 Jun 2006,1237.43994140625
13 Jun 2006,1223.68994140625
14 Jun 2006,1230.0400390625
15 Jun 2006,1256.1600341796875
16 Jun 2006,1251.5400390625
19 Jun 2006,1240.1300048828125
20 Jun 2006,1240.1199951171875
21 Jun 2006,1252.199951171875
22 Jun 2006,1245.5999755859375
23 Jun 2006,1244.5
26 Jun 2006,1250.56005859375
27 Jun 2006,1239.199951171875
28 Jun 2006,1246.0
29 Jun 2006,1272.8699951171875
30 Jun 2006,1270.199951171875
03 Jul 2006,1280.18994140625
05 Jul 2006,1270.9100341796875
06 Jul 2006,1274.0799560546875
07 Jul 2006,1265.47998046875
10 Jul 2006,1267.3399658203125
11 Jul 2006,1272.4300537109375
12 Jul 2006,1258.5999755859375
13 Jul 2006,1242.280029296875
14 Jul 2006,1236.199951171875
17 Jul 2006,1234.489990234375
18 Jul 2006,1236.8599853515625
19 Jul 2006,1259.81005859375
20 Jul 2006,1249.1300048828125
21 Jul 2006,1240.2900390625
24 Jul 2006,1260.9100341796875
25 Jul 2006,1268.8800048828125
26 Jul 2006,1268.4000244140625
27 Jul 2006,1263.199951171875
28 Jul 2006,1278.550048828125
31 Jul 2006,1276.6600341796875
01 Aug 2006,1270.9200439453125
02 Aug 2006,1277.4100341796875
03 Aug 2006,1280.27001953125
04 Aug 2006,1279.3599853515625
07 Aug 2006,1275.77001953125
08 Aug 2006,1271.47998046875
09 Aug 2006,1265.949951171875
10 Aug 2006,1271.81005859375
11 Aug 2006,1266.739990234375
14 Aug 2006,1268.2099609375
15 Aug 2006,1285.5799560546875
16 Aug 2006,1295.4300537109375
17 Aug 2006,1297.47998046875
18 Aug 2006,1302.300048828125
21 Aug 2006,1297.52001953125
22 Aug 2006,1298.8199462890625
23 Aug 2006,1292.989990234375
24 Aug 2006,1296.06005859375
25 Aug 2006,1295.0899658203125
28 Aug 2006,1301.780029296875
29 Aug 2006,1304.280029296875
30 Aug 2006,1305.3699951171875
31 Aug 2006,1303.8199462890625
01 Sep 2006,1311.010009765625
05 Sep 2006,1313.25
06 Sep 2006,1300.260009765625
07 Sep 2006,1294.02001953125
08 Sep 2006,1298.9200439453125
11 Sep 2006,1299.5400390625
12 Sep 2006,1313.0
13 Sep 2006,1318.0699462890625
14 Sep 2006,1316.280029296875
15 Sep 2006,1319.6600341796875
18 Sep 2006,1321.1800537109375
19 Sep 2006,1317.6400146484375
20 Sep 2006,1325.1800537109375
21 Sep 2006,1318.030029296875
22 Sep 2006,1314.780029296875
25 Sep 2006,1326.3699951171875
26 Sep 2006,1336.3499755859375
27 Sep 2006,1336.5899658203125
28 Sep 2006,1338.8800048828125
29 Sep 2006,1335.8499755859375
02 Oct 2006,1331.3199462890625
03 Oct 2006,1334.1099853515625
04 Oct 2006,1350.199951171875
05 Oct 2006,1353.219970703125
06 Oct 2006,1349.5899658203125
09 Oct 2006,1350.6600341796875
10 Oct 2006,1353.4200439453125
11 Oct 2006,1349.949951171875
12 Oct 2006,1362.8299560546875
13 Oct 2006,1365.6199951171875
16 Oct 2006,1369.06005859375
17 Oct 2006,1364.050048828125
18 Oct 2006,1365.800048828125
19 Oct 2006,1366.9599609375
20 Oct 2006,1368.5999755859375
23 Oct 2006,1377.02001953125
24 Oct 2006,1377.3800048828125
25 Oct 2006,1382.219970703125
26 Oct 2006,1389.0799560546875
27 Oct 2006,1377.3399658203125
30 Oct 2006,1377.9300537109375
31 Oct 2006,1377.93994140625
01 Nov 2006,1367.81005859375
02 Nov 2006,1367.3399658203125
03 Nov 2006,1364.300048828125
06 Nov 2006,1379.780029296875
07 Nov 2006,1382.8399658203125
08 Nov 2006,1385.719970703125
09 Nov 2006,1378.3299560546875
10 Nov 2006,1380.9000244140625
13 Nov 2006,1384.4200439453125
14 Nov 2006,1393.219970703125
15 Nov 2006,1396.5699462890625
16 Nov 2006,1399.760009765625
17 Nov 2006,1401.199951171875
20 Nov 2006,1400.5
21 Nov 2006,1402.81005859375
22 Nov 2006,1406.0899658203125
24 Nov 2006,1400.949951171875
27 Nov 2006,1381.9599609375
28 Nov 2006,1386.719970703125
29 Nov 2006,1399.47998046875
30 Nov 2006,1400.6300048828125
01 Dec 2006,1396.7099609375
04 Dec 2006,1409.1199951171875
05 Dec 2006,1414.760009765625
06 Dec 2006,1412.9000244140625
07 Dec 2006,1407.2900390625
08 Dec 2006,1409.8399658203125
11 Dec 2006,1413.0400390625
12 Dec 2006,1411.56005859375
13 Dec 2006,1413.2099609375
14 Dec 2006,1425.489990234375
15 Dec 2006,1427.0899658203125
18 Dec 2006,1422.47998046875
19 Dec 2006,1425.550048828125
20 Dec 2006,1423.530029296875
21 Dec 2006,1418.300048828125
22 Dec 2006,1410.760009765625
26 Dec 2006,1416.9000244140625
27 Dec 2006,1426.8399658203125
28 Dec 2006,1424.72998046875
29 Dec 2006,1418.300048828125
03 Jan 2007,1416.5999755859375
04 Jan 2007,1418.3399658203125
05 Jan 2007,1409.7099609375
08 Jan 2007,1412.8399658203125
09 Jan 2007,1412.1099853515625
10 Jan 2007,1414.8499755859375
11 Jan 2007,1423.8199462890625
12 Jan 2007,1430.72998046875
16 Jan 2007,1431.9000244140625
17 Jan 2007,1430.6199951171875
18 Jan 2007,1426.3699951171875
19 Jan 2007,1430.5
22 Jan 2007,1422.949951171875
23 Jan 2007,1427.989990234375
24 Jan 2007,1440.1300048828125
25 Jan 2007,1423.9000244140625
26 Jan 2007,1422.1800537109375
29 Jan 2007,1420.6199951171875
30 Jan 2007,1428.8199462890625
31 Jan 2007,1438.239990234375
01 Feb 2007,1445.93994140625
02 Feb 2007,1448.3900146484375
05 Feb 2007,1446.989990234375
06 Feb 2007,1448.0
07 Feb 2007,1450.02001953125
08 Feb 2007,1448.31005859375
09 Feb 2007,1438.06005859375
12 Feb 2007,1433.3699951171875
13 Feb 2007,1444.260009765625
14 Feb 2007,1455.300048828125
15 Feb 2007,1456.81005859375
16 Feb 2007,1455.5400390625
20 Feb 2007,1459.6800537109375
21 Feb 2007,1457.6300048828125
22 Feb 2007,1456.3800048828125
23 Feb 2007,1451.18994140625
26 Feb 2007,1449.3699951171875
27 Feb 2007,1399.0400390625
28 Feb 2007,1406.8199462890625
01 Mar 2007,1403.1700439453125
02 Mar 2007,1387.1700439453125
05 Mar 2007,1374.1199951171875
06 Mar 2007,1395.4100341796875
07 Mar 2007,1391.969970703125
08 Mar 2007,1401.8900146484375
09 Mar 2007,1402.8399658203125
12 Mar 2007,1406.5999755859375
13 Mar 2007,1377.949951171875
14 Mar 2007,1387.1700439453125
15 Mar 2007,1392.280029296875
16 Mar 2007,1386.949951171875
19 Mar 2007,1402.06005859375
20 Mar 2007,1410.93994140625
21 Mar 2007,1435.0400390625
22 Mar 2007,1434.5400390625
23 Mar 2007,1436.1099853515625
26 Mar 2007,1437.5
27 Mar 2007,1428.6099853515625
28 Mar 2007,1417.22998046875
29 Mar 2007,1422.530029296875
30 Mar 2007,1420.8599853515625
02 Apr 2007,1424.550048828125
03 Apr 2007,1437.77001953125
04 Apr 2007,1439.3699951171875
05 Apr 2007,1443.760009765625
09 Apr 2007,1444.6099853515625
10 Apr 2007,1448.3900146484375
11 Apr 2007,1438.8699951171875
12 Apr 2007,1447.800048828125
13 Apr 2007,1452.8499755859375
16 Apr 2007,1468.3299560546875
17 Apr 2007,1471.47998046875
18 Apr 2007,1472.5
19 Apr 2007,1470.72998046875
20 Apr 2007,1484.3499755859375
23 Apr 2007,1480.9300537109375
24 Apr 2007,1480.4100341796875
25 Apr 2007,1495.4200439453125
26 Apr 2007,1494.25
27 Apr 2007,1494.0699462890625
30 Apr 2007,1482.3699951171875
01 May 2007,1486.300048828125
02 May 2007,1495.9200439453125
03 May 2007,1502.3900146484375
04 May 2007,1505.6199951171875
07 May 2007,1509.47998046875
08 May 2007,1507.719970703125
09 May 2007,1512.5799560546875
10 May 2007,1491.469970703125
11 May 2007,1505.8499755859375
14 May 2007,1503.1500244140625
15 May 2007,1501.18994140625
16 May 2007,1514.1400146484375
17 May 2007,1512.75
18 May 2007,1522.75
21 May 2007,1525.0999755859375
22 May 2007,1524.1199951171875
23 May 2007,1522.280029296875
24 May 2007,1507.510009765625
25 May 2007,1515.72998046875
29 May 2007,1518.1099853515625
30 May 2007,1530.22998046875
31 May 2007,1530.6199951171875
01 Jun 2007,1536.3399658203125
04 Jun 2007,1539.1800537109375
05 Jun 2007,1530.949951171875
06 Jun 2007,1517.3800048828125
07 Jun 2007,1490.719970703125
08 Jun 2007,1507.6700439453125
11 Jun 2007,1509.1199951171875
12 Jun 2007,1493.0
13 Jun 2007,1515.6700439453125
14 Jun 2007,1522.969970703125
15 Jun 2007,1532.9100341796875
18 Jun 2007,1531.050048828125
19 Jun 2007,1533.699951171875
20 Jun 2007,1512.8399658203125
21 Jun 2007,1522.18994140625
22 Jun 2007,1502.56005859375
25 Jun 2007,1497.739990234375
26 Jun 2007,1492.8900146484375
27 Jun 2007,1506.3399658203125
28 Jun 2007,1505.7099609375
29 Jun 2007,1503.3499755859375
02 Jul 2007,1519.4300537109375
03 Jul 2007,1524.8699951171875
05 Jul 2007,1525.4000244140625
06 Jul 2007,1530.43994140625
09 Jul 2007,1531.8499755859375
10 Jul 2007,1510.1199951171875
11 Jul 2007,1518.760009765625
12 Jul 2007,1547.699951171875
13 Jul 2007,1552.5
16 Jul 2007,1549.52001953125
17 Jul 2007,1549.3699951171875
18 Jul 2007,1546.1700439453125
19 Jul 2007,1553.0799560546875
20 Jul 2007,1534.0999755859375
23 Jul 2007,1541.5699462890625
24 Jul 2007,1511.0400390625
25 Jul 2007,1518.0899658203125
26 Jul 2007,1482.6600341796875
27 Jul 2007,1458.949951171875
30 Jul 2007,1473.9100341796875
31 Jul 2007,1455.27001953125
01 Aug 2007,1465.81005859375
02 Aug 2007,1472.199951171875
03 Aug 2007,1433.06005859375
06 Aug 2007,1467.6700439453125
07 Aug 2007,1476.7099609375
08 Aug 2007,1497.489990234375
09 Aug 2007,1453.0899658203125
10 Aug 2007,1453.6400146484375
13 Aug 2007,1452.9200439453125
14 Aug 2007,1426.5400390625
15 Aug 2007,1406.699951171875
16 Aug 2007,1411.27001953125
17 Aug 2007,1445.93994140625
20 Aug 2007,1445.550048828125
21 Aug 2007,1447.1199951171875
22 Aug 2007,1464.0699462890625
23 Aug 2007,1462.5
24 Aug 2007,1479.3699951171875
27 Aug 2007,1466.7900390625
28 Aug 2007,1432.3599853515625
29 Aug 2007,1463.760009765625
30 Aug 2007,1457.6400146484375
31 Aug 2007,1473.989990234375
04 Sep 2007,1489.4200439453125
05 Sep 2007,1472.2900390625
06 Sep 2007,1478.550048828125
07 Sep 2007,1453.550048828125
10 Sep 2007,1451.699951171875
11 Sep 2007,1471.489990234375
12 Sep 2007,1471.56005859375
13 Sep 2007,1483.949951171875
14 Sep 2007,1484.25
17 Sep 2007,1476.6500244140625
18 Sep 2007,1519.780029296875
19 Sep 2007,1529.030029296875
20 Sep 2007,1518.75
21 Sep 2007,1525.75
24 Sep 2007,1517.72998046875
25 Sep 2007,1517.2099609375
26 Sep 2007,1525.4200439453125
27 Sep 2007,1531.3800048828125
28 Sep 2007,1526.75
01 Oct 2007,1547.0400390625
02 Oct 2007,1546.6300048828125
03 Oct 2007,1539.5899658203125
04 Oct 2007,1542.8399658203125
05 Oct 2007,1557.5899658203125
08 Oct 2007,1552.5799560546875
09 Oct 2007,1565.1500244140625
10 Oct 2007,1562.469970703125
11 Oct 2007,1554.4100341796875
12 Oct 2007,1561.800048828125
15 Oct 2007,1548.7099609375
16 Oct 2007,1538.530029296875
17 Oct 2007,1541.239990234375
18 Oct 2007,1540.0799560546875
19 Oct 2007,1500.6300048828125
22 Oct 2007,1506.3299560546875
23 Oct 2007,1519.5899658203125
24 Oct 2007,1515.8800048828125
25 Oct 2007,1514.4000244140625
26 Oct 2007,1535.280029296875
29 Oct 2007,1540.97998046875
30 Oct 2007,1531.02001953125
31 Oct 2007,1549.3800048828125
01 Nov 2007,1508.43994140625
02 Nov 2007,1509.6500244140625
05 Nov 2007,1502.1700439453125
06 Nov 2007,1520.27001953125
07 Nov 2007,1475.6199951171875
08 Nov 2007,1474.77001953125
09 Nov 2007,1453.699951171875
12 Nov 2007,1439.1800537109375
13 Nov 2007,1481.050048828125
14 Nov 2007,1470.5799560546875
15 Nov 2007,1451.1500244140625
16 Nov 2007,1458.739990234375
19 Nov 2007,1433.27001953125
20 Nov 2007,1439.699951171875
21 Nov 2007,1416.77001953125
23 Nov 2007,1440.699951171875
26 Nov 2007,1407.219970703125
27 Nov 2007,1428.22998046875
28 Nov 2007,1469.02001953125
29 Nov 2007,1469.719970703125
30 Nov 2007,1481.1400146484375
03 Dec 2007,1472.4200439453125
04 Dec 2007,1462.7900390625
05 Dec 2007,1485.010009765625
06 Dec 2007,1507.3399658203125
07 Dec 2007,1504.6600341796875
10 Dec 2007,1515.9599609375
11 Dec 2007,1477.6500244140625
12 Dec 2007,1486.5899658203125
13 Dec 2007,1488.4100341796875
14 Dec 2007,1467.949951171875
17 Dec 2007,1445.9000244140625
18 Dec 2007,1454.97998046875
19 Dec 2007,1453.0
20 Dec 2007,1460.1199951171875
21 Dec 2007,1484.4599609375
24 Dec 2007,1496.449951171875
26 Dec 2007,1497.6600341796875
27 Dec 2007,1476.27001953125
28 Dec 2007,1478.489990234375
31 Dec 2007,1468.3599853515625
02 Jan 2008,1447.1600341796875
03 Jan 2008,1447.1600341796875
04 Jan 2008,1411.6300048828125
07 Jan 2008,1416.1800537109375
08 Jan 2008,1390.18994140625
09 Jan 2008,1409.1300048828125
10 Jan 2008,1420.3299560546875
11 Jan 2008,1401.02001953125
14 Jan 2008,1416.25
15 Jan 2008,1380.949951171875
16 Jan 2008,1373.199951171875
17 Jan 2008,1333.25
18 Jan 2008,1325.18994140625
22 Jan 2008,1310.5
23 Jan 2008,1338.5999755859375
24 Jan 2008,1352.0699462890625
25 Jan 2008,1330.6099853515625
28 Jan 2008,1353.9599609375
29 Jan 2008,1362.300048828125
30 Jan 2008,1355.81005859375
31 Jan 2008,1378.550048828125
01 Feb 2008,1395.4200439453125
04 Feb 2008,1380.8199462890625
05 Feb 2008,1336.6400146484375
06 Feb 2008,1326.449951171875
07 Feb 2008,1336.9100341796875
08 Feb 2008,1331.2900390625
11 Feb 2008,1339.1300048828125
12 Feb 2008,1348.8599853515625
13 Feb 2008,1367.2099609375
14 Feb 2008,1348.8599853515625
15 Feb 2008,1349.989990234375
19 Feb 2008,1348.780029296875
20 Feb 2008,1360.030029296875
21 Feb 2008,1342.530029296875
22 Feb 2008,1353.1099853515625
25 Feb 2008,1371.800048828125
26 Feb 2008,1381.2900390625
27 Feb 2008,1380.02001953125
28 Feb 2008,1367.6800537109375
29 Feb 2008,1330.6300048828125
03 Mar 2008,1331.3399658203125
04 Mar 2008,1326.75
05 Mar 2008,1333.699951171875
06 Mar 2008,1304.3399658203125
07 Mar 2008,1293.3699951171875
10 Mar 2008,1273.3699951171875
11 Mar 2008,1320.6500244140625
12 Mar 2008,1308.77001953125
13 Mar 2008,1315.47998046875
14 Mar 2008,1288.1400146484375
17 Mar 2008,1276.5999755859375
18 Mar 2008,1330.739990234375
19 Mar 2008,1298.4200439453125
20 Mar 2008,1329.510009765625
24 Mar 2008,1349.8800048828125
25 Mar 2008,1352.989990234375
26 Mar 2008,1341.1300048828125
27 Mar 2008,1325.760009765625
28 Mar 2008,1315.219970703125
31 Mar 2008,1322.699951171875
01 Apr 2008,1370.1800537109375
02 Apr 2008,1367.530029296875
03 Apr 2008,1369.31005859375
04 Apr 2008,1370.4000244140625
07 Apr 2008,1372.5400390625
08 Apr 2008,1365.5400390625
09 Apr 2008,1354.489990234375
10 Apr 2008,1360.550048828125
11 Apr 2008,1332.8299560546875
14 Apr 2008,1328.3199462890625
15 Apr 2008,1334.4300537109375
16 Apr 2008,1364.7099609375
17 Apr 2008,1365.56005859375
18 Apr 2008,1390.3299560546875
21 Apr 2008,1388.1700439453125
22 Apr 2008,1375.93994140625
23 Apr 2008,1379.9300537109375
24 Apr 2008,1388.8199462890625
25 Apr 2008,1397.8399658203125
28 Apr 2008,1396.3699951171875
29 Apr 2008,1390.93994140625
30 Apr 2008,1385.5899658203125
01 May 2008,1409.3399658203125
02 May 2008,1413.9000244140625
05 May 2008,1407.489990234375
06 May 2008,1418.260009765625
07 May 2008,1392.5699462890625
08 May 2008,1397.6800537109375
09 May 2008,1388.280029296875
12 May 2008,1403.5799560546875
13 May 2008,1403.0400390625
14 May 2008,1408.6600341796875
15 May 2008,1423.5699462890625
16 May 2008,1425.3499755859375
19 May 2008,1426.6300048828125
20 May 2008,1413.4000244140625
21 May 2008,1390.7099609375
22 May 2008,1394.3499755859375
23 May 2008,1375.9300537109375
27 May 2008,1385.3499755859375
28 May 2008,1390.8399658203125
29 May 2008,1398.260009765625
30 May 2008,1400.3800048828125
02 Jun 2008,1385.6700439453125
03 Jun 2008,1377.6500244140625
04 Jun 2008,1377.199951171875
05 Jun 2008,1404.050048828125
06 Jun 2008,1360.6800537109375
09 Jun 2008,1361.760009765625
10 Jun 2008,1358.43994140625
11 Jun 2008,1335.489990234375
12 Jun 2008,1339.8699951171875
13 Jun 2008,1360.030029296875
16 Jun 2008,1360.1400146484375
17 Jun 2008,1350.9300537109375
18 Jun 2008,1337.81005859375
19 Jun 2008,1342.8299560546875
20 Jun 2008,1317.9300537109375
23 Jun 2008,1318.0
24 Jun 2008,1314.2900390625
25 Jun 2008,1321.969970703125
26 Jun 2008,1283.1500244140625
27 Jun 2008,1278.3800048828125
30 Jun 2008,1280.0
01 Jul 2008,1284.9100341796875
02 Jul 2008,1261.52001953125
03 Jul 2008,1262.9000244140625
07 Jul 2008,1252.31005859375
08 Jul 2008,1273.699951171875
09 Jul 2008,1244.68994140625
10 Jul 2008,1253.3900146484375
11 Jul 2008,1239.489990234375
14 Jul 2008,1228.300048828125
15 Jul 2008,1214.9100341796875
16 Jul 2008,1245.3599853515625
17 Jul 2008,1260.3199462890625
18 Jul 2008,1260.6800537109375
21 Jul 2008,1260.0
22 Jul 2008,1277.0
23 Jul 2008,1282.18994140625
24 Jul 2008,1252.5400390625
25 Jul 2008,1257.760009765625
28 Jul 2008,1234.3699951171875
29 Jul 2008,1263.199951171875
30 Jul 2008,1284.260009765625
31 Jul 2008,1267.3800048828125
01 Aug 2008,1260.31005859375
04 Aug 2008,1249.010009765625
05 Aug 2008,1284.8800048828125
06 Aug 2008,1289.18994140625
07 Aug 2008,1266.0699462890625
08 Aug 2008,1296.3199462890625
11 Aug 2008,1305.3199462890625
12 Aug 2008,1289.5899658203125
13 Aug 2008,1285.8299560546875
14 Aug 2008,1292.9300537109375
15 Aug 2008,1298.199951171875
18 Aug 2008,1278.5999755859375
19 Aug 2008,1266.68994140625
20 Aug 2008,1274.5400390625
21 Aug 2008,1277.719970703125
22 Aug 2008,1292.199951171875
25 Aug 2008,1266.8399658203125
26 Aug 2008,1271.510009765625
27 Aug 2008,1281.6600341796875
28 Aug 2008,1300.6800537109375
29 Aug 2008,1282.8299560546875
02 Sep 2008,1277.5799560546875
03 Sep 2008,1274.97998046875
04 Sep 2008,1236.8299560546875
05 Sep 2008,1242.31005859375
08 Sep 2008,1267.7900390625
09 Sep 2008,1224.510009765625
10 Sep 2008,1232.0400390625
11 Sep 2008,1249.050048828125
12 Sep 2008,1251.699951171875
15 Sep 2008,1192.699951171875
16 Sep 2008,1213.5999755859375
17 Sep 2008,1156.3900146484375
18 Sep 2008,1206.510009765625
19 Sep 2008,1255.0799560546875
22 Sep 2008,1207.0899658203125
23 Sep 2008,1188.219970703125
24 Sep 2008,1185.8699951171875
25 Sep 2008,1209.1800537109375
26 Sep 2008,1213.27001953125
29 Sep 2008,1106.4200439453125
30 Sep 2008,1166.3599853515625
01 Oct 2008,1161.06005859375
02 Oct 2008,1114.280029296875
03 Oct 2008,1099.22998046875
06 Oct 2008,1056.8900146484375
07 Oct 2008,996.22998046875
08 Oct 2008,984.9400024414062
09 Oct 2008,909.9199829101562
10 Oct 2008,899.219970703125
13 Oct 2008,1003.3499755859375
14 Oct 2008,998.010009765625
15 Oct 2008,907.8400268554688
16 Oct 2008,946.4299926757812
17 Oct 2008,940.5499877929688
20 Oct 2008,985.4000244140625
21 Oct 2008,955.0499877929688
22 Oct 2008,896.780029296875
23 Oct 2008,908.1099853515625
24 Oct 2008,876.77001953125
27 Oct 2008,848.9199829101562
28 Oct 2008,940.510009765625
29 Oct 2008,930.0900268554688
30 Oct 2008,954.0900268554688
31 Oct 2008,968.75
03 Nov 2008,966.2999877929688
04 Nov 2008,1005.75
05 Nov 2008,952.77001953125
06 Nov 2008,904.8800048828125
07 Nov 2008,930.989990234375
10 Nov 2008,919.2100219726562
11 Nov 2008,898.9500122070312
12 Nov 2008,852.2999877929688
13 Nov 2008,911.2899780273438
14 Nov 2008,873.2899780273438
17 Nov 2008,850.75
18 Nov 2008,859.1199951171875
19 Nov 2008,806.5800170898438
20 Nov 2008,752.4400024414062
21 Nov 2008,800.030029296875
24 Nov 2008,851.8099975585938
25 Nov 2008,857.3900146484375
26 Nov 2008,887.6799926757812
28 Nov 2008,896.239990234375
01 Dec 2008,816.2100219726562
02 Dec 2008,848.8099975585938
03 Dec 2008,870.739990234375
04 Dec 2008,845.219970703125
05 Dec 2008,876.0700073242188
08 Dec 2008,909.7000122070312
09 Dec 2008,888.6699829101562
10 Dec 2008,899.239990234375
11 Dec 2008,873.5900268554688
12 Dec 2008,879.72998046875
15 Dec 2008,868.5700073242188
16 Dec 2008,913.1799926757812
17 Dec 2008,904.4199829101562
18 Dec 2008,885.280029296875
19 Dec 2008,887.8800048828125
22 Dec 2008,871.6300048828125
23 Dec 2008,863.1599731445312
24 Dec 2008,868.1500244140625
26 Dec 2008,872.7999877929688
29 Dec 2008,869.4199829101562
30 Dec 2008,890.6400146484375
31 Dec 2008,903.25
02 Jan 2009,931.7999877929688
05 Jan 2009,927.4500122070312
06 Jan 2009,934.7000122070312
07 Jan 2009,906.6500244140625
08 Jan 2009,909.72998046875
09 Jan 2009,890.3499755859375
12 Jan 2009,870.260009765625
13 Jan 2009,871.7899780273438
14 Jan 2009,842.6199951171875
15 Jan 2009,843.739990234375
16 Jan 2009,850.1199951171875
20 Jan 2009,805.219970703125
21 Jan 2009,840.239990234375
22 Jan 2009,827.5
23 Jan 2009,831.9500122070312
26 Jan 2009,836.5700073242188
27 Jan 2009,845.7100219726562
28 Jan 2009,874.0900268554688
29 Jan 2009,845.1400146484375
30 Jan 2009,825.8800048828125
02 Feb 2009,825.4400024414062
03 Feb 2009,838.510009765625
04 Feb 2009,832.22998046875
05 Feb 2009,845.8499755859375
06 Feb 2009,868.5999755859375
09 Feb 2009,869.8900146484375
10 Feb 2009,827.1599731445312
11 Feb 2009,833.739990234375
12 Feb 2009,835.1900024414062
13 Feb 2009,826.8400268554688
17 Feb 2009,789.1699829101562
18 Feb 2009,788.4199829101562
19 Feb 2009,778.9400024414062
20 Feb 2009,770.0499877929688
23 Feb 2009,743.3300170898438
24 Feb 2009,773.1400146484375
25 Feb 2009,764.9000244140625
26 Feb 2009,752.8300170898438
27 Feb 2009,735.0900268554688
02 Mar 2009,700.8200073242188
03 Mar 2009,696.3300170898438
04 Mar 2009,712.8699951171875
05 Mar 2009,682.5499877929688
06 Mar 2009,683.3800048828125
09 Mar 2009,676.530029296875
10 Mar 2009,719.5999755859375
11 Mar 2009,721.3599853515625
12 Mar 2009,750.739990234375
13 Mar 2009,756.5499877929688
16 Mar 2009,753.8900146484375
17 Mar 2009,778.1199951171875
18 Mar 2009,794.3499755859375
19 Mar 2009,784.0399780273438
20 Mar 2009,768.5399780273438
23 Mar 2009,822.9199829101562
24 Mar 2009,806.1199951171875
25 Mar 2009,813.8800048828125
26 Mar 2009,832.8599853515625
27 Mar 2009,815.9400024414062
30 Mar 2009,787.530029296875
31 Mar 2009,797.8699951171875
01 Apr 2009,811.0800170898438
02 Apr 2009,834.3800048828125
03 Apr 2009,842.5
06 Apr 2009,835.47998046875
07 Apr 2009,815.5499877929688
08 Apr 2009,825.1599731445312
09 Apr 2009,856.5599975585938
13 Apr 2009,858.72998046875
14 Apr 2009,841.5
15 Apr 2009,852.0599975585938
16 Apr 2009,865.2999877929688
17 Apr 2009,869.5999755859375
20 Apr 2009,832.3900146484375
21 Apr 2009,850.0800170898438
22 Apr 2009,843.5499877929688
23 Apr 2009,851.9199829101562
24 Apr 2009,866.22998046875
27 Apr 2009,857.510009765625
28 Apr 2009,855.1599731445312
29 Apr 2009,873.6400146484375
30 Apr 2009,872.8099975585938
01 May 2009,877.52001953125
04 May 2009,907.239990234375
05 May 2009,903.7999877929688
06 May 2009,919.530029296875
07 May 2009,907.3900146484375
08 May 2009,929.22998046875
11 May 2009,909.239990234375
12 May 2009,908.3499755859375
13 May 2009,883.9199829101562
14 May 2009,893.0700073242188
15 May 2009,882.8800048828125
18 May 2009,909.7100219726562
19 May 2009,908.1300048828125
20 May 2009,903.469970703125
21 May 2009,888.3300170898438
22 May 2009,887.0
26 May 2009,910.3300170898438
27 May 2009,893.0599975585938
28 May 2009,906.8300170898438
29 May 2009,919.1400146484375
01 Jun 2009,942.8699951171875
02 Jun 2009,944.739990234375
03 Jun 2009,931.760009765625
04 Jun 2009,942.4600219726562
05 Jun 2009,940.0900268554688
08 Jun 2009,939.1400146484375
09 Jun 2009,942.4299926757812
10 Jun 2009,939.1500244140625
11 Jun 2009,944.8900146484375
12 Jun 2009,946.2100219726562
15 Jun 2009,923.719970703125
16 Jun 2009,911.969970703125
17 Jun 2009,910.7100219726562
18 Jun 2009,918.3699951171875
19 Jun 2009,921.22998046875
22 Jun 2009,893.0399780273438
23 Jun 2009,895.0999755859375
24 Jun 2009,900.9400024414062
25 Jun 2009,920.260009765625
26 Jun 2009,918.9000244140625
29 Jun 2009,927.22998046875
30 Jun 2009,919.3200073242188
01 Jul 2009,923.3300170898438
02 Jul 2009,896.4199829101562
06 Jul 2009,898.719970703125
07 Jul 2009,881.030029296875
08 Jul 2009,879.5599975585938
09 Jul 2009,882.6799926757812
10 Jul 2009,879.1300048828125
13 Jul 2009,901.0499877929688
14 Jul 2009,905.8400268554688
15 Jul 2009,932.6799926757812
16 Jul 2009,940.739990234375
17 Jul 2009,940.3800048828125
20 Jul 2009,951.1300048828125
21 Jul 2009,954.5800170898438
22 Jul 2009,954.0700073242188
23 Jul 2009,976.2899780273438
24 Jul 2009,979.260009765625
27 Jul 2009,982.1799926757812
28 Jul 2009,979.6199951171875
29 Jul 2009,975.1500244140625
30 Jul 2009,986.75
31 Jul 2009,987.47998046875
03 Aug 2009,1002.6300048828125
04 Aug 2009,1005.6500244140625
05 Aug 2009,1002.719970703125
06 Aug 2009,997.0800170898438
07 Aug 2009,1010.47998046875
10 Aug 2009,1007.0999755859375
11 Aug 2009,994.3499755859375
12 Aug 2009,1005.8099975585938
13 Aug 2009,1012.72998046875
14 Aug 2009,1004.0900268554688
17 Aug 2009,979.72998046875
18 Aug 2009,989.6699829101562
19 Aug 2009,996.4600219726562
20 Aug 2009,1007.3699951171875
21 Aug 2009,1026.1300048828125
24 Aug 2009,1025.5699462890625
25 Aug 2009,1028.0
26 Aug 2009,1028.1199951171875
27 Aug 2009,1030.97998046875
28 Aug 2009,1028.9300537109375
31 Aug 2009,1020.6199951171875
01 Sep 2009,998.0399780273438
02 Sep 2009,994.75
03 Sep 2009,1003.239990234375
04 Sep 2009,1016.4000244140625
08 Sep 2009,1025.3900146484375
09 Sep 2009,1033.3699951171875
10 Sep 2009,1044.1400146484375
11 Sep 2009,1042.72998046875
14 Sep 2009,1049.3399658203125
15 Sep 2009,1052.6300048828125
16 Sep 2009,1068.760009765625
17 Sep 2009,1065.489990234375
18 Sep 2009,1068.300048828125
21 Sep 2009,1064.6600341796875
22 Sep 2009,1071.6600341796875
23 Sep 2009,1060.8699951171875
24 Sep 2009,1050.780029296875
25 Sep 2009,1044.3800048828125
28 Sep 2009,1062.97998046875
29 Sep 2009,1060.6099853515625
30 Sep 2009,1057.0799560546875
01 Oct 2009,1029.8499755859375
02 Oct 2009,1025.2099609375
05 Oct 2009,1040.4599609375
06 Oct 2009,1054.719970703125
07 Oct 2009,1057.5799560546875
08 Oct 2009,1065.47998046875
09 Oct 2009,1071.489990234375
12 Oct 2009,1076.18994140625
13 Oct 2009,1073.18994140625
14 Oct 2009,1092.02001953125
15 Oct 2009,1096.56005859375
16 Oct 2009,1087.6800537109375
19 Oct 2009,1097.9100341796875
20 Oct 2009,1091.06005859375
21 Oct 2009,1081.4000244140625
22 Oct 2009,1092.9100341796875
23 Oct 2009,1079.5999755859375
26 Oct 2009,1066.949951171875
27 Oct 2009,1063.4100341796875
28 Oct 2009,1042.6300048828125
29 Oct 2009,1066.1099853515625
30 Oct 2009,1036.18994140625
02 Nov 2009,1042.8800048828125
03 Nov 2009,1045.4100341796875
04 Nov 2009,1046.5
05 Nov 2009,1066.6300048828125
06 Nov 2009,1069.300048828125
09 Nov 2009,1093.0799560546875
10 Nov 2009,1093.010009765625
11 Nov 2009,1098.510009765625
12 Nov 2009,1087.239990234375
13 Nov 2009,1093.47998046875
16 Nov 2009,1109.300048828125
17 Nov 2009,1110.3199462890625
18 Nov 2009,1109.800048828125
19 Nov 2009,1094.9000244140625
20 Nov 2009,1091.3800048828125
23 Nov 2009,1106.239990234375
24 Nov 2009,1105.6500244140625
25 Nov 2009,1110.6300048828125
27 Nov 2009,1091.489990234375
30 Nov 2009,1095.6300048828125
01 Dec 2009,1108.8599853515625
02 Dec 2009,1109.239990234375
03 Dec 2009,1099.9200439453125
04 Dec 2009,1105.97998046875
07 Dec 2009,1103.25
08 Dec 2009,1091.93994140625
09 Dec 2009,1095.949951171875
10 Dec 2009,1102.3499755859375
11 Dec 2009,1106.4100341796875
14 Dec 2009,1114.1099853515625
15 Dec 2009,1107.9300537109375
16 Dec 2009,1109.1800537109375
17 Dec 2009,1096.0799560546875
18 Dec 2009,1102.469970703125
21 Dec 2009,1114.050048828125
22 Dec 2009,1118.02001953125
23 Dec 2009,1120.5899658203125
24 Dec 2009,1126.47998046875
28 Dec 2009,1127.780029296875
29 Dec 2009,1126.199951171875
30 Dec 2009,1126.4200439453125
31 Dec 2009,1115.0999755859375
04 Jan 2010,1132.989990234375
05 Jan 2010,1136.52001953125
06 Jan 2010,1137.1400146484375
07 Jan 2010,1141.68994140625
08 Jan 2010,1144.97998046875
11 Jan 2010,1146.97998046875
12 Jan 2010,1136.219970703125
13 Jan 2010,1145.6800537109375
14 Jan 2010,1148.4599609375
15 Jan 2010,1136.030029296875
19 Jan 2010,1150.22998046875
20 Jan 2010,1138.0400390625
21 Jan 2010,1116.47998046875
22 Jan 2010,1091.760009765625
25 Jan 2010,1096.780029296875
26 Jan 2010,1092.1700439453125
27 Jan 2010,1097.5
28 Jan 2010,1084.530029296875
29 Jan 2010,1073.8699951171875
01 Feb 2010,1089.18994140625
02 Feb 2010,1103.3199462890625
03 Feb 2010,1097.280029296875
04 Feb 2010,1063.1099853515625
05 Feb 2010,1066.18994140625
08 Feb 2010,1056.739990234375
09 Feb 2010,1070.52001953125
10 Feb 2010,1068.1300048828125
11 Feb 2010,1078.469970703125
12 Feb 2010,1075.510009765625
16 Feb 2010,1094.8699951171875
17 Feb 2010,1099.510009765625
18 Feb 2010,1106.75
19 Feb 2010,1109.1700439453125
22 Feb 2010,1108.010009765625
23 Feb 2010,1094.5999755859375
24 Feb 2010,1105.239990234375
25 Feb 2010,1102.93994140625
26 Feb 2010,1104.489990234375
01 Mar 2010,1115.7099609375
02 Mar 2010,1118.31005859375
03 Mar 2010,1118.7900390625
04 Mar 2010,1122.969970703125
05 Mar 2010,1138.699951171875
08 Mar 2010,1138.5
09 Mar 2010,1140.449951171875
10 Mar 2010,1145.6099853515625
11 Mar 2010,1150.239990234375
12 Mar 2010,1149.989990234375
15 Mar 2010,1150.510009765625
16 Mar 2010,1159.4599609375
17 Mar 2010,1166.2099609375
18 Mar 2010,1165.8299560546875
19 Mar 2010,1159.9000244140625
22 Mar 2010,1165.81005859375
23 Mar 2010,1174.1700439453125
24 Mar 2010,1167.719970703125
25 Mar 2010,1165.72998046875
26 Mar 2010,1166.5899658203125
29 Mar 2010,1173.219970703125
30 Mar 2010,1173.27001953125
31 Mar 2010,1169.4300537109375
01 Apr 2010,1178.0999755859375
05 Apr 2010,1187.43994140625
06 Apr 2010,1189.43994140625
07 Apr 2010,1182.449951171875
08 Apr 2010,1186.43994140625
09 Apr 2010,1194.3699951171875
12 Apr 2010,1196.47998046875
13 Apr 2010,1197.300048828125
14 Apr 2010,1210.6500244140625
15 Apr 2010,1211.6700439453125
16 Apr 2010,1192.1300048828125
19 Apr 2010,1197.52001953125
20 Apr 2010,1207.1700439453125
21 Apr 2010,1205.93994140625
22 Apr 2010,1208.6700439453125
23 Apr 2010,1217.280029296875
26 Apr 2010,1212.050048828125
27 Apr 2010,1183.7099609375
28 Apr 2010,1191.3599853515625
29 Apr 2010,1206.780029296875
30 Apr 2010,1186.68994140625
03 May 2010,1202.260009765625
04 May 2010,1173.5999755859375
05 May 2010,1165.8699951171875
06 May 2010,1128.1500244140625
07 May 2010,1110.8800048828125
10 May 2010,1159.72998046875
11 May 2010,1155.7900390625
12 May 2010,1171.6700439453125
13 May 2010,1157.43994140625
14 May 2010,1135.6800537109375
17 May 2010,1136.93994140625
18 May 2010,1120.800048828125
19 May 2010,1115.050048828125
20 May 2010,1071.5899658203125
21 May 2010,1087.68994140625
24 May 2010,1073.6500244140625
25 May 2010,1074.030029296875
26 May 2010,1067.949951171875
27 May 2010,1103.06005859375
28 May 2010,1089.4100341796875
01 Jun 2010,1070.7099609375
02 Jun 2010,1098.3800048828125
03 Jun 2010,1102.8299560546875
04 Jun 2010,1064.8800048828125
07 Jun 2010,1050.469970703125
08 Jun 2010,1062.0
09 Jun 2010,1055.68994140625
10 Jun 2010,1086.8399658203125
11 Jun 2010,1091.5999755859375
14 Jun 2010,1089.6300048828125
15 Jun 2010,1115.22998046875
16 Jun 2010,1114.6099853515625
17 Jun 2010,1116.0400390625
18 Jun 2010,1117.510009765625
21 Jun 2010,1113.199951171875
22 Jun 2010,1095.31005859375
23 Jun 2010,1092.0400390625
24 Jun 2010,1073.68994140625
25 Jun 2010,1076.760009765625
28 Jun 2010,1074.5699462890625
29 Jun 2010,1041.239990234375
30 Jun 2010,1030.7099609375
01 Jul 2010,1027.3699951171875
02 Jul 2010,1022.5800170898438
06 Jul 2010,1028.06005859375
07 Jul 2010,1060.27001953125
08 Jul 2010,1070.25
09 Jul 2010,1077.9599609375
12 Jul 2010,1078.75
13 Jul 2010,1095.3399658203125
14 Jul 2010,1095.1700439453125
15 Jul 2010,1096.47998046875
16 Jul 2010,1064.8800048828125
19 Jul 2010,1071.25
20 Jul 2010,1083.47998046875
21 Jul 2010,1069.5899658203125
22 Jul 2010,1093.6700439453125
23 Jul 2010,1102.6600341796875
26 Jul 2010,1115.010009765625
27 Jul 2010,1113.8399658203125
28 Jul 2010,1106.1300048828125
29 Jul 2010,1101.530029296875
30 Jul 2010,1101.5999755859375
02 Aug 2010,1125.8599853515625
03 Aug 2010,1120.4599609375
04 Aug 2010,1127.239990234375
05 Aug 2010,1125.81005859375
06 Aug 2010,1121.6400146484375
09 Aug 2010,1127.7900390625
10 Aug 2010,1121.06005859375
11 Aug 2010,1089.469970703125
12 Aug 2010,1083.6099853515625
13 Aug 2010,1079.25
16 Aug 2010,1079.3800048828125
17 Aug 2010,1092.5400390625
18 Aug 2010,1094.1600341796875
19 Aug 2010,1075.6300048828125
20 Aug 2010,1071.68994140625
23 Aug 2010,1067.3599853515625
24 Aug 2010,1051.8699951171875
25 Aug 2010,1055.3299560546875
26 Aug 2010,1047.219970703125
27 Aug 2010,1064.5899658203125
30 Aug 2010,1048.9200439453125
31 Aug 2010,1049.3299560546875
01 Sep 2010,1080.2900390625
02 Sep 2010,1090.0999755859375
03 Sep 2010,1104.510009765625
07 Sep 2010,1091.8399658203125
08 Sep 2010,1098.8699951171875
09 Sep 2010,1104.1800537109375
10 Sep 2010,1109.550048828125
13 Sep 2010,1121.9000244140625
14 Sep 2010,1121.0999755859375
15 Sep 2010,1125.0699462890625
16 Sep 2010,1124.6600341796875
17 Sep 2010,1125.5899658203125
20 Sep 2010,1142.7099609375
21 Sep 2010,1139.780029296875
22 Sep 2010,1134.280029296875
23 Sep 2010,1124.8299560546875
24 Sep 2010,1148.6700439453125
27 Sep 2010,1142.1600341796875
28 Sep 2010,1147.699951171875
29 Sep 2010,1144.72998046875
30 Sep 2010,1141.199951171875
01 Oct 2010,1146.239990234375
04 Oct 2010,1137.030029296875
05 Oct 2010,1160.75
06 Oct 2010,1159.969970703125
07 Oct 2010,1158.06005859375
08 Oct 2010,1165.1500244140625
11 Oct 2010,1165.3199462890625
12 Oct 2010,1169.77001953125
13 Oct 2010,1178.0999755859375
14 Oct 2010,1173.81005859375
15 Oct 2010,1176.18994140625
18 Oct 2010,1184.7099609375
19 Oct 2010,1165.9000244140625
20 Oct 2010,1178.1700439453125
21 Oct 2010,1180.260009765625
22 Oct 2010,1183.0799560546875
25 Oct 2010,1185.6199951171875
26 Oct 2010,1185.6400146484375
27 Oct 2010,1182.449951171875
28 Oct 2010,1183.780029296875
29 Oct 2010,1183.260009765625
01 Nov 2010,1184.3800048828125
02 Nov 2010,1193.5699462890625
03 Nov 2010,1197.9599609375
04 Nov 2010,1221.06005859375
05 Nov 2010,1225.8499755859375
08 Nov 2010,1223.25
09 Nov 2010,1213.4000244140625
10 Nov 2010,1218.7099609375
11 Nov 2010,1213.5400390625
12 Nov 2010,1199.2099609375
15 Nov 2010,1197.75
16 Nov 2010,1178.3399658203125
17 Nov 2010,1178.5899658203125
18 Nov 2010,1196.68994140625
19 Nov 2010,1199.72998046875
22 Nov 2010,1197.8399658203125
23 Nov 2010,1180.72998046875
24 Nov 2010,1198.3499755859375
26 Nov 2010,1189.4000244140625
29 Nov 2010,1187.760009765625
30 Nov 2010,1180.550048828125
01 Dec 2010,1206.0699462890625
02 Dec 2010,1221.530029296875
03 Dec 2010,1224.7099609375
06 Dec 2010,1223.1199951171875
07 Dec 2010,1223.75
08 Dec 2010,1228.280029296875
09 Dec 2010,1233.0
10 Dec 2010,1240.4000244140625
13 Dec 2010,1240.4599609375
14 Dec 2010,1241.5899658203125
15 Dec 2010,1235.22998046875
16 Dec 2010,1242.8699951171875
17 Dec 2010,1243.9100341796875
20 Dec 2010,1247.0799560546875
21 Dec 2010,1254.5999755859375
22 Dec 2010,1258.8399658203125
23 Dec 2010,1256.77001953125
27 Dec 2010,1257.5400390625
28 Dec 2010,1258.510009765625
29 Dec 2010,1259.780029296875
30 Dec 2010,1257.8800048828125
31 Dec 2010,1257.6400146484375
03 Jan 2011,1271.8699951171875
04 Jan 2011,1270.199951171875
05 Jan 2011,1276.56005859375
06 Jan 2011,1273.8499755859375
07 Jan 2011,1271.5
10 Jan 2011,1269.75
11 Jan 2011,1274.47998046875
12 Jan 2011,1285.9599609375
13 Jan 2011,1283.760009765625
14 Jan 2011,1293.239990234375
18 Jan 2011,1295.02001953125
19 Jan 2011,1281.9200439453125
20 Jan 2011,1280.260009765625
21 Jan 2011,1283.3499755859375
24 Jan 2011,1290.8399658203125
25 Jan 2011,1291.1800537109375
26 Jan 2011,1296.6300048828125
27 Jan 2011,1299.5400390625
28 Jan 2011,1276.3399658203125
31 Jan 2011,1286.1199951171875
01 Feb 2011,1307.5899658203125
02 Feb 2011,1304.030029296875
03 Feb 2011,1307.0999755859375
04 Feb 2011,1310.8699951171875
07 Feb 2011,1319.050048828125
08 Feb 2011,1324.5699462890625
09 Feb 2011,1320.8800048828125
10 Feb 2011,1321.8699951171875
11 Feb 2011,1329.1500244140625
14 Feb 2011,1332.3199462890625
15 Feb 2011,1328.010009765625
16 Feb 2011,1336.3199462890625
17 Feb 2011,1340.4300537109375
18 Feb 2011,1343.010009765625
22 Feb 2011,1315.43994140625
23 Feb 2011,1307.4000244140625
24 Feb 2011,1306.0999755859375
25 Feb 2011,1319.8800048828125
28 Feb 2011,1327.219970703125
01 Mar 2011,1306.3299560546875
02 Mar 2011,1308.43994140625
03 Mar 2011,1330.969970703125
04 Mar 2011,1321.1500244140625
07 Mar 2011,1310.1300048828125
08 Mar 2011,1321.8199462890625
09 Mar 2011,1320.02001953125
10 Mar 2011,1295.1099853515625
11 Mar 2011,1304.280029296875
14 Mar 2011,1296.3900146484375
15 Mar 2011,1281.8699951171875
16 Mar 2011,1256.8800048828125
17 Mar 2011,1273.719970703125
18 Mar 2011,1279.2099609375
21 Mar 2011,1298.3800048828125
22 Mar 2011,1293.77001953125
23 Mar 2011,1297.5400390625
24 Mar 2011,1309.6600341796875
25 Mar 2011,1313.800048828125
28 Mar 2011,1310.18994140625
29 Mar 2011,1319.43994140625
30 Mar 2011,1328.260009765625
31 Mar 2011,1325.8299560546875
01 Apr 2011,1332.4100341796875
04 Apr 2011,1332.8699951171875
05 Apr 2011,1332.6300048828125
06 Apr 2011,1335.5400390625
07 Apr 2011,1333.510009765625
08 Apr 2011,1328.1700439453125
11 Apr 2011,1324.4599609375
12 Apr 2011,1314.1600341796875
13 Apr 2011,1314.4100341796875
14 Apr 2011,1314.52001953125
15 Apr 2011,1319.6800537109375
18 Apr 2011,1305.1400146484375
19 Apr 2011,1312.6199951171875
20 Apr 2011,1330.3599853515625
21 Apr 2011,1337.3800048828125
25 Apr 2011,1335.25
26 Apr 2011,1347.239990234375
27 Apr 2011,1355.6600341796875
28 Apr 2011,1360.47998046875
29 Apr 2011,1363.6099853515625
02 May 2011,1361.219970703125
03 May 2011,1356.6199951171875
04 May 2011,1347.3199462890625
05 May 2011,1335.0999755859375
06 May 2011,1340.199951171875
09 May 2011,1346.2900390625
10 May 2011,1357.1600341796875
11 May 2011,1342.0799560546875
12 May 2011,1348.6500244140625
13 May 2011,1337.77001953125
16 May 2011,1329.469970703125
17 May 2011,1328.97998046875
18 May 2011,1340.6800537109375
19 May 2011,1343.5999755859375
20 May 2011,1333.27001953125
23 May 2011,1317.3699951171875
24 May 2011,1316.280029296875
25 May 2011,1320.469970703125
26 May 2011,1325.68994140625
27 May 2011,1331.0999755859375
31 May 2011,1345.199951171875
01 Jun 2011,1314.550048828125
02 Jun 2011,1312.93994140625
03 Jun 2011,1300.1600341796875
06 Jun 2011,1286.1700439453125
07 Jun 2011,1284.93994140625
08 Jun 2011,1279.56005859375
09 Jun 2011,1289.0
10 Jun 2011,1270.97998046875
13 Jun 2011,1271.8299560546875
14 Jun 2011,1287.8699951171875
15 Jun 2011,1265.4200439453125
16 Jun 2011,1267.6400146484375
17 Jun 2011,1271.5
20 Jun 2011,1278.3599853515625
21 Jun 2011,1295.52001953125
22 Jun 2011,1287.1400146484375
23 Jun 2011,1283.5
24 Jun 2011,1268.449951171875
27 Jun 2011,1280.0999755859375
28 Jun 2011,1296.6700439453125
29 Jun 2011,1307.4100341796875
30 Jun 2011,1320.6400146484375
01 Jul 2011,1339.6700439453125
05 Jul 2011,1337.8800048828125
06 Jul 2011,1339.219970703125
07 Jul 2011,1353.219970703125
08 Jul 2011,1343.800048828125
11 Jul 2011,1319.489990234375
12 Jul 2011,1313.6400146484375
13 Jul 2011,1317.719970703125
14 Jul 2011,1308.8699951171875
15 Jul 2011,1316.1400146484375
18 Jul 2011,1305.43994140625
19 Jul 2011,1326.72998046875
20 Jul 2011,1325.8399658203125
21 Jul 2011,1343.800048828125
22 Jul 2011,1345.02001953125
25 Jul 2011,1337.4300537109375
26 Jul 2011,1331.93994140625
27 Jul 2011,1304.8900146484375
28 Jul 2011,1300.6700439453125
29 Jul 2011,1292.280029296875
01 Aug 2011,1286.93994140625
02 Aug 2011,1254.050048828125
03 Aug 2011,1260.3399658203125
04 Aug 2011,1200.0699462890625
05 Aug 2011,1199.3800048828125
08 Aug 2011,1119.4599609375
09 Aug 2011,1172.530029296875
10 Aug 2011,1120.760009765625
11 Aug 2011,1172.6400146484375
12 Aug 2011,1178.81005859375
15 Aug 2011,1204.489990234375
16 Aug 2011,1192.760009765625
17 Aug 2011,1193.8900146484375
18 Aug 2011,1140.6500244140625
19 Aug 2011,1123.530029296875
22 Aug 2011,1123.8199462890625
23 Aug 2011,1162.3499755859375
24 Aug 2011,1177.5999755859375
25 Aug 2011,1159.27001953125
26 Aug 2011,1176.800048828125
29 Aug 2011,1210.0799560546875
30 Aug 2011,1212.9200439453125
31 Aug 2011,1218.8900146484375
01 Sep 2011,1204.4200439453125
02 Sep 2011,1173.969970703125
06 Sep 2011,1165.239990234375
07 Sep 2011,1198.6199951171875
08 Sep 2011,1185.9000244140625
09 Sep 2011,1154.22998046875
12 Sep 2011,1162.27001953125
13 Sep 2011,1172.8699951171875
14 Sep 2011,1188.6800537109375
15 Sep 2011,1209.1099853515625
16 Sep 2011,1216.010009765625
19 Sep 2011,1204.0899658203125
20 Sep 2011,1202.0899658203125
21 Sep 2011,1166.760009765625
22 Sep 2011,1129.56005859375
23 Sep 2011,1136.4300537109375
26 Sep 2011,1162.949951171875
27 Sep 2011,1175.3800048828125
28 Sep 2011,1151.06005859375
29 Sep 2011,1160.4000244140625
30 Sep 2011,1131.4200439453125
03 Oct 2011,1099.22998046875
04 Oct 2011,1123.949951171875
05 Oct 2011,1144.030029296875
06 Oct 2011,1164.969970703125
07 Oct 2011,1155.4599609375
10 Oct 2011,1194.8900146484375
11 Oct 2011,1195.5400390625
12 Oct 2011,1207.25
13 Oct 2011,1203.6600341796875
14 Oct 2011,1224.5799560546875
17 Oct 2011,1200.8599853515625
18 Oct 2011,1225.3800048828125
19 Oct 2011,1209.8800048828125
20 Oct 2011,1215.3900146484375
21 Oct 2011,1238.25
24 Oct 2011,1254.18994140625
25 Oct 2011,1229.050048828125
26 Oct 2011,1242.0
27 Oct 2011,1284.5899658203125
28 Oct 2011,1285.0899658203125
31 Oct 2011,1253.300048828125
01 Nov 2011,1218.280029296875
02 Nov 2011,1237.9000244140625
03 Nov 2011,1261.1500244140625
04 Nov 2011,1253.22998046875
07 Nov 2011,1261.1199951171875
08 Nov 2011,1275.9200439453125
09 Nov 2011,1229.0999755859375
10 Nov 2011,1239.699951171875
11 Nov 2011,1263.8499755859375
14 Nov 2011,1251.780029296875
15 Nov 2011,1257.81005859375
16 Nov 2011,1236.9100341796875
17 Nov 2011,1216.1300048828125
18 Nov 2011,1215.6500244140625
21 Nov 2011,1192.97998046875
22 Nov 2011,1188.0400390625
23 Nov 2011,1161.7900390625
25 Nov 2011,1158.6700439453125
28 Nov 2011,1192.550048828125
29 Nov 2011,1195.18994140625
30 Nov 2011,1246.9599609375
01 Dec 2011,1244.5799560546875
02 Dec 2011,1244.280029296875
05 Dec 2011,1257.0799560546875
06 Dec 2011,1258.469970703125
07 Dec 2011,1261.010009765625
08 Dec 2011,1234.3499755859375
09 Dec 2011,1255.18994140625
12 Dec 2011,1236.469970703125
13 Dec 2011,1225.72998046875
14 Dec 2011,1211.8199462890625
15 Dec 2011,1215.75
16 Dec 2011,1219.6600341796875
19 Dec 2011,1205.3499755859375
20 Dec 2011,1241.300048828125
21 Dec 2011,1243.719970703125
22 Dec 2011,1254.0
23 Dec 2011,1265.3299560546875
27 Dec 2011,1265.4300537109375
28 Dec 2011,1249.6400146484375
29 Dec 2011,1263.02001953125
30 Dec 2011,1257.5999755859375
03 Jan 2012,1277.06005859375
04 Jan 2012,1277.300048828125
05 Jan 2012,1281.06005859375
06 Jan 2012,1277.81005859375
09 Jan 2012,1280.699951171875
10 Jan 2012,1292.0799560546875
11 Jan 2012,1292.47998046875
12 Jan 2012,1295.5
13 Jan 2012,1289.0899658203125
17 Jan 2012,1293.6700439453125
18 Jan 2012,1308.0400390625
19 Jan 2012,1314.5
20 Jan 2012,1315.3800048828125
23 Jan 2012,1316.0
24 Jan 2012,1314.6500244140625
25 Jan 2012,1326.06005859375
26 Jan 2012,1318.4300537109375
27 Jan 2012,1316.3299560546875
30 Jan 2012,1313.010009765625
31 Jan 2012,1312.4100341796875
01 Feb 2012,1324.0899658203125
02 Feb 2012,1325.5400390625
03 Feb 2012,1344.9000244140625
06 Feb 2012,1344.3299560546875
07 Feb 2012,1347.050048828125
08 Feb 2012,1349.9599609375
09 Feb 2012,1351.949951171875
10 Feb 2012,1342.6400146484375
13 Feb 2012,1351.77001953125
14 Feb 2012,1350.5
15 Feb 2012,1343.22998046875
16 Feb 2012,1358.0400390625
17 Feb 2012,1361.22998046875
21 Feb 2012,1362.2099609375
22 Feb 2012,1357.6600341796875
23 Feb 2012,1363.4599609375
24 Feb 2012,1365.739990234375
27 Feb 2012,1367.5899658203125
28 Feb 2012,1372.1800537109375
29 Feb 2012,1365.6800537109375
01 Mar 2012,1374.0899658203125
02 Mar 2012,1369.6300048828125
05 Mar 2012,1364.3299560546875
06 Mar 2012,1343.3599853515625
07 Mar 2012,1352.6300048828125
08 Mar 2012,1365.9100341796875
09 Mar 2012,1370.8699951171875
12 Mar 2012,1371.0899658203125
13 Mar 2012,1395.949951171875
14 Mar 2012,1394.280029296875
15 Mar 2012,1402.5999755859375
16 Mar 2012,1404.1700439453125
19 Mar 2012,1409.75
20 Mar 2012,1405.52001953125
21 Mar 2012,1402.8900146484375
22 Mar 2012,1392.780029296875
23 Mar 2012,1397.1099853515625
26 Mar 2012,1416.510009765625
27 Mar 2012,1412.52001953125
28 Mar 2012,1405.5400390625
29 Mar 2012,1403.280029296875
30 Mar 2012,1408.469970703125
02 Apr 2012,1419.0400390625
03 Apr 2012,1413.3800048828125
04 Apr 2012,1398.9599609375
05 Apr 2012,1398.0799560546875
09 Apr 2012,1382.199951171875
10 Apr 2012,1358.5899658203125
11 Apr 2012,1368.7099609375
12 Apr 2012,1387.5699462890625
13 Apr 2012,1370.260009765625
16 Apr 2012,1369.5699462890625
17 Apr 2012,1390.780029296875
18 Apr 2012,1385.1400146484375
19 Apr 2012,1376.9200439453125
20 Apr 2012,1378.530029296875
23 Apr 2012,1366.93994140625
24 Apr 2012,1371.969970703125
25 Apr 2012,1390.68994140625
26 Apr 2012,1399.97998046875
27 Apr 2012,1403.3599853515625
30 Apr 2012,1397.9100341796875
01 May 2012,1405.8199462890625
02 May 2012,1402.31005859375
03 May 2012,1391.5699462890625
04 May 2012,1369.0999755859375
07 May 2012,1369.5799560546875
08 May 2012,1363.719970703125
09 May 2012,1354.5799560546875
10 May 2012,1357.989990234375
11 May 2012,1353.3900146484375
14 May 2012,1338.3499755859375
15 May 2012,1330.6600341796875
16 May 2012,1324.800048828125
17 May 2012,1304.8599853515625
18 May 2012,1295.219970703125
21 May 2012,1315.989990234375
22 May 2012,1316.6300048828125
23 May 2012,1318.8599853515625
24 May 2012,1320.6800537109375
25 May 2012,1317.8199462890625
29 May 2012,1332.4200439453125
30 May 2012,1313.3199462890625
31 May 2012,1310.3299560546875
01 Jun 2012,1278.0400390625
04 Jun 2012,1278.1800537109375
05 Jun 2012,1285.5
06 Jun 2012,1315.1300048828125
07 Jun 2012,1314.989990234375
08 Jun 2012,1325.6600341796875
11 Jun 2012,1308.9300537109375
12 Jun 2012,1324.1800537109375
13 Jun 2012,1314.8800048828125
14 Jun 2012,1329.0999755859375
15 Jun 2012,1342.8399658203125
18 Jun 2012,1344.780029296875
19 Jun 2012,1357.97998046875
20 Jun 2012,1355.68994140625
21 Jun 2012,1325.510009765625
22 Jun 2012,1335.02001953125
25 Jun 2012,1313.719970703125
26 Jun 2012,1319.989990234375
27 Jun 2012,1331.8499755859375
28 Jun 2012,1329.0400390625
29 Jun 2012,1362.1600341796875
02 Jul 2012,1365.510009765625
03 Jul 2012,1374.02001953125
05 Jul 2012,1367.5799560546875
06 Jul 2012,1354.6800537109375
09 Jul 2012,1352.4599609375
10 Jul 2012,1341.469970703125
11 Jul 2012,1341.449951171875
12 Jul 2012,1334.760009765625
13 Jul 2012,1356.780029296875
16 Jul 2012,1353.6400146484375
17 Jul 2012,1363.6700439453125
18 Jul 2012,1372.780029296875
19 Jul 2012,1376.510009765625
20 Jul 2012,1362.6600341796875
23 Jul 2012,1350.52001953125
24 Jul 2012,1338.31005859375
25 Jul 2012,1337.8900146484375
26 Jul 2012,1360.02001953125
27 Jul 2012,1385.969970703125
30 Jul 2012,1385.300048828125
31 Jul 2012,1379.3199462890625
01 Aug 2012,1375.3199462890625
02 Aug 2012,1365.0
03 Aug 2012,1390.989990234375
06 Aug 2012,1394.22998046875
07 Aug 2012,1401.3499755859375
08 Aug 2012,1402.219970703125
09 Aug 2012,1402.800048828125
10 Aug 2012,1405.8699951171875
13 Aug 2012,1404.1099853515625
14 Aug 2012,1403.9300537109375
15 Aug 2012,1405.530029296875
16 Aug 2012,1415.510009765625
17 Aug 2012,1418.1600341796875
20 Aug 2012,1418.1300048828125
21 Aug 2012,1413.1700439453125
22 Aug 2012,1413.489990234375
23 Aug 2012,1402.0799560546875
24 Aug 2012,1411.1300048828125
27 Aug 2012,1410.43994140625
28 Aug 2012,1409.300048828125
29 Aug 2012,1410.489990234375
30 Aug 2012,1399.47998046875
31 Aug 2012,1406.5799560546875
04 Sep 2012,1404.93994140625
05 Sep 2012,1403.43994140625
06 Sep 2012,1432.1199951171875
07 Sep 2012,1437.9200439453125
10 Sep 2012,1429.0799560546875
11 Sep 2012,1433.56005859375
12 Sep 2012,1436.56005859375
13 Sep 2012,1459.989990234375
14 Sep 2012,1465.77001953125
17 Sep 2012,1461.18994140625
18 Sep 2012,1459.3199462890625
19 Sep 2012,1461.050048828125
20 Sep 2012,1460.260009765625
21 Sep 2012,1460.1500244140625
24 Sep 2012,1456.8900146484375
25 Sep 2012,1441.5899658203125
26 Sep 2012,1433.3199462890625
27 Sep 2012,1447.1500244140625
28 Sep 2012,1440.6700439453125
01 Oct 2012,1444.489990234375
02 Oct 2012,1445.75
03 Oct 2012,1450.989990234375
04 Oct 2012,1461.4000244140625
05 Oct 2012,1460.9300537109375
08 Oct 2012,1455.8800048828125
09 Oct 2012,1441.47998046875
10 Oct 2012,1432.56005859375
11 Oct 2012,1432.8399658203125
12 Oct 2012,1428.5899658203125
15 Oct 2012,1440.1300048828125
16 Oct 2012,1454.9200439453125
17 Oct 2012,1460.9100341796875
18 Oct 2012,1457.3399658203125
19 Oct 2012,1433.18994140625
22 Oct 2012,1433.8199462890625
23 Oct 2012,1413.1099853515625
24 Oct 2012,1408.75
25 Oct 2012,1412.969970703125
26 Oct 2012,1411.93994140625
31 Oct 2012,1412.1600341796875
01 Nov 2012,1427.5899658203125
02 Nov 2012,1414.199951171875
05 Nov 2012,1417.260009765625
06 Nov 2012,1428.3900146484375
07 Nov 2012,1394.530029296875
08 Nov 2012,1377.510009765625
09 Nov 2012,1379.8499755859375
12 Nov 2012,1380.030029296875
13 Nov 2012,1374.530029296875
14 Nov 2012,1355.489990234375
15 Nov 2012,1353.3299560546875
16 Nov 2012,1359.8800048828125
19 Nov 2012,1386.8900146484375
20 Nov 2012,1387.81005859375
21 Nov 2012,1391.030029296875
23 Nov 2012,1409.1500244140625
26 Nov 2012,1406.2900390625
27 Nov 2012,1398.93994140625
28 Nov 2012,1409.9300537109375
29 Nov 2012,1415.949951171875
30 Nov 2012,1416.1800537109375
03 Dec 2012,1409.4599609375
04 Dec 2012,1407.050048828125
05 Dec 2012,1409.280029296875
06 Dec 2012,1413.93994140625
07 Dec 2012,1418.0699462890625
10 Dec 2012,1418.550048828125
11 Dec 2012,1427.8399658203125
12 Dec 2012,1428.47998046875
13 Dec 2012,1419.449951171875
14 Dec 2012,1413.5799560546875
17 Dec 2012,1430.3599853515625
18 Dec 2012,1446.7900390625
19 Dec 2012,1435.81005859375
20 Dec 2012,1443.68994140625
21 Dec 2012,1430.1500244140625
24 Dec 2012,1426.6600341796875
26 Dec 2012,1419.8299560546875
27 Dec 2012,1418.0999755859375
28 Dec 2012,1402.4300537109375
31 Dec 2012,1426.18994140625
02 Jan 2013,1462.4200439453125
03 Jan 2013,1459.3699951171875
04 Jan 2013,1466.469970703125
07 Jan 2013,1461.8900146484375
08 Jan 2013,1457.1500244140625
09 Jan 2013,1461.02001953125
10 Jan 2013,1472.1199951171875
11 Jan 2013,1472.050048828125
14 Jan 2013,1470.6800537109375
15 Jan 2013,1472.3399658203125
16 Jan 2013,1472.6300048828125
17 Jan 2013,1480.93994140625
18 Jan 2013,1485.97998046875
22 Jan 2013,1492.56005859375
23 Jan 2013,1494.81005859375
24 Jan 2013,1494.8199462890625
25 Jan 2013,1502.9599609375
28 Jan 2013,1500.1800537109375
29 Jan 2013,1507.8399658203125
30 Jan 2013,1501.9599609375
31 Jan 2013,1498.1099853515625
01 Feb 2013,1513.1700439453125
04 Feb 2013,1495.7099609375
05 Feb 2013,1511.2900390625
06 Feb 2013,1512.1199951171875
07 Feb 2013,1509.3900146484375
08 Feb 2013,1517.9300537109375
11 Feb 2013,1517.010009765625
12 Feb 2013,1519.4300537109375
13 Feb 2013,1520.3299560546875
14 Feb 2013,1521.3800048828125
15 Feb 2013,1519.7900390625
19 Feb 2013,1530.93994140625
20 Feb 2013,1511.949951171875
21 Feb 2013,1502.4200439453125
22 Feb 2013,1515.5999755859375
25 Feb 2013,1487.8499755859375
26 Feb 2013,1496.93994140625
27 Feb 2013,1515.989990234375
28 Feb 2013,1514.6800537109375
01 Mar 2013,1518.199951171875
04 Mar 2013,1525.199951171875
05 Mar 2013,1539.7900390625
06 Mar 2013,1541.4599609375
07 Mar 2013,1544.260009765625
08 Mar 2013,1551.1800537109375
11 Mar 2013,1556.219970703125
12 Mar 2013,1552.47998046875
13 Mar 2013,1554.52001953125
14 Mar 2013,1563.22998046875
15 Mar 2013,1560.699951171875
18 Mar 2013,1552.0999755859375
19 Mar 2013,1548.3399658203125
20 Mar 2013,1558.7099609375
21 Mar 2013,1545.800048828125
22 Mar 2013,1556.8900146484375
25 Mar 2013,1551.68994140625
26 Mar 2013,1563.77001953125
27 Mar 2013,1562.8499755859375
28 Mar 2013,1569.18994140625
01 Apr 2013,1562.1700439453125
02 Apr 2013,1570.25
03 Apr 2013,1553.68994140625
04 Apr 2013,1559.97998046875
05 Apr 2013,1553.280029296875
08 Apr 2013,1563.0699462890625
09 Apr 2013,1568.6099853515625
10 Apr 2013,1587.72998046875
11 Apr 2013,1593.3699951171875
12 Apr 2013,1588.8499755859375
15 Apr 2013,1552.3599853515625
16 Apr 2013,1574.5699462890625
17 Apr 2013,1552.010009765625
18 Apr 2013,1541.6099853515625
19 Apr 2013,1555.25
22 Apr 2013,1562.5
23 Apr 2013,1578.780029296875
24 Apr 2013,1578.7900390625
25 Apr 2013,1585.1600341796875
26 Apr 2013,1582.239990234375
29 Apr 2013,1593.6099853515625
30 Apr 2013,1597.5699462890625
01 May 2013,1582.699951171875
02 May 2013,1597.5899658203125
03 May 2013,1614.4200439453125
06 May 2013,1617.5
07 May 2013,1625.9599609375
08 May 2013,1632.68994140625
09 May 2013,1626.6700439453125
10 May 2013,1633.699951171875
13 May 2013,1633.77001953125
14 May 2013,1650.3399658203125
15 May 2013,1658.780029296875
16 May 2013,1650.469970703125
17 May 2013,1667.469970703125
20 May 2013,1666.2900390625
21 May 2013,1669.1600341796875
22 May 2013,1655.3499755859375
23 May 2013,1650.510009765625
24 May 2013,1649.5999755859375
28 May 2013,1660.06005859375
29 May 2013,1648.3599853515625
30 May 2013,1654.4100341796875
31 May 2013,1630.739990234375
03 Jun 2013,1640.4200439453125
04 Jun 2013,1631.3800048828125
05 Jun 2013,1608.9000244140625
06 Jun 2013,1622.56005859375
07 Jun 2013,1643.3800048828125
10 Jun 2013,1642.81005859375
11 Jun 2013,1626.1300048828125
12 Jun 2013,1612.52001953125
13 Jun 2013,1636.3599853515625
14 Jun 2013,1626.72998046875
17 Jun 2013,1639.0400390625
18 Jun 2013,1651.81005859375
19 Jun 2013,1628.9300537109375
20 Jun 2013,1588.18994140625
21 Jun 2013,1592.4300537109375
24 Jun 2013,1573.0899658203125
25 Jun 2013,1588.030029296875
26 Jun 2013,1603.260009765625
27 Jun 2013,1613.199951171875
28 Jun 2013,1606.280029296875
01 Jul 2013,1614.9599609375
02 Jul 2013,1614.0799560546875
03 Jul 2013,1615.4100341796875
05 Jul 2013,1631.8900146484375
08 Jul 2013,1640.4599609375
09 Jul 2013,1652.3199462890625
10 Jul 2013,1652.6199951171875
11 Jul 2013,1675.02001953125
12 Jul 2013,1680.18994140625
15 Jul 2013,1682.5
16 Jul 2013,1676.260009765625
17 Jul 2013,1680.9100341796875
18 Jul 2013,1689.3699951171875
19 Jul 2013,1692.0899658203125
22 Jul 2013,1695.530029296875
23 Jul 2013,1692.3900146484375
24 Jul 2013,1685.93994140625
25 Jul 2013,1690.25
26 Jul 2013,1691.6500244140625
29 Jul 2013,1685.3299560546875
30 Jul 2013,1685.9599609375
31 Jul 2013,1685.72998046875
01 Aug 2013,1706.8699951171875
02 Aug 2013,1709.6700439453125
05 Aug 2013,1707.1400146484375
06 Aug 2013,1697.3699951171875
07 Aug 2013,1690.9100341796875
08 Aug 2013,1697.47998046875
09 Aug 2013,1691.4200439453125
12 Aug 2013,1689.469970703125
13 Aug 2013,1694.1600341796875
14 Aug 2013,1685.3900146484375
15 Aug 2013,1661.3199462890625
16 Aug 2013,1655.8299560546875
19 Aug 2013,1646.06005859375
20 Aug 2013,1652.3499755859375
21 Aug 2013,1642.800048828125
22 Aug 2013,1656.9599609375
23 Aug 2013,1663.5
26 Aug 2013,1656.780029296875
27 Aug 2013,1630.47998046875
28 Aug 2013,1634.9599609375
29 Aug 2013,1638.1700439453125
30 Aug 2013,1632.969970703125
03 Sep 2013,1639.77001953125
04 Sep 2013,1653.0799560546875
05 Sep 2013,1655.0799560546875
06 Sep 2013,1655.1700439453125
09 Sep 2013,1671.7099609375
10 Sep 2013,1683.989990234375
11 Sep 2013,1689.1300048828125
12 Sep 2013,1683.4200439453125
13 Sep 2013,1687.989990234375
16 Sep 2013,1697.5999755859375
17 Sep 2013,1704.760009765625
18 Sep 2013,1725.52001953125
19 Sep 2013,1722.3399658203125
20 Sep 2013,1709.9100341796875
23 Sep 2013,1701.8399658203125
24 Sep 2013,1697.4200439453125
25 Sep 2013,1692.77001953125
26 Sep 2013,1698.6700439453125
27 Sep 2013,1691.75
30 Sep 2013,1681.550048828125
01 Oct 2013,1695.0
02 Oct 2013,1693.8699951171875
03 Oct 2013,1678.6600341796875
04 Oct 2013,1690.5
07 Oct 2013,1676.1199951171875
08 Oct 2013,1655.449951171875
09 Oct 2013,1656.4000244140625
10 Oct 2013,1692.56005859375
11 Oct 2013,1703.199951171875
14 Oct 2013,1710.1400146484375
15 Oct 2013,1698.06005859375
16 Oct 2013,1721.5400390625
17 Oct 2013,1733.1500244140625
18 Oct 2013,1744.5
21 Oct 2013,1744.6600341796875
22 Oct 2013,1754.6700439453125
23 Oct 2013,1746.3800048828125
24 Oct 2013,1752.0699462890625
25 Oct 2013,1759.77001953125
28 Oct 2013,1762.1099853515625
29 Oct 2013,1771.949951171875
30 Oct 2013,1763.31005859375
31 Oct 2013,1756.5400390625
01 Nov 2013,1761.6400146484375
04 Nov 2013,1767.9300537109375
05 Nov 2013,1762.969970703125
06 Nov 2013,1770.489990234375
07 Nov 2013,1747.1500244140625
08 Nov 2013,1770.6099853515625
11 Nov 2013,1771.8900146484375
12 Nov 2013,1767.68994140625
13 Nov 2013,1782.0
14 Nov 2013,1790.6199951171875
15 Nov 2013,1798.1800537109375
18 Nov 2013,1791.530029296875
19 Nov 2013,1787.8699951171875
20 Nov 2013,1781.3699951171875
21 Nov 2013,1795.8499755859375
22 Nov 2013,1804.760009765625
25 Nov 2013,1802.47998046875
26 Nov 2013,1802.75
27 Nov 2013,1807.22998046875
29 Nov 2013,1805.81005859375
02 Dec 2013,1800.9000244140625
03 Dec 2013,1795.1500244140625
04 Dec 2013,1792.81005859375
05 Dec 2013,1785.030029296875
06 Dec 2013,1805.0899658203125
09 Dec 2013,1808.3699951171875
10 Dec 2013,1802.6199951171875
11 Dec 2013,1782.219970703125
12 Dec 2013,1775.5
13 Dec 2013,1775.3199462890625
16 Dec 2013,1786.5400390625
17 Dec 2013,1781.0
18 Dec 2013,1810.6500244140625
19 Dec 2013,1809.5999755859375
20 Dec 2013,1818.3199462890625
23 Dec 2013,1827.989990234375
24 Dec 2013,1833.3199462890625
26 Dec 2013,1842.02001953125
27 Dec 2013,1841.4000244140625
30 Dec 2013,1841.0699462890625
31 Dec 2013,1848.3599853515625
02 Jan 2014,1831.97998046875
03 Jan 2014,1831.3699951171875
06 Jan 2014,1826.77001953125
07 Jan 2014,1837.8800048828125
08 Jan 2014,1837.489990234375
09 Jan 2014,1838.1300048828125
10 Jan 2014,1842.3699951171875
13 Jan 2014,1819.199951171875
14 Jan 2014,1838.8800048828125
15 Jan 2014,1848.3800048828125
16 Jan 2014,1845.8900146484375
17 Jan 2014,1838.699951171875
21 Jan 2014,1843.800048828125
22 Jan 2014,1844.8599853515625
23 Jan 2014,1828.4599609375
24 Jan 2014,1790.2900390625
27 Jan 2014,1781.56005859375
28 Jan 2014,1792.5
29 Jan 2014,1774.199951171875
30 Jan 2014,1794.18994140625
31 Jan 2014,1782.5899658203125
03 Feb 2014,1741.8900146484375
04 Feb 2014,1755.199951171875
05 Feb 2014,1751.6400146484375
06 Feb 2014,1773.4300537109375
07 Feb 2014,1797.02001953125
10 Feb 2014,1799.8399658203125
11 Feb 2014,1819.75
12 Feb 2014,1819.260009765625
13 Feb 2014,1829.8299560546875
14 Feb 2014,1838.6300048828125
18 Feb 2014,1840.760009765625
19 Feb 2014,1828.75
20 Feb 2014,1839.780029296875
21 Feb 2014,1836.25
24 Feb 2014,1847.6099853515625
25 Feb 2014,1845.1199951171875
26 Feb 2014,1845.1600341796875
27 Feb 2014,1854.2900390625
28 Feb 2014,1859.449951171875
03 Mar 2014,1845.72998046875
04 Mar 2014,1873.9100341796875
05 Mar 2014,1873.81005859375
06 Mar 2014,1877.030029296875
07 Mar 2014,1878.0400390625
10 Mar 2014,1877.1700439453125
11 Mar 2014,1867.6300048828125
12 Mar 2014,1868.199951171875
13 Mar 2014,1846.3399658203125
14 Mar 2014,1841.1300048828125
17 Mar 2014,1858.8299560546875
18 Mar 2014,1872.25
19 Mar 2014,1860.77001953125
20 Mar 2014,1872.010009765625
21 Mar 2014,1866.52001953125
24 Mar 2014,1857.43994140625
25 Mar 2014,1865.6199951171875
26 Mar 2014,1852.56005859375
27 Mar 2014,1849.0400390625
28 Mar 2014,1857.6199951171875
31 Mar 2014,1872.3399658203125
01 Apr 2014,1885.52001953125
02 Apr 2014,1890.9000244140625
03 Apr 2014,1888.77001953125
04 Apr 2014,1865.0899658203125
07 Apr 2014,1845.0400390625
08 Apr 2014,1851.9599609375
09 Apr 2014,1872.1800537109375
10 Apr 2014,1833.0799560546875
11 Apr 2014,1815.68994140625
14 Apr 2014,1830.6099853515625
15 Apr 2014,1842.97998046875
16 Apr 2014,1862.31005859375
17 Apr 2014,1864.8499755859375
21 Apr 2014,1871.8900146484375
22 Apr 2014,1879.550048828125
23 Apr 2014,1875.3900146484375
24 Apr 2014,1878.6099853515625
25 Apr 2014,1863.4000244140625
28 Apr 2014,1869.4300537109375
29 Apr 2014,1878.3299560546875
30 Apr 2014,1883.949951171875
01 May 2014,1883.6800537109375
02 May 2014,1881.1400146484375
05 May 2014,1884.6600341796875
06 May 2014,1867.719970703125
07 May 2014,1878.2099609375
08 May 2014,1875.6300048828125
09 May 2014,1878.47998046875
12 May 2014,1896.6500244140625
13 May 2014,1897.449951171875
14 May 2014,1888.530029296875
15 May 2014,1870.8499755859375
16 May 2014,1877.8599853515625
19 May 2014,1885.0799560546875
20 May 2014,1872.8299560546875
21 May 2014,1888.030029296875
22 May 2014,1892.489990234375
23 May 2014,1900.530029296875
27 May 2014,1911.9100341796875
28 May 2014,1909.780029296875
29 May 2014,1920.030029296875
30 May 2014,1923.5699462890625
02 Jun 2014,1924.969970703125
03 Jun 2014,1924.239990234375
04 Jun 2014,1927.8800048828125
05 Jun 2014,1940.4599609375
06 Jun 2014,1949.43994140625
09 Jun 2014,1951.27001953125
10 Jun 2014,1950.7900390625
11 Jun 2014,1943.8900146484375
12 Jun 2014,1930.1099853515625
13 Jun 2014,1936.1600341796875
16 Jun 2014,1937.780029296875
17 Jun 2014,1941.989990234375
18 Jun 2014,1956.97998046875
19 Jun 2014,1959.47998046875
20 Jun 2014,1962.8699951171875
23 Jun 2014,1962.6099853515625
24 Jun 2014,1949.97998046875
25 Jun 2014,1959.530029296875
26 Jun 2014,1957.219970703125
27 Jun 2014,1960.9599609375
30 Jun 2014,1960.22998046875
01 Jul 2014,1973.3199462890625
02 Jul 2014,1974.6199951171875
03 Jul 2014,1985.43994140625
07 Jul 2014,1977.6500244140625
08 Jul 2014,1963.7099609375
09 Jul 2014,1972.8299560546875
10 Jul 2014,1964.6800537109375
11 Jul 2014,1967.5699462890625
14 Jul 2014,1977.0999755859375
15 Jul 2014,1973.280029296875
16 Jul 2014,1981.5699462890625
17 Jul 2014,1958.1199951171875
18 Jul 2014,1978.219970703125
21 Jul 2014,1973.6300048828125
22 Jul 2014,1983.530029296875
23 Jul 2014,1987.010009765625
24 Jul 2014,1987.97998046875
25 Jul 2014,1978.3399658203125
28 Jul 2014,1978.9100341796875
29 Jul 2014,1969.949951171875
30 Jul 2014,1970.0699462890625
31 Jul 2014,1930.6700439453125
01 Aug 2014,1925.1500244140625
04 Aug 2014,1938.989990234375
05 Aug 2014,1920.2099609375
06 Aug 2014,1920.239990234375
07 Aug 2014,1909.5699462890625
08 Aug 2014,1931.5899658203125
11 Aug 2014,1936.9200439453125
12 Aug 2014,1933.75
13 Aug 2014,1946.719970703125
14 Aug 2014,1955.1800537109375
15 Aug 2014,1955.06005859375
18 Aug 2014,1971.739990234375
19 Aug 2014,1981.5999755859375
20 Aug 2014,1986.510009765625
21 Aug 2014,1992.3699951171875
22 Aug 2014,1988.4000244140625
25 Aug 2014,1997.9200439453125
26 Aug 2014,2000.02001953125
27 Aug 2014,2000.1199951171875
28 Aug 2014,1996.739990234375
29 Aug 2014,2003.3699951171875
02 Sep 2014,2002.280029296875
03 Sep 2014,2000.719970703125
04 Sep 2014,1997.6500244140625
05 Sep 2014,2007.7099609375
08 Sep 2014,2001.5400390625
09 Sep 2014,1988.43994140625
10 Sep 2014,1995.68994140625
11 Sep 2014,1997.449951171875
12 Sep 2014,1985.5400390625
15 Sep 2014,1984.1300048828125
16 Sep 2014,1998.97998046875
17 Sep 2014,2001.5699462890625
18 Sep 2014,2011.3599853515625
19 Sep 2014,2010.4000244140625
22 Sep 2014,1994.2900390625
23 Sep 2014,1982.77001953125
24 Sep 2014,1998.300048828125
25 Sep 2014,1965.989990234375
26 Sep 2014,1982.8499755859375
29 Sep 2014,1977.800048828125
30 Sep 2014,1972.2900390625
01 Oct 2014,1946.1600341796875
02 Oct 2014,1946.1700439453125
03 Oct 2014,1967.9000244140625
06 Oct 2014,1964.8199462890625
07 Oct 2014,1935.0999755859375
08 Oct 2014,1968.8900146484375
09 Oct 2014,1928.2099609375
10 Oct 2014,1906.1300048828125
13 Oct 2014,1874.739990234375
14 Oct 2014,1877.699951171875
15 Oct 2014,1862.489990234375
16 Oct 2014,1862.760009765625
17 Oct 2014,1886.760009765625
20 Oct 2014,1904.010009765625
21 Oct 2014,1941.280029296875
22 Oct 2014,1927.1099853515625
23 Oct 2014,1950.8199462890625
24 Oct 2014,1964.5799560546875
27 Oct 2014,1961.6300048828125
28 Oct 2014,1985.050048828125
29 Oct 2014,1982.300048828125
30 Oct 2014,1994.6500244140625
31 Oct 2014,2018.050048828125
03 Nov 2014,2017.81005859375
04 Nov 2014,2012.0999755859375
05 Nov 2014,2023.5699462890625
06 Nov 2014,2031.2099609375
07 Nov 2014,2031.9200439453125
10 Nov 2014,2038.260009765625
11 Nov 2014,2039.6800537109375
12 Nov 2014,2038.25
13 Nov 2014,2039.3299560546875
14 Nov 2014,2039.8199462890625
17 Nov 2014,2041.3199462890625
18 Nov 2014,2051.800048828125
19 Nov 2014,2048.719970703125
20 Nov 2014,2052.75
21 Nov 2014,2063.5
24 Nov 2014,2069.409912109375
25 Nov 2014,2067.030029296875
26 Nov 2014,2072.830078125
28 Nov 2014,2067.56005859375
01 Dec 2014,2053.43994140625
02 Dec 2014,2066.550048828125
03 Dec 2014,2074.330078125
04 Dec 2014,2071.919921875
05 Dec 2014,2075.3701171875
08 Dec 2014,2060.31005859375
09 Dec 2014,2059.820068359375
10 Dec 2014,2026.1400146484375
11 Dec 2014,2035.3299560546875
12 Dec 2014,2002.3299560546875
15 Dec 2014,1989.6300048828125
16 Dec 2014,1972.739990234375
17 Dec 2014,2012.8900146484375
18 Dec 2014,2061.22998046875
19 Dec 2014,2070.64990234375
22 Dec 2014,2078.5400390625
23 Dec 2014,2082.169921875
24 Dec 2014,2081.8798828125
26 Dec 2014,2088.77001953125
29 Dec 2014,2090.570068359375
30 Dec 2014,2080.35009765625
31 Dec 2014,2058.89990234375
02 Jan 2015,2058.199951171875
05 Jan 2015,2020.5799560546875
06 Jan 2015,2002.6099853515625
07 Jan 2015,2025.9000244140625
08 Jan 2015,2062.139892578125
09 Jan 2015,2044.81005859375
12 Jan 2015,2028.260009765625
13 Jan 2015,2023.030029296875
14 Jan 2015,2011.27001953125
15 Jan 2015,1992.6700439453125
16 Jan 2015,2019.4200439453125
20 Jan 2015,2022.550048828125
21 Jan 2015,2032.1199951171875
22 Jan 2015,2063.14990234375
23 Jan 2015,2051.820068359375
26 Jan 2015,2057.090087890625
27 Jan 2015,2029.550048828125
28 Jan 2015,2002.1600341796875
29 Jan 2015,2021.25
30 Jan 2015,1994.989990234375
02 Feb 2015,2020.8499755859375
03 Feb 2015,2050.030029296875
04 Feb 2015,2041.510009765625
05 Feb 2015,2062.52001953125
06 Feb 2015,2055.469970703125
09 Feb 2015,2046.739990234375
10 Feb 2015,2068.590087890625
11 Feb 2015,2068.530029296875
12 Feb 2015,2088.47998046875
13 Feb 2015,2096.989990234375
17 Feb 2015,2100.340087890625
18 Feb 2015,2099.679931640625
19 Feb 2015,2097.449951171875
20 Feb 2015,2110.300048828125
23 Feb 2015,2109.659912109375
24 Feb 2015,2115.47998046875
25 Feb 2015,2113.860107421875
26 Feb 2015,2110.739990234375
27 Feb 2015,2104.5
02 Mar 2015,2117.389892578125
03 Mar 2015,2107.780029296875
04 Mar 2015,2098.530029296875
05 Mar 2015,2101.0400390625
06 Mar 2015,2071.260009765625
09 Mar 2015,2079.429931640625
10 Mar 2015,2044.1600341796875
11 Mar 2015,2040.239990234375
12 Mar 2015,2065.949951171875
13 Mar 2015,2053.39990234375
16 Mar 2015,2081.18994140625
17 Mar 2015,2074.280029296875
18 Mar 2015,2099.5
19 Mar 2015,2089.27001953125
20 Mar 2015,2108.10009765625
23 Mar 2015,2104.419921875
24 Mar 2015,2091.5
25 Mar 2015,2061.050048828125
26 Mar 2015,2056.14990234375
27 Mar 2015,2061.02001953125
30 Mar 2015,2086.239990234375
31 Mar 2015,2067.889892578125
01 Apr 2015,2059.68994140625
02 Apr 2015,2066.9599609375
06 Apr 2015,2080.6201171875
07 Apr 2015,2076.330078125
08 Apr 2015,2081.89990234375
09 Apr 2015,2091.179931640625
10 Apr 2015,2102.06005859375
13 Apr 2015,2092.429931640625
14 Apr 2015,2095.840087890625
15 Apr 2015,2106.6298828125
16 Apr 2015,2104.989990234375
17 Apr 2015,2081.179931640625
20 Apr 2015,2100.39990234375
21 Apr 2015,2097.2900390625
22 Apr 2015,2107.9599609375
23 Apr 2015,2112.929931640625
24 Apr 2015,2117.68994140625
27 Apr 2015,2108.919921875
28 Apr 2015,2114.760009765625
29 Apr 2015,2106.85009765625
30 Apr 2015,2085.510009765625
01 May 2015,2108.2900390625
04 May 2015,2114.489990234375
05 May 2015,2089.4599609375
06 May 2015,2080.14990234375
07 May 2015,2088.0
08 May 2015,2116.10009765625
11 May 2015,2105.330078125
12 May 2015,2099.1201171875
13 May 2015,2098.47998046875
14 May 2015,2121.10009765625
15 May 2015,2122.72998046875
18 May 2015,2129.199951171875
19 May 2015,2127.830078125
20 May 2015,2125.85009765625
21 May 2015,2130.820068359375
22 May 2015,2126.06005859375
26 May 2015,2104.199951171875
27 May 2015,2123.47998046875
28 May 2015,2120.7900390625
29 May 2015,2107.389892578125
01 Jun 2015,2111.72998046875
02 Jun 2015,2109.60009765625
03 Jun 2015,2114.070068359375
04 Jun 2015,2095.840087890625
05 Jun 2015,2092.830078125
08 Jun 2015,2079.280029296875
09 Jun 2015,2080.14990234375
10 Jun 2015,2105.199951171875
11 Jun 2015,2108.860107421875
12 Jun 2015,2094.110107421875
15 Jun 2015,2084.429931640625
16 Jun 2015,2096.2900390625
17 Jun 2015,2100.43994140625
18 Jun 2015,2121.239990234375
19 Jun 2015,2109.989990234375
22 Jun 2015,2122.85009765625
23 Jun 2015,2124.199951171875
24 Jun 2015,2108.580078125
25 Jun 2015,2102.31005859375
26 Jun 2015,2101.489990234375
29 Jun 2015,2057.639892578125
30 Jun 2015,2063.110107421875
01 Jul 2015,2077.419921875
02 Jul 2015,2076.780029296875
06 Jul 2015,2068.760009765625
07 Jul 2015,2081.340087890625
08 Jul 2015,2046.6800537109375
09 Jul 2015,2051.31005859375
10 Jul 2015,2076.6201171875
13 Jul 2015,2099.60009765625
14 Jul 2015,2108.949951171875
15 Jul 2015,2107.39990234375
16 Jul 2015,2124.2900390625
17 Jul 2015,2126.639892578125
20 Jul 2015,2128.280029296875
21 Jul 2015,2119.2099609375
22 Jul 2015,2114.14990234375
23 Jul 2015,2102.14990234375
24 Jul 2015,2079.64990234375
27 Jul 2015,2067.639892578125
28 Jul 2015,2093.25
29 Jul 2015,2108.570068359375
30 Jul 2015,2108.6298828125
31 Jul 2015,2103.840087890625
03 Aug 2015,2098.0400390625
04 Aug 2015,2093.320068359375
05 Aug 2015,2099.840087890625
06 Aug 2015,2083.56005859375
07 Aug 2015,2077.570068359375
10 Aug 2015,2104.179931640625
11 Aug 2015,2084.070068359375
12 Aug 2015,2086.050048828125
13 Aug 2015,2083.389892578125
14 Aug 2015,2091.5400390625
17 Aug 2015,2102.43994140625
18 Aug 2015,2096.919921875
19 Aug 2015,2079.610107421875
20 Aug 2015,2035.72998046875
21 Aug 2015,1970.8900146484375
24 Aug 2015,1893.2099609375
25 Aug 2015,1867.6099853515625
26 Aug 2015,1940.510009765625
27 Aug 2015,1987.6600341796875
28 Aug 2015,1988.8699951171875
31 Aug 2015,1972.1800537109375
01 Sep 2015,1913.8499755859375
02 Sep 2015,1948.8599853515625
03 Sep 2015,1951.1300048828125
04 Sep 2015,1921.219970703125
08 Sep 2015,1969.4100341796875
09 Sep 2015,1942.0400390625
10 Sep 2015,1952.2900390625
11 Sep 2015,1961.050048828125
14 Sep 2015,1953.030029296875
15 Sep 2015,1978.0899658203125
16 Sep 2015,1995.31005859375
17 Sep 2015,1990.199951171875
18 Sep 2015,1958.030029296875
21 Sep 2015,1966.969970703125
22 Sep 2015,1942.739990234375
23 Sep 2015,1938.760009765625
24 Sep 2015,1932.239990234375
25 Sep 2015,1931.3399658203125
28 Sep 2015,1881.77001953125
29 Sep 2015,1884.0899658203125
30 Sep 2015,1920.030029296875
01 Oct 2015,1923.8199462890625
02 Oct 2015,1951.3599853515625
05 Oct 2015,1987.050048828125
06 Oct 2015,1979.9200439453125
07 Oct 2015,1995.8299560546875
08 Oct 2015,2013.4300537109375
09 Oct 2015,2014.8900146484375
12 Oct 2015,2017.4599609375
13 Oct 2015,2003.68994140625
14 Oct 2015,1994.239990234375
15 Oct 2015,2023.8599853515625
16 Oct 2015,2033.1099853515625
19 Oct 2015,2033.6600341796875
20 Oct 2015,2030.77001953125
21 Oct 2015,2018.93994140625
22 Oct 2015,2052.510009765625
23 Oct 2015,2075.14990234375
26 Oct 2015,2071.179931640625
27 Oct 2015,2065.889892578125
28 Oct 2015,2090.35009765625
29 Oct 2015,2089.409912109375
30 Oct 2015,2079.360107421875
02 Nov 2015,2104.050048828125
03 Nov 2015,2109.7900390625
04 Nov 2015,2102.31005859375
05 Nov 2015,2099.929931640625
06 Nov 2015,2099.199951171875
09 Nov 2015,2078.580078125
10 Nov 2015,2081.719970703125
11 Nov 2015,2075.0
12 Nov 2015,2045.969970703125
13 Nov 2015,2023.0400390625
16 Nov 2015,2053.18994140625
17 Nov 2015,2050.43994140625
18 Nov 2015,2083.580078125
19 Nov 2015,2081.239990234375
20 Nov 2015,2089.169921875
23 Nov 2015,2086.590087890625
24 Nov 2015,2089.139892578125
25 Nov 2015,2088.8701171875
27 Nov 2015,2090.110107421875
30 Nov 2015,2080.409912109375
01 Dec 2015,2102.6298828125
02 Dec 2015,2079.510009765625
03 Dec 2015,2049.6201171875
04 Dec 2015,2091.68994140625
07 Dec 2015,2077.070068359375
08 Dec 2015,2063.590087890625
09 Dec 2015,2047.6199951171875
10 Dec 2015,2052.22998046875
11 Dec 2015,2012.3699951171875
14 Dec 2015,2021.93994140625
15 Dec 2015,2043.4100341796875
16 Dec 2015,2073.070068359375
17 Dec 2015,2041.8900146484375
18 Dec 2015,2005.550048828125
21 Dec 2015,2021.1500244140625
22 Dec 2015,2038.969970703125
23 Dec 2015,2064.2900390625
24 Dec 2015,2060.989990234375
28 Dec 2015,2056.5
29 Dec 2015,2078.360107421875
30 Dec 2015,2063.360107421875
31 Dec 2015,2043.93994140625
04 Jan 2016,2012.6600341796875
05 Jan 2016,2016.7099609375
06 Jan 2016,1990.260009765625
07 Jan 2016,1943.0899658203125
08 Jan 2016,1922.030029296875
11 Jan 2016,1923.6700439453125
12 Jan 2016,1938.6800537109375
13 Jan 2016,1890.280029296875
14 Jan 2016,1921.8399658203125
15 Jan 2016,1880.3299560546875
19 Jan 2016,1881.3299560546875
20 Jan 2016,1859.3299560546875
21 Jan 2016,1868.989990234375
22 Jan 2016,1906.9000244140625
25 Jan 2016,1877.0799560546875
26 Jan 2016,1903.6300048828125
27 Jan 2016,1882.949951171875
28 Jan 2016,1893.3599853515625
29 Jan 2016,1940.239990234375
01 Feb 2016,1939.3800048828125
02 Feb 2016,1903.030029296875
03 Feb 2016,1912.530029296875
04 Feb 2016,1915.449951171875
05 Feb 2016,1880.050048828125
08 Feb 2016,1853.43994140625
09 Feb 2016,1852.2099609375
10 Feb 2016,1851.8599853515625
11 Feb 2016,1829.0799560546875
12 Feb 2016,1864.780029296875
16 Feb 2016,1895.5799560546875
17 Feb 2016,1926.8199462890625
18 Feb 2016,1917.8299560546875
19 Feb 2016,1917.780029296875
22 Feb 2016,1945.5
23 Feb 2016,1921.27001953125
24 Feb 2016,1929.800048828125
25 Feb 2016,1951.699951171875
26 Feb 2016,1948.050048828125
29 Feb 2016,1932.22998046875
01 Mar 2016,1978.3499755859375
02 Mar 2016,1986.449951171875
03 Mar 2016,1993.4000244140625
04 Mar 2016,1999.989990234375
07 Mar 2016,2001.760009765625
08 Mar 2016,1979.260009765625
09 Mar 2016,1989.260009765625
10 Mar 2016,1989.5699462890625
11 Mar 2016,2022.18994140625
14 Mar 2016,2019.6400146484375
15 Mar 2016,2015.9300537109375
16 Mar 2016,2027.219970703125
17 Mar 2016,2040.5899658203125
18 Mar 2016,2049.580078125
21 Mar 2016,2051.60009765625
22 Mar 2016,2049.800048828125
23 Mar 2016,2036.7099609375
24 Mar 2016,2035.93994140625
28 Mar 2016,2037.050048828125
29 Mar 2016,2055.010009765625
30 Mar 2016,2063.949951171875
31 Mar 2016,2059.739990234375
01 Apr 2016,2072.780029296875
04 Apr 2016,2066.1298828125
05 Apr 2016,2045.1700439453125
06 Apr 2016,2066.659912109375
07 Apr 2016,2041.9100341796875
08 Apr 2016,2047.5999755859375
11 Apr 2016,2041.989990234375
12 Apr 2016,2061.719970703125
13 Apr 2016,2082.419921875
14 Apr 2016,2082.780029296875
15 Apr 2016,2080.72998046875
18 Apr 2016,2094.340087890625
19 Apr 2016,2100.800048828125
20 Apr 2016,2102.39990234375
21 Apr 2016,2091.47998046875
22 Apr 2016,2091.580078125
25 Apr 2016,2087.7900390625
26 Apr 2016,2091.699951171875
27 Apr 2016,2095.14990234375
28 Apr 2016,2075.81005859375
29 Apr 2016,2065.300048828125
02 May 2016,2081.429931640625
03 May 2016,2063.3701171875
04 May 2016,2051.1201171875
05 May 2016,2050.6298828125
06 May 2016,2057.139892578125
09 May 2016,2058.68994140625
10 May 2016,2084.389892578125
11 May 2016,2064.4599609375
12 May 2016,2064.110107421875
13 May 2016,2046.6099853515625
16 May 2016,2066.659912109375
17 May 2016,2047.2099609375
18 May 2016,2047.6300048828125
19 May 2016,2040.0400390625
20 May 2016,2052.320068359375
23 May 2016,2048.0400390625
24 May 2016,2076.06005859375
25 May 2016,2090.5400390625
26 May 2016,2090.10009765625
27 May 2016,2099.06005859375
31 May 2016,2096.949951171875
01 Jun 2016,2099.330078125
02 Jun 2016,2105.260009765625
03 Jun 2016,2099.1298828125
06 Jun 2016,2109.409912109375
07 Jun 2016,2112.1298828125
08 Jun 2016,2119.1201171875
09 Jun 2016,2115.47998046875
10 Jun 2016,2096.070068359375
13 Jun 2016,2079.06005859375
14 Jun 2016,2075.320068359375
15 Jun 2016,2071.5
16 Jun 2016,2077.989990234375
17 Jun 2016,2071.219970703125
20 Jun 2016,2083.25
21 Jun 2016,2088.89990234375
22 Jun 2016,2085.449951171875
23 Jun 2016,2113.320068359375
24 Jun 2016,2037.4100341796875
27 Jun 2016,2000.5400390625
28 Jun 2016,2036.0899658203125
29 Jun 2016,2070.77001953125
30 Jun 2016,2098.860107421875
01 Jul 2016,2102.949951171875
05 Jul 2016,2088.550048828125
06 Jul 2016,2099.72998046875
07 Jul 2016,2097.89990234375
08 Jul 2016,2129.89990234375
11 Jul 2016,2137.159912109375
12 Jul 2016,2152.139892578125
13 Jul 2016,2152.429931640625
14 Jul 2016,2163.75
15 Jul 2016,2161.739990234375
18 Jul 2016,2166.889892578125
19 Jul 2016,2163.780029296875
20 Jul 2016,2173.02001953125
21 Jul 2016,2165.169921875
22 Jul 2016,2175.030029296875
25 Jul 2016,2168.47998046875
26 Jul 2016,2169.179931640625
27 Jul 2016,2166.580078125
28 Jul 2016,2170.06005859375
29 Jul 2016,2173.60009765625
01 Aug 2016,2170.840087890625
02 Aug 2016,2157.030029296875
03 Aug 2016,2163.7900390625
04 Aug 2016,2164.25
05 Aug 2016,2182.8701171875
08 Aug 2016,2180.889892578125
09 Aug 2016,2181.739990234375
10 Aug 2016,2175.489990234375
11 Aug 2016,2185.7900390625
12 Aug 2016,2184.050048828125
15 Aug 2016,2190.14990234375
16 Aug 2016,2178.14990234375
17 Aug 2016,2182.219970703125
18 Aug 2016,2187.02001953125
19 Aug 2016,2183.8701171875
22 Aug 2016,2182.639892578125
23 Aug 2016,2186.89990234375
24 Aug 2016,2175.43994140625
25 Aug 2016,2172.469970703125
26 Aug 2016,2169.0400390625
29 Aug 2016,2180.3798828125
30 Aug 2016,2176.1201171875
31 Aug 2016,2170.949951171875
01 Sep 2016,2170.860107421875
02 Sep 2016,2179.97998046875
06 Sep 2016,2186.47998046875
07 Sep 2016,2186.159912109375
08 Sep 2016,2181.300048828125
09 Sep 2016,2127.81005859375
12 Sep 2016,2159.0400390625
13 Sep 2016,2127.02001953125
14 Sep 2016,2125.77001953125
15 Sep 2016,2147.260009765625
16 Sep 2016,2139.159912109375
19 Sep 2016,2139.1201171875
20 Sep 2016,2139.760009765625
21 Sep 2016,2163.1201171875
22 Sep 2016,2177.179931640625
23 Sep 2016,2164.68994140625
26 Sep 2016,2146.10009765625
27 Sep 2016,2159.929931640625
28 Sep 2016,2171.3701171875
29 Sep 2016,2151.1298828125
30 Sep 2016,2168.27001953125
03 Oct 2016,2161.199951171875
04 Oct 2016,2150.489990234375
05 Oct 2016,2159.72998046875
06 Oct 2016,2160.77001953125
07 Oct 2016,2153.739990234375
10 Oct 2016,2163.659912109375
11 Oct 2016,2136.72998046875
12 Oct 2016,2139.179931640625
13 Oct 2016,2132.550048828125
14 Oct 2016,2132.97998046875
17 Oct 2016,2126.5
18 Oct 2016,2139.60009765625
19 Oct 2016,2144.2900390625
20 Oct 2016,2141.340087890625
21 Oct 2016,2141.159912109375
24 Oct 2016,2151.330078125
25 Oct 2016,2143.159912109375
26 Oct 2016,2139.429931640625
27 Oct 2016,2133.0400390625
28 Oct 2016,2126.409912109375
31 Oct 2016,2126.14990234375
01 Nov 2016,2111.719970703125
02 Nov 2016,2097.93994140625
03 Nov 2016,2088.659912109375
04 Nov 2016,2085.179931640625
07 Nov 2016,2131.52001953125
08 Nov 2016,2139.56005859375
09 Nov 2016,2163.260009765625
10 Nov 2016,2167.47998046875
11 Nov 2016,2164.449951171875
14 Nov 2016,2164.199951171875
15 Nov 2016,2180.389892578125
16 Nov 2016,2176.93994140625
17 Nov 2016,2187.1201171875
18 Nov 2016,2181.89990234375
21 Nov 2016,2198.179931640625
22 Nov 2016,2202.93994140625
23 Nov 2016,2204.719970703125
25 Nov 2016,2213.35009765625
28 Nov 2016,2201.719970703125
29 Nov 2016,2204.659912109375
30 Nov 2016,2198.81005859375
01 Dec 2016,2191.080078125
02 Dec 2016,2191.949951171875
05 Dec 2016,2204.7099609375
06 Dec 2016,2212.22998046875
07 Dec 2016,2241.35009765625
08 Dec 2016,2246.18994140625
09 Dec 2016,2259.530029296875
12 Dec 2016,2256.9599609375
13 Dec 2016,2271.719970703125
14 Dec 2016,2253.280029296875
15 Dec 2016,2262.030029296875
16 Dec 2016,2258.070068359375
19 Dec 2016,2262.530029296875
20 Dec 2016,2270.760009765625
21 Dec 2016,2265.179931640625
22 Dec 2016,2260.9599609375
23 Dec 2016,2263.7900390625
27 Dec 2016,2268.8798828125
28 Dec 2016,2249.919921875
29 Dec 2016,2249.260009765625
30 Dec 2016,2238.830078125
03 Jan 2017,2257.830078125
04 Jan 2017,2270.75
05 Jan 2017,2269.0
06 Jan 2017,2276.97998046875
09 Jan 2017,2268.89990234375
10 Jan 2017,2268.89990234375
11 Jan 2017,2275.320068359375
12 Jan 2017,2270.43994140625
13 Jan 2017,2274.639892578125
17 Jan 2017,2267.889892578125
18 Jan 2017,2271.889892578125
19 Jan 2017,2263.68994140625
20 Jan 2017,2271.31005859375
23 Jan 2017,2265.199951171875
24 Jan 2017,2280.070068359375
25 Jan 2017,2298.3701171875
26 Jan 2017,2296.679931640625
27 Jan 2017,2294.68994140625
30 Jan 2017,2280.89990234375
31 Jan 2017,2278.8701171875
01 Feb 2017,2279.550048828125
02 Feb 2017,2280.85009765625
03 Feb 2017,2297.419921875
06 Feb 2017,2292.56005859375
07 Feb 2017,2293.080078125
08 Feb 2017,2294.669921875
09 Feb 2017,2307.8701171875
10 Feb 2017,2316.10009765625
13 Feb 2017,2328.25
14 Feb 2017,2337.580078125
15 Feb 2017,2349.25
16 Feb 2017,2347.219970703125
17 Feb 2017,2351.159912109375
21 Feb 2017,2365.3798828125
22 Feb 2017,2362.820068359375
23 Feb 2017,2363.81005859375
24 Feb 2017,2367.340087890625
27 Feb 2017,2369.75
28 Feb 2017,2363.639892578125
01 Mar 2017,2395.9599609375
02 Mar 2017,2381.919921875
03 Mar 2017,2383.1201171875
06 Mar 2017,2375.31005859375
07 Mar 2017,2368.389892578125
08 Mar 2017,2362.97998046875
09 Mar 2017,2364.8701171875
10 Mar 2017,2372.60009765625
13 Mar 2017,2373.469970703125
14 Mar 2017,2365.449951171875
15 Mar 2017,2385.260009765625
16 Mar 2017,2381.3798828125
17 Mar 2017,2378.25
20 Mar 2017,2373.469970703125
21 Mar 2017,2344.02001953125
22 Mar 2017,2348.449951171875
23 Mar 2017,2345.9599609375
24 Mar 2017,2343.97998046875
27 Mar 2017,2341.590087890625
28 Mar 2017,2358.570068359375
29 Mar 2017,2361.1298828125
30 Mar 2017,2368.06005859375
31 Mar 2017,2362.719970703125
03 Apr 2017,2358.840087890625
04 Apr 2017,2360.159912109375
05 Apr 2017,2352.949951171875
06 Apr 2017,2357.489990234375
07 Apr 2017,2355.5400390625
10 Apr 2017,2357.159912109375
11 Apr 2017,2353.780029296875
12 Apr 2017,2344.929931640625
13 Apr 2017,2328.949951171875
17 Apr 2017,2349.010009765625
18 Apr 2017,2342.18994140625
19 Apr 2017,2338.169921875
20 Apr 2017,2355.840087890625
21 Apr 2017,2348.68994140625
24 Apr 2017,2374.14990234375
25 Apr 2017,2388.610107421875
26 Apr 2017,2387.449951171875
27 Apr 2017,2388.77001953125
28 Apr 2017,2384.199951171875
01 May 2017,2388.330078125
02 May 2017,2391.169921875
03 May 2017,2388.1298828125
04 May 2017,2389.52001953125
05 May 2017,2399.2900390625
08 May 2017,2399.3798828125
09 May 2017,2396.919921875
10 May 2017,2399.6298828125
11 May 2017,2394.43994140625
12 May 2017,2390.89990234375
15 May 2017,2402.320068359375
16 May 2017,2400.669921875
17 May 2017,2357.030029296875
18 May 2017,2365.719970703125
19 May 2017,2381.72998046875
22 May 2017,2394.02001953125
23 May 2017,2398.419921875
24 May 2017,2404.389892578125
25 May 2017,2415.070068359375
26 May 2017,2415.820068359375
30 May 2017,2412.909912109375
31 May 2017,2411.800048828125
01 Jun 2017,2430.06005859375
02 Jun 2017,2439.070068359375
05 Jun 2017,2436.10009765625
06 Jun 2017,2429.330078125
07 Jun 2017,2433.139892578125
08 Jun 2017,2433.7900390625
09 Jun 2017,2431.77001953125
12 Jun 2017,2429.389892578125
13 Jun 2017,2440.35009765625
14 Jun 2017,2437.919921875
15 Jun 2017,2432.4599609375
16 Jun 2017,2433.14990234375
19 Jun 2017,2453.4599609375
20 Jun 2017,2437.030029296875
21 Jun 2017,2435.610107421875
22 Jun 2017,2434.5
23 Jun 2017,2438.300048828125
26 Jun 2017,2439.070068359375
27 Jun 2017,2419.3798828125
28 Jun 2017,2440.68994140625
29 Jun 2017,2419.699951171875
30 Jun 2017,2423.409912109375
03 Jul 2017,2429.010009765625
05 Jul 2017,2432.5400390625
06 Jul 2017,2409.75
07 Jul 2017,2425.179931640625
10 Jul 2017,2427.429931640625
11 Jul 2017,2425.530029296875
12 Jul 2017,2443.25
13 Jul 2017,2447.830078125
14 Jul 2017,2459.27001953125
17 Jul 2017,2459.139892578125
18 Jul 2017,2460.610107421875
19 Jul 2017,2473.830078125
20 Jul 2017,2473.449951171875
21 Jul 2017,2472.5400390625
24 Jul 2017,2469.909912109375
25 Jul 2017,2477.1298828125
26 Jul 2017,2477.830078125
27 Jul 2017,2475.419921875
28 Jul 2017,2472.10009765625
31 Jul 2017,2470.300048828125
01 Aug 2017,2476.35009765625
02 Aug 2017,2477.570068359375
03 Aug 2017,2472.159912109375
04 Aug 2017,2476.830078125
07 Aug 2017,2480.909912109375
08 Aug 2017,2474.919921875
09 Aug 2017,2474.02001953125
10 Aug 2017,2438.2099609375
11 Aug 2017,2441.320068359375
14 Aug 2017,2465.840087890625
15 Aug 2017,2464.610107421875
16 Aug 2017,2468.110107421875
17 Aug 2017,2430.010009765625
18 Aug 2017,2425.550048828125
21 Aug 2017,2428.3701171875
22 Aug 2017,2452.510009765625
23 Aug 2017,2444.0400390625
24 Aug 2017,2438.969970703125
25 Aug 2017,2443.050048828125
28 Aug 2017,2444.239990234375
29 Aug 2017,2446.300048828125
30 Aug 2017,2457.590087890625
31 Aug 2017,2471.64990234375
01 Sep 2017,2476.550048828125
05 Sep 2017,2457.85009765625
06 Sep 2017,2465.5400390625
07 Sep 2017,2465.10009765625
08 Sep 2017,2461.429931640625
11 Sep 2017,2488.110107421875
12 Sep 2017,2496.47998046875
13 Sep 2017,2498.3701171875
14 Sep 2017,2495.6201171875
15 Sep 2017,2500.22998046875
18 Sep 2017,2503.8701171875
19 Sep 2017,2506.64990234375
20 Sep 2017,2508.239990234375
21 Sep 2017,2500.60009765625
22 Sep 2017,2502.219970703125
25 Sep 2017,2496.659912109375
26 Sep 2017,2496.840087890625
27 Sep 2017,2507.0400390625
28 Sep 2017,2510.06005859375
29 Sep 2017,2519.360107421875
02 Oct 2017,2529.1201171875
03 Oct 2017,2534.580078125
04 Oct 2017,2537.739990234375
05 Oct 2017,2552.070068359375
06 Oct 2017,2549.330078125
09 Oct 2017,2544.72998046875
10 Oct 2017,2550.639892578125
11 Oct 2017,2555.239990234375
12 Oct 2017,2550.929931640625
13 Oct 2017,2553.169921875
16 Oct 2017,2557.639892578125
17 Oct 2017,2559.360107421875
18 Oct 2017,2561.260009765625
19 Oct 2017,2562.10009765625
20 Oct 2017,2575.2099609375
23 Oct 2017,2564.97998046875
24 Oct 2017,2569.1298828125
25 Oct 2017,2557.14990234375
26 Oct 2017,2560.39990234375
27 Oct 2017,2581.070068359375
30 Oct 2017,2572.830078125
31 Oct 2017,2575.260009765625
01 Nov 2017,2579.360107421875
02 Nov 2017,2579.85009765625
03 Nov 2017,2587.840087890625
06 Nov 2017,2591.1298828125
07 Nov 2017,2590.639892578125
08 Nov 2017,2594.3798828125
09 Nov 2017,2584.6201171875
10 Nov 2017,2582.300048828125
13 Nov 2017,2584.840087890625
14 Nov 2017,2578.8701171875
15 Nov 2017,2564.6201171875
16 Nov 2017,2585.639892578125
17 Nov 2017,2578.85009765625
20 Nov 2017,2582.139892578125
21 Nov 2017,2599.030029296875
22 Nov 2017,2597.080078125
24 Nov 2017,2602.419921875
27 Nov 2017,2601.419921875
28 Nov 2017,2627.0400390625
29 Nov 2017,2626.070068359375
30 Nov 2017,2647.580078125
01 Dec 2017,2642.219970703125
04 Dec 2017,2639.43994140625
05 Dec 2017,2629.570068359375
06 Dec 2017,2629.27001953125
07 Dec 2017,2636.97998046875
08 Dec 2017,2651.5
11 Dec 2017,2659.989990234375
12 Dec 2017,2664.110107421875
13 Dec 2017,2662.85009765625
14 Dec 2017,2652.010009765625
15 Dec 2017,2675.81005859375
18 Dec 2017,2690.159912109375
19 Dec 2017,2681.469970703125
20 Dec 2017,2679.25
21 Dec 2017,2684.570068359375
22 Dec 2017,2683.340087890625
26 Dec 2017,2680.5
27 Dec 2017,2682.6201171875
28 Dec 2017,2687.5400390625
29 Dec 2017,2673.610107421875
02 Jan 2018,2695.81005859375
03 Jan 2018,2713.06005859375
04 Jan 2018,2723.989990234375
05 Jan 2018,2743.14990234375
08 Jan 2018,2747.7099609375
09 Jan 2018,2751.2900390625
10 Jan 2018,2748.22998046875
11 Jan 2018,2767.56005859375
12 Jan 2018,2786.239990234375
16 Jan 2018,2776.419921875
17 Jan 2018,2802.56005859375
18 Jan 2018,2798.030029296875
19 Jan 2018,2810.300048828125
22 Jan 2018,2832.969970703125
23 Jan 2018,2839.1298828125
24 Jan 2018,2837.5400390625
25 Jan 2018,2839.25
26 Jan 2018,2872.8701171875
29 Jan 2018,2853.530029296875
30 Jan 2018,2822.429931640625
31 Jan 2018,2823.81005859375
01 Feb 2018,2821.97998046875
02 Feb 2018,2762.1298828125
05 Feb 2018,2648.93994140625
06 Feb 2018,2695.139892578125
07 Feb 2018,2681.659912109375
08 Feb 2018,2581.0
09 Feb 2018,2619.550048828125
12 Feb 2018,2656.0
13 Feb 2018,2662.93994140625
14 Feb 2018,2698.6298828125
15 Feb 2018,2731.199951171875
16 Feb 2018,2732.219970703125
20 Feb 2018,2716.260009765625
21 Feb 2018,2701.330078125
22 Feb 2018,2703.9599609375
23 Feb 2018,2747.300048828125
26 Feb 2018,2779.60009765625
27 Feb 2018,2744.280029296875
28 Feb 2018,2713.830078125
01 Mar 2018,2677.669921875
02 Mar 2018,2691.25
05 Mar 2018,2720.93994140625
06 Mar 2018,2728.1201171875
07 Mar 2018,2726.800048828125
08 Mar 2018,2738.969970703125
09 Mar 2018,2786.570068359375
12 Mar 2018,2783.02001953125
13 Mar 2018,2765.31005859375
14 Mar 2018,2749.47998046875
15 Mar 2018,2747.330078125
16 Mar 2018,2752.010009765625
19 Mar 2018,2712.919921875
20 Mar 2018,2716.93994140625
21 Mar 2018,2711.929931640625
22 Mar 2018,2643.68994140625
23 Mar 2018,2588.260009765625
26 Mar 2018,2658.550048828125
27 Mar 2018,2612.6201171875
28 Mar 2018,2605.0
29 Mar 2018,2640.8701171875
02 Apr 2018,2581.8798828125
03 Apr 2018,2614.449951171875
04 Apr 2018,2644.68994140625
05 Apr 2018,2662.840087890625
06 Apr 2018,2604.469970703125
09 Apr 2018,2613.159912109375
10 Apr 2018,2656.8701171875
11 Apr 2018,2642.18994140625
12 Apr 2018,2663.989990234375
13 Apr 2018,2656.300048828125
16 Apr 2018,2677.840087890625
17 Apr 2018,2706.389892578125
18 Apr 2018,2708.639892578125
19 Apr 2018,2693.1298828125
20 Apr 2018,2670.139892578125
23 Apr 2018,2670.2900390625
24 Apr 2018,2634.56005859375
25 Apr 2018,2639.39990234375
26 Apr 2018,2666.93994140625
27 Apr 2018,2669.909912109375
30 Apr 2018,2648.050048828125
01 May 2018,2654.800048828125
02 May 2018,2635.669921875
03 May 2018,2629.72998046875
04 May 2018,2663.419921875
07 May 2018,2672.6298828125
08 May 2018,2671.919921875
09 May 2018,2697.7900390625
10 May 2018,2723.070068359375
11 May 2018,2727.719970703125
14 May 2018,2730.1298828125
15 May 2018,2711.449951171875
16 May 2018,2722.4599609375
17 May 2018,2720.1298828125
18 May 2018,2712.969970703125
21 May 2018,2733.010009765625
22 May 2018,2724.43994140625
23 May 2018,2733.2900390625
24 May 2018,2727.760009765625
25 May 2018,2721.330078125
29 May 2018,2689.860107421875
30 May 2018,2724.010009765625
31 May 2018,2705.27001953125
01 Jun 2018,2734.6201171875
04 Jun 2018,2746.8701171875
05 Jun 2018,2748.800048828125
06 Jun 2018,2772.35009765625
07 Jun 2018,2770.3701171875
08 Jun 2018,2779.030029296875
11 Jun 2018,2782.0
12 Jun 2018,2786.85009765625
13 Jun 2018,2775.6298828125
14 Jun 2018,2782.489990234375
15 Jun 2018,2779.659912109375
18 Jun 2018,2773.75
19 Jun 2018,2762.590087890625
20 Jun 2018,2767.320068359375
21 Jun 2018,2749.760009765625
22 Jun 2018,2754.8798828125
25 Jun 2018,2717.070068359375
26 Jun 2018,2723.06005859375
27 Jun 2018,2699.6298828125
28 Jun 2018,2716.31005859375
29 Jun 2018,2718.3701171875
02 Jul 2018,2726.7099609375
03 Jul 2018,2713.219970703125
05 Jul 2018,2736.610107421875
06 Jul 2018,2759.820068359375
09 Jul 2018,2784.169921875
10 Jul 2018,2793.840087890625
11 Jul 2018,2774.02001953125
12 Jul 2018,2798.2900390625
13 Jul 2018,2801.31005859375
16 Jul 2018,2798.429931640625
17 Jul 2018,2809.550048828125
18 Jul 2018,2815.6201171875
19 Jul 2018,2804.489990234375
20 Jul 2018,2801.830078125
23 Jul 2018,2806.97998046875
24 Jul 2018,2820.39990234375
25 Jul 2018,2846.070068359375
26 Jul 2018,2837.43994140625
27 Jul 2018,2818.820068359375
30 Jul 2018,2802.60009765625
31 Jul 2018,2816.2900390625
01 Aug 2018,2813.360107421875
02 Aug 2018,2827.219970703125
03 Aug 2018,2840.35009765625
06 Aug 2018,2850.39990234375
07 Aug 2018,2858.449951171875
08 Aug 2018,2857.699951171875
09 Aug 2018,2853.580078125
10 Aug 2018,2833.280029296875
13 Aug 2018,2821.929931640625
14 Aug 2018,2839.9599609375
15 Aug 2018,2818.3701171875
16 Aug 2018,2840.68994140625
17 Aug 2018,2850.1298828125
20 Aug 2018,2857.050048828125
21 Aug 2018,2862.9599609375
22 Aug 2018,2861.820068359375
23 Aug 2018,2856.97998046875
24 Aug 2018,2874.68994140625
27 Aug 2018,2896.739990234375
28 Aug 2018,2897.52001953125
29 Aug 2018,2914.0400390625
30 Aug 2018,2901.1298828125
31 Aug 2018,2901.52001953125
04 Sep 2018,2896.719970703125
05 Sep 2018,2888.60009765625
06 Sep 2018,2878.050048828125
07 Sep 2018,2871.679931640625
10 Sep 2018,2877.1298828125
11 Sep 2018,2887.889892578125
12 Sep 2018,2888.919921875
13 Sep 2018,2904.179931640625
14 Sep 2018,2904.97998046875
17 Sep 2018,2888.800048828125
18 Sep 2018,2904.31005859375
19 Sep 2018,2907.949951171875
20 Sep 2018,2930.75
21 Sep 2018,2929.669921875
24 Sep 2018,2919.3701171875
25 Sep 2018,2915.56005859375
26 Sep 2018,2905.969970703125
27 Sep 2018,2914.0
28 Sep 2018,2913.97998046875
01 Oct 2018,2924.590087890625
02 Oct 2018,2923.429931640625
03 Oct 2018,2925.510009765625
04 Oct 2018,2901.610107421875
05 Oct 2018,2885.570068359375
08 Oct 2018,2884.429931640625
09 Oct 2018,2880.340087890625
10 Oct 2018,2785.679931640625
11 Oct 2018,2728.3701171875
12 Oct 2018,2767.1298828125
15 Oct 2018,2750.7900390625
16 Oct 2018,2809.919921875
17 Oct 2018,2809.2099609375
18 Oct 2018,2768.780029296875
19 Oct 2018,2767.780029296875
22 Oct 2018,2755.8798828125
23 Oct 2018,2740.68994140625
24 Oct 2018,2656.10009765625
25 Oct 2018,2705.570068359375
26 Oct 2018,2658.68994140625
29 Oct 2018,2641.25
30 Oct 2018,2682.6298828125
31 Oct 2018,2711.739990234375
01 Nov 2018,2740.3701171875
02 Nov 2018,2723.06005859375
05 Nov 2018,2738.31005859375
06 Nov 2018,2755.449951171875
07 Nov 2018,2813.889892578125
08 Nov 2018,2806.830078125
09 Nov 2018,2781.010009765625
12 Nov 2018,2726.219970703125
13 Nov 2018,2722.179931640625
14 Nov 2018,2701.580078125
15 Nov 2018,2730.199951171875
16 Nov 2018,2736.27001953125
19 Nov 2018,2690.72998046875
20 Nov 2018,2641.889892578125
21 Nov 2018,2649.929931640625
23 Nov 2018,2632.56005859375
26 Nov 2018,2673.449951171875
27 Nov 2018,2682.169921875
28 Nov 2018,2743.7900390625
29 Nov 2018,2737.800048828125
30 Nov 2018,2760.169921875
03 Dec 2018,2790.3701171875
04 Dec 2018,2700.06005859375
06 Dec 2018,2695.949951171875
07 Dec 2018,2633.080078125
10 Dec 2018,2637.719970703125
11 Dec 2018,2636.780029296875
12 Dec 2018,2651.070068359375
13 Dec 2018,2650.5400390625
14 Dec 2018,2599.949951171875
17 Dec 2018,2545.93994140625
18 Dec 2018,2546.159912109375
19 Dec 2018,2506.9599609375
20 Dec 2018,2467.419921875
21 Dec 2018,2416.6201171875
24 Dec 2018,2351.10009765625
26 Dec 2018,2467.699951171875
27 Dec 2018,2488.830078125
28 Dec 2018,2485.739990234375
31 Dec 2018,2506.85009765625
02 Jan 2019,2510.030029296875
03 Jan 2019,2447.889892578125
04 Jan 2019,2531.93994140625
07 Jan 2019,2549.68994140625
08 Jan 2019,2574.409912109375
09 Jan 2019,2584.9599609375
10 Jan 2019,2596.639892578125
11 Jan 2019,2596.260009765625
14 Jan 2019,2582.610107421875
15 Jan 2019,2610.300048828125
16 Jan 2019,2616.10009765625
17 Jan 2019,2635.9599609375
18 Jan 2019,2670.7099609375
22 Jan 2019,2632.89990234375
23 Jan 2019,2638.699951171875
24 Jan 2019,2642.330078125
25 Jan 2019,2664.760009765625
28 Jan 2019,2643.85009765625
29 Jan 2019,2640.0
30 Jan 2019,2681.050048828125
31 Jan 2019,2704.10009765625
01 Feb 2019,2706.530029296875
04 Feb 2019,2724.8701171875
05 Feb 2019,2737.699951171875
06 Feb 2019,2731.610107421875
07 Feb 2019,2706.050048828125
08 Feb 2019,2707.8798828125
11 Feb 2019,2709.800048828125
12 Feb 2019,2744.72998046875
13 Feb 2019,2753.030029296875
14 Feb 2019,2745.72998046875
15 Feb 2019,2775.60009765625
19 Feb 2019,2779.760009765625
20 Feb 2019,2784.699951171875
21 Feb 2019,2774.8798828125
22 Feb 2019,2792.669921875
25 Feb 2019,2796.110107421875
26 Feb 2019,2793.89990234375
27 Feb 2019,2792.3798828125
28 Feb 2019,2784.489990234375
01 Mar 2019,2803.68994140625
04 Mar 2019,2792.81005859375
05 Mar 2019,2789.64990234375
06 Mar 2019,2771.449951171875
07 Mar 2019,2748.929931640625
08 Mar 2019,2743.070068359375
11 Mar 2019,2783.300048828125
12 Mar 2019,2791.52001953125
13 Mar 2019,2810.919921875
14 Mar 2019,2808.47998046875
15 Mar 2019,2822.47998046875
18 Mar 2019,2832.93994140625
19 Mar 2019,2832.570068359375
20 Mar 2019,2824.22998046875
21 Mar 2019,2854.8798828125
22 Mar 2019,2800.7099609375
25 Mar 2019,2798.360107421875
26 Mar 2019,2818.4599609375
27 Mar 2019,2805.3701171875
28 Mar 2019,2815.43994140625
29 Mar 2019,2834.39990234375
01 Apr 2019,2867.18994140625
02 Apr 2019,2867.239990234375
03 Apr 2019,2873.39990234375
04 Apr 2019,2879.389892578125
05 Apr 2019,2892.739990234375
08 Apr 2019,2895.77001953125
09 Apr 2019,2878.199951171875
10 Apr 2019,2888.2099609375
11 Apr 2019,2888.320068359375
12 Apr 2019,2907.409912109375
15 Apr 2019,2905.580078125
16 Apr 2019,2907.06005859375
17 Apr 2019,2900.449951171875
18 Apr 2019,2905.030029296875
22 Apr 2019,2907.969970703125
23 Apr 2019,2933.679931640625
24 Apr 2019,2927.25
25 Apr 2019,2926.169921875
26 Apr 2019,2939.8798828125
29 Apr 2019,2943.030029296875
30 Apr 2019,2945.830078125
01 May 2019,2923.72998046875
02 May 2019,2917.52001953125
03 May 2019,2945.639892578125
06 May 2019,2932.469970703125
07 May 2019,2884.050048828125
08 May 2019,2879.419921875
09 May 2019,2870.719970703125
10 May 2019,2881.39990234375
13 May 2019,2811.8701171875
14 May 2019,2834.409912109375
15 May 2019,2850.9599609375
16 May 2019,2876.320068359375
17 May 2019,2859.530029296875
20 May 2019,2840.22998046875
21 May 2019,2864.360107421875
22 May 2019,2856.27001953125
23 May 2019,2822.239990234375
24 May 2019,2826.06005859375
28 May 2019,2802.389892578125
29 May 2019,2783.02001953125
30 May 2019,2788.860107421875
31 May 2019,2752.06005859375
03 Jun 2019,2744.449951171875
04 Jun 2019,2803.27001953125
05 Jun 2019,2826.14990234375
06 Jun 2019,2843.489990234375
07 Jun 2019,2873.340087890625
10 Jun 2019,2886.72998046875
11 Jun 2019,2885.719970703125
12 Jun 2019,2879.840087890625
13 Jun 2019,2891.639892578125
14 Jun 2019,2886.97998046875
17 Jun 2019,2889.669921875
18 Jun 2019,2917.75
19 Jun 2019,2926.4599609375
20 Jun 2019,2954.179931640625
21 Jun 2019,2950.4599609375
24 Jun 2019,2945.35009765625
25 Jun 2019,2917.3798828125
26 Jun 2019,2913.780029296875
27 Jun 2019,2924.919921875
28 Jun 2019,2941.760009765625
01 Jul 2019,2964.330078125
02 Jul 2019,2973.010009765625
03 Jul 2019,2995.820068359375
05 Jul 2019,2990.409912109375
08 Jul 2019,2975.949951171875
09 Jul 2019,2979.6298828125
10 Jul 2019,2993.070068359375
11 Jul 2019,2999.909912109375
12 Jul 2019,3013.77001953125
15 Jul 2019,3014.300048828125
16 Jul 2019,3004.0400390625
17 Jul 2019,2984.419921875
18 Jul 2019,2995.110107421875
19 Jul 2019,2976.610107421875
22 Jul 2019,2985.030029296875
23 Jul 2019,3005.469970703125
24 Jul 2019,3019.56005859375
25 Jul 2019,3003.669921875
26 Jul 2019,3025.860107421875
29 Jul 2019,3020.969970703125
30 Jul 2019,3013.179931640625
31 Jul 2019,2980.3798828125
01 Aug 2019,2953.56005859375
02 Aug 2019,2932.050048828125
05 Aug 2019,2844.739990234375
06 Aug 2019,2881.77001953125
07 Aug 2019,2883.97998046875
08 Aug 2019,2938.090087890625
09 Aug 2019,2918.64990234375
12 Aug 2019,2882.699951171875
13 Aug 2019,2926.320068359375
14 Aug 2019,2840.60009765625
15 Aug 2019,2847.60009765625
16 Aug 2019,2888.679931640625
19 Aug 2019,2923.64990234375
20 Aug 2019,2900.510009765625
21 Aug 2019,2924.429931640625
22 Aug 2019,2922.949951171875
23 Aug 2019,2847.110107421875
26 Aug 2019,2878.3798828125
27 Aug 2019,2869.159912109375
28 Aug 2019,2887.93994140625
29 Aug 2019,2924.580078125
30 Aug 2019,2926.4599609375
03 Sep 2019,2906.27001953125
04 Sep 2019,2937.780029296875
05 Sep 2019,2976.0
06 Sep 2019,2978.7099609375
09 Sep 2019,2978.429931640625
10 Sep 2019,2979.389892578125
11 Sep 2019,3000.929931640625
12 Sep 2019,3009.570068359375
13 Sep 2019,3007.389892578125
16 Sep 2019,2997.9599609375
17 Sep 2019,3005.699951171875
18 Sep 2019,3006.72998046875
19 Sep 2019,3006.7900390625
20 Sep 2019,2992.070068359375
23 Sep 2019,2991.780029296875
24 Sep 2019,2966.60009765625
25 Sep 2019,2984.8701171875
26 Sep 2019,2977.6201171875
27 Sep 2019,2961.7900390625
30 Sep 2019,2976.739990234375
01 Oct 2019,2940.25
02 Oct 2019,2887.610107421875
03 Oct 2019,2910.6298828125
04 Oct 2019,2952.010009765625
07 Oct 2019,2938.7900390625
08 Oct 2019,2893.06005859375
09 Oct 2019,2919.39990234375
10 Oct 2019,2938.1298828125
11 Oct 2019,2970.27001953125
14 Oct 2019,2966.14990234375
15 Oct 2019,2995.679931640625
16 Oct 2019,2989.68994140625
17 Oct 2019,2997.949951171875
18 Oct 2019,2986.199951171875
21 Oct 2019,3006.719970703125
22 Oct 2019,2995.989990234375
23 Oct 2019,3004.52001953125
24 Oct 2019,3010.2900390625
25 Oct 2019,3022.550048828125
28 Oct 2019,3039.419921875
29 Oct 2019,3036.889892578125
30 Oct 2019,3046.77001953125
31 Oct 2019,3037.56005859375
01 Nov 2019,3066.909912109375
04 Nov 2019,3078.27001953125
05 Nov 2019,3074.6201171875
06 Nov 2019,3076.780029296875
07 Nov 2019,3085.179931640625
08 Nov 2019,3093.080078125
11 Nov 2019,3087.010009765625
12 Nov 2019,3091.840087890625
13 Nov 2019,3094.0400390625
14 Nov 2019,3096.6298828125
15 Nov 2019,3120.4599609375
18 Nov 2019,3122.030029296875
19 Nov 2019,3120.179931640625
20 Nov 2019,3108.4599609375
21 Nov 2019,3103.5400390625
22 Nov 2019,3110.2900390625
25 Nov 2019,3133.639892578125
26 Nov 2019,3140.52001953125
27 Nov 2019,3153.6298828125
29 Nov 2019,3140.97998046875
02 Dec 2019,3113.8701171875
03 Dec 2019,3093.199951171875
04 Dec 2019,3112.760009765625
05 Dec 2019,3117.429931640625
06 Dec 2019,3145.909912109375
09 Dec 2019,3135.9599609375
10 Dec 2019,3132.52001953125
11 Dec 2019,3141.6298828125
12 Dec 2019,3168.570068359375
13 Dec 2019,3168.800048828125
16 Dec 2019,3191.449951171875
17 Dec 2019,3192.52001953125
18 Dec 2019,3191.139892578125
19 Dec 2019,3205.3701171875
20 Dec 2019,3221.219970703125
23 Dec 2019,3224.010009765625
24 Dec 2019,3223.3798828125
26 Dec 2019,3239.909912109375
27 Dec 2019,3240.02001953125
30 Dec 2019,3221.2900390625
31 Dec 2019,3230.780029296875
02 Jan 2020,3257.85009765625
03 Jan 2020,3234.85009765625
06 Jan 2020,3246.280029296875
07 Jan 2020,3237.179931640625
08 Jan 2020,3253.050048828125
09 Jan 2020,3274.699951171875
10 Jan 2020,3265.35009765625
13 Jan 2020,3288.1298828125
14 Jan 2020,3283.14990234375
15 Jan 2020,3289.2900390625
16 Jan 2020,3316.81005859375
17 Jan 2020,3329.6201171875
21 Jan 2020,3320.7900390625
22 Jan 2020,3321.75
23 Jan 2020,3325.5400390625
24 Jan 2020,3295.469970703125
27 Jan 2020,3243.6298828125
28 Jan 2020,3276.239990234375
29 Jan 2020,3273.39990234375
30 Jan 2020,3283.659912109375
31 Jan 2020,3225.52001953125
03 Feb 2020,3248.919921875
04 Feb 2020,3297.590087890625
05 Feb 2020,3334.68994140625
06 Feb 2020,3345.780029296875
07 Feb 2020,3327.7099609375
10 Feb 2020,3352.090087890625
11 Feb 2020,3357.75
12 Feb 2020,3379.449951171875
13 Feb 2020,3373.93994140625
14 Feb 2020,3380.159912109375
18 Feb 2020,3370.2900390625
19 Feb 2020,3386.14990234375
20 Feb 2020,3373.22998046875
21 Feb 2020,3337.75
24 Feb 2020,3225.889892578125
25 Feb 2020,3128.2099609375
26 Feb 2020,3116.389892578125
27 Feb 2020,2978.760009765625
28 Feb 2020,2954.219970703125
02 Mar 2020,3090.22998046875
03 Mar 2020,3003.3701171875
04 Mar 2020,3130.1201171875
05 Mar 2020,3023.93994140625
06 Mar 2020,2972.3701171875
09 Mar 2020,2746.56005859375
10 Mar 2020,2882.22998046875
11 Mar 2020,2741.3798828125
12 Mar 2020,2480.639892578125
13 Mar 2020,2711.02001953125
16 Mar 2020,2386.1298828125
17 Mar 2020,2529.18994140625
18 Mar 2020,2398.10009765625
19 Mar 2020,2409.389892578125
20 Mar 2020,2304.919921875
23 Mar 2020,2237.39990234375
24 Mar 2020,2447.330078125
25 Mar 2020,2475.56005859375
26 Mar 2020,2630.070068359375
27 Mar 2020,2541.469970703125
30 Mar 2020,2626.64990234375
31 Mar 2020,2584.590087890625
01 Apr 2020,2470.5
02 Apr 2020,2526.89990234375
03 Apr 2020,2488.64990234375
06 Apr 2020,2663.679931640625
07 Apr 2020,2659.409912109375
08 Apr 2020,2749.97998046875
09 Apr 2020,2789.820068359375
13 Apr 2020,2761.6298828125
14 Apr 2020,2846.06005859375
15 Apr 2020,2783.360107421875
16 Apr 2020,2799.550048828125
17 Apr 2020,2874.56005859375
20 Apr 2020,2823.159912109375
21 Apr 2020,2736.56005859375
22 Apr 2020,2799.31005859375
23 Apr 2020,2797.800048828125
24 Apr 2020,2836.739990234375
27 Apr 2020,2878.47998046875
28 Apr 2020,2863.389892578125
29 Apr 2020,2939.510009765625
30 Apr 2020,2912.429931640625
01 May 2020,2830.7099609375
04 May 2020,2842.739990234375
05 May 2020,2868.43994140625
06 May 2020,2848.419921875
07 May 2020,2881.18994140625
08 May 2020,2929.800048828125
11 May 2020,2930.18994140625
12 May 2020,2870.1201171875
13 May 2020,2820.0
14 May 2020,2852.5
15 May 2020,2863.699951171875
18 May 2020,2953.909912109375
19 May 2020,2922.93994140625
20 May 2020,2971.610107421875
21 May 2020,2948.510009765625
22 May 2020,2955.449951171875
26 May 2020,2991.77001953125
27 May 2020,3036.1298828125
28 May 2020,3029.72998046875
29 May 2020,3044.31005859375
01 Jun 2020,3055.72998046875
02 Jun 2020,3080.820068359375
03 Jun 2020,3122.8701171875
04 Jun 2020,3112.35009765625
05 Jun 2020,3193.929931640625
08 Jun 2020,3232.389892578125
09 Jun 2020,3207.179931640625
10 Jun 2020,3190.139892578125
11 Jun 2020,3002.10009765625
12 Jun 2020,3041.31005859375
15 Jun 2020,3066.590087890625
16 Jun 2020,3124.739990234375
17 Jun 2020,3113.489990234375
18 Jun 2020,3115.340087890625
19 Jun 2020,3097.739990234375
22 Jun 2020,3117.860107421875
23 Jun 2020,3131.2900390625
24 Jun 2020,3050.330078125
25 Jun 2020,3083.760009765625
26 Jun 2020,3009.050048828125
29 Jun 2020,3053.239990234375
30 Jun 2020,3100.2900390625
01 Jul 2020,3115.860107421875
02 Jul 2020,3130.010009765625
06 Jul 2020,3179.719970703125
07 Jul 2020,3145.320068359375
08 Jul 2020,3169.93994140625
09 Jul 2020,3152.050048828125
10 Jul 2020,3185.0400390625
13 Jul 2020,3155.219970703125
14 Jul 2020,3197.52001953125
15 Jul 2020,3226.56005859375
16 Jul 2020,3215.570068359375
17 Jul 2020,3224.72998046875
20 Jul 2020,3251.840087890625
21 Jul 2020,3257.300048828125
22 Jul 2020,3276.02001953125
23 Jul 2020,3235.659912109375
24 Jul 2020,3215.6298828125
27 Jul 2020,3239.409912109375
28 Jul 2020,3218.43994140625
29 Jul 2020,3258.43994140625
30 Jul 2020,3246.219970703125
31 Jul 2020,3271.1201171875
03 Aug 2020,3294.610107421875
04 Aug 2020,3306.510009765625
05 Aug 2020,3327.77001953125
06 Aug 2020,3349.159912109375
07 Aug 2020,3351.280029296875
10 Aug 2020,3360.469970703125
11 Aug 2020,3333.68994140625
12 Aug 2020,3380.35009765625
13 Aug 2020,3373.429931640625
14 Aug 2020,3372.85009765625
17 Aug 2020,3381.989990234375
18 Aug 2020,3389.780029296875
19 Aug 2020,3374.85009765625
20 Aug 2020,3385.510009765625
21 Aug 2020,3397.159912109375
24 Aug 2020,3431.280029296875
25 Aug 2020,3443.6201171875
26 Aug 2020,3478.72998046875
27 Aug 2020,3484.550048828125
28 Aug 2020,3508.010009765625
31 Aug 2020,3500.31005859375
01 Sep 2020,3526.64990234375
02 Sep 2020,3580.840087890625
03 Sep 2020,3455.06005859375
04 Sep 2020,3426.9599609375
08 Sep 2020,3331.840087890625
09 Sep 2020,3398.9599609375
10 Sep 2020,3339.18994140625
11 Sep 2020,3340.969970703125
14 Sep 2020,3383.5400390625
15 Sep 2020,3401.199951171875
16 Sep 2020,3385.489990234375
17 Sep 2020,3357.010009765625
18 Sep 2020,3319.469970703125
21 Sep 2020,3281.06005859375
22 Sep 2020,3315.570068359375
23 Sep 2020,3236.919921875
24 Sep 2020,3246.590087890625
25 Sep 2020,3298.4599609375
28 Sep 2020,3351.60009765625
29 Sep 2020,3335.469970703125
30 Sep 2020,3363.0
01 Oct 2020,3380.800048828125
02 Oct 2020,3348.419921875
05 Oct 2020,3408.60009765625
06 Oct 2020,3360.969970703125
07 Oct 2020,3419.43994140625
08 Oct 2020,3446.830078125
09 Oct 2020,3477.139892578125
12 Oct 2020,3534.219970703125
13 Oct 2020,3511.929931640625
14 Oct 2020,3488.669921875
15 Oct 2020,3483.340087890625
16 Oct 2020,3483.81005859375
19 Oct 2020,3426.919921875
20 Oct 2020,3443.1201171875
21 Oct 2020,3435.56005859375
22 Oct 2020,3453.489990234375
23 Oct 2020,3465.389892578125
26 Oct 2020,3400.969970703125
27 Oct 2020,3390.679931640625
28 Oct 2020,3271.030029296875
29 Oct 2020,3310.110107421875
30 Oct 2020,3269.9599609375
02 Nov 2020,3310.239990234375
03 Nov 2020,3369.159912109375
04 Nov 2020,3443.43994140625
05 Nov 2020,3510.449951171875
06 Nov 2020,3509.43994140625
09 Nov 2020,3550.5
10 Nov 2020,3545.530029296875
11 Nov 2020,3572.659912109375
12 Nov 2020,3537.010009765625
13 Nov 2020,3585.14990234375
16 Nov 2020,3626.909912109375
17 Nov 2020,3609.530029296875
18 Nov 2020,3567.7900390625
19 Nov 2020,3581.8701171875
20 Nov 2020,3557.5400390625
23 Nov 2020,3577.590087890625
24 Nov 2020,3635.409912109375
25 Nov 2020,3629.64990234375
27 Nov 2020,3638.35009765625
30 Nov 2020,3621.6298828125
01 Dec 2020,3662.449951171875
02 Dec 2020,3669.010009765625
03 Dec 2020,3666.719970703125
04 Dec 2020,3699.1201171875
07 Dec 2020,3691.9599609375
08 Dec 2020,3702.25
09 Dec 2020,3672.820068359375
10 Dec 2020,3668.10009765625
11 Dec 2020,3663.4599609375
14 Dec 2020,3647.489990234375
15 Dec 2020,3694.6201171875
16 Dec 2020,3701.169921875
17 Dec 2020,3722.47998046875
18 Dec 2020,3709.409912109375
21 Dec 2020,3694.919921875
22 Dec 2020,3687.260009765625
23 Dec 2020,3690.010009765625
24 Dec 2020,3703.06005859375
28 Dec 2020,3735.360107421875
29 Dec 2020,3727.0400390625
30 Dec 2020,3732.0400390625
31 Dec 2020,3756.070068359375
04 Jan 2021,3700.64990234375
05 Jan 2021,3726.860107421875
06 Jan 2021,3748.139892578125
07 Jan 2021,3803.7900390625
08 Jan 2021,3824.679931640625
11 Jan 2021,3799.610107421875
12 Jan 2021,3801.18994140625
13 Jan 2021,3809.840087890625
14 Jan 2021,3795.5400390625
15 Jan 2021,3768.25
19 Jan 2021,3798.909912109375
20 Jan 2021,3851.85009765625
21 Jan 2021,3853.070068359375
22 Jan 2021,3841.469970703125
25 Jan 2021,3855.360107421875
26 Jan 2021,3849.6201171875
27 Jan 2021,3750.77001953125
28 Jan 2021,3787.3798828125
29 Jan 2021,3714.239990234375
01 Feb 2021,3773.860107421875
02 Feb 2021,3826.31005859375
03 Feb 2021,3830.169921875
04 Feb 2021,3871.739990234375
05 Feb 2021,3886.830078125
08 Feb 2021,3915.590087890625
09 Feb 2021,3911.22998046875
10 Feb 2021,3909.8798828125
11 Feb 2021,3916.3798828125
12 Feb 2021,3934.830078125
16 Feb 2021,3932.590087890625
17 Feb 2021,3931.330078125
18 Feb 2021,3913.969970703125
19 Feb 2021,3906.7099609375
22 Feb 2021,3876.5
23 Feb 2021,3881.3701171875
24 Feb 2021,3925.429931640625
25 Feb 2021,3829.340087890625
26 Feb 2021,3811.14990234375
01 Mar 2021,3901.820068359375
02 Mar 2021,3870.2900390625
03 Mar 2021,3819.719970703125
04 Mar 2021,3768.469970703125
05 Mar 2021,3841.93994140625
08 Mar 2021,3821.35009765625
09 Mar 2021,3875.43994140625
10 Mar 2021,3898.81005859375
11 Mar 2021,3939.340087890625
12 Mar 2021,3943.340087890625
15 Mar 2021,3968.93994140625
16 Mar 2021,3962.7099609375
17 Mar 2021,3974.1201171875
18 Mar 2021,3915.4599609375
19 Mar 2021,3913.10009765625
22 Mar 2021,3940.590087890625
23 Mar 2021,3910.52001953125
24 Mar 2021,3889.139892578125
25 Mar 2021,3909.52001953125
26 Mar 2021,3974.5400390625
29 Mar 2021,3971.090087890625
30 Mar 2021,3958.550048828125
31 Mar 2021,3972.889892578125
01 Apr 2021,4019.8701171875
05 Apr 2021,4077.909912109375
06 Apr 2021,4073.93994140625
07 Apr 2021,4079.949951171875
08 Apr 2021,4097.169921875
09 Apr 2021,4128.7998046875
12 Apr 2021,4127.990234375
13 Apr 2021,4141.58984375
14 Apr 2021,4124.66015625
15 Apr 2021,4170.419921875
16 Apr 2021,4185.47021484375
19 Apr 2021,4163.259765625
20 Apr 2021,4134.93994140625
21 Apr 2021,4173.419921875
22 Apr 2021,4134.97998046875
23 Apr 2021,4180.169921875
26 Apr 2021,4187.6201171875
27 Apr 2021,4186.72021484375
28 Apr 2021,4183.18017578125
29 Apr 2021,4211.47021484375
30 Apr 2021,4181.169921875
03 May 2021,4192.66015625
04 May 2021,4164.66015625
05 May 2021,4167.58984375
06 May 2021,4201.6201171875
07 May 2021,4232.60009765625
10 May 2021,4188.43017578125
11 May 2021,4152.10009765625
12 May 2021,4063.0400390625
13 May 2021,4112.5
14 May 2021,4173.85009765625
17 May 2021,4163.2900390625
18 May 2021,4127.830078125
19 May 2021,4115.68017578125
20 May 2021,4159.1201171875
21 May 2021,4155.85986328125
24 May 2021,4197.0498046875
25 May 2021,4188.1298828125
26 May 2021,4195.990234375
27 May 2021,4200.8798828125
28 May 2021,4204.10986328125
01 Jun 2021,4202.0400390625
02 Jun 2021,4208.1201171875
03 Jun 2021,4192.85009765625
04 Jun 2021,4229.89013671875
07 Jun 2021,4226.52001953125
08 Jun 2021,4227.259765625
09 Jun 2021,4219.5498046875
10 Jun 2021,4239.18017578125
11 Jun 2021,4247.43994140625
14 Jun 2021,4255.14990234375
15 Jun 2021,4246.58984375
16 Jun 2021,4223.7001953125
17 Jun 2021,4221.85986328125
18 Jun 2021,4166.4501953125
21 Jun 2021,4224.7900390625
22 Jun 2021,4246.43994140625
23 Jun 2021,4241.83984375
24 Jun 2021,4266.490234375
25 Jun 2021,4280.7001953125
28 Jun 2021,4290.60986328125
29 Jun 2021,4291.7998046875
30 Jun 2021,4297.5
01 Jul 2021,4319.93994140625
02 Jul 2021,4352.33984375
06 Jul 2021,4343.5400390625
07 Jul 2021,4358.1298828125
08 Jul 2021,4320.81982421875
09 Jul 2021,4369.5498046875
12 Jul 2021,4384.6298828125
13 Jul 2021,4369.2099609375
14 Jul 2021,4374.2998046875
15 Jul 2021,4360.02978515625
16 Jul 2021,4327.16015625
19 Jul 2021,4258.490234375
20 Jul 2021,4323.06005859375
21 Jul 2021,4358.68994140625
22 Jul 2021,4367.47998046875
23 Jul 2021,4411.7900390625
26 Jul 2021,4422.2998046875
27 Jul 2021,4401.4599609375
28 Jul 2021,4400.64013671875
29 Jul 2021,4419.14990234375
30 Jul 2021,4395.259765625
02 Aug 2021,4387.16015625
03 Aug 2021,4423.14990234375
04 Aug 2021,4402.66015625
05 Aug 2021,4429.10009765625
06 Aug 2021,4436.52001953125
09 Aug 2021,4432.35009765625
10 Aug 2021,4436.75
11 Aug 2021,4442.41015625
12 Aug 2021,4460.830078125
13 Aug 2021,4468.0
16 Aug 2021,4479.7099609375
17 Aug 2021,4448.080078125
18 Aug 2021,4400.27001953125
19 Aug 2021,4405.7998046875
20 Aug 2021,4441.669921875
23 Aug 2021,4479.52978515625
24 Aug 2021,4486.22998046875
25 Aug 2021,4496.18994140625
26 Aug 2021,4470.0
27 Aug 2021,4509.3701171875
30 Aug 2021,4528.7900390625
31 Aug 2021,4522.68017578125
01 Sep 2021,4524.08984375
02 Sep 2021,4536.9501953125
03 Sep 2021,4535.43017578125
07 Sep 2021,4520.02978515625
08 Sep 2021,4514.06982421875
09 Sep 2021,4493.27978515625
10 Sep 2021,4458.580078125
13 Sep 2021,4468.72998046875
14 Sep 2021,4443.0498046875
15 Sep 2021,4480.7001953125
16 Sep 2021,4473.75
17 Sep 2021,4432.990234375
20 Sep 2021,4357.72998046875
21 Sep 2021,4354.18994140625
22 Sep 2021,4395.64013671875
23 Sep 2021,4448.97998046875
24 Sep 2021,4455.47998046875
27 Sep 2021,4443.10986328125
28 Sep 2021,4352.6298828125
29 Sep 2021,4359.4599609375
30 Sep 2021,4307.5400390625
01 Oct 2021,4357.0400390625
04 Oct 2021,4300.4599609375
05 Oct 2021,4345.72021484375
06 Oct 2021,4363.5498046875
07 Oct 2021,4399.759765625
08 Oct 2021,4391.33984375
11 Oct 2021,4361.18994140625
12 Oct 2021,4350.64990234375
13 Oct 2021,4363.7998046875
14 Oct 2021,4438.259765625
15 Oct 2021,4471.3701171875
18 Oct 2021,4486.4599609375
19 Oct 2021,4519.6298828125
20 Oct 2021,4536.18994140625
21 Oct 2021,4549.77978515625
22 Oct 2021,4544.89990234375
25 Oct 2021,4566.47998046875
26 Oct 2021,4574.7900390625
27 Oct 2021,4551.68017578125
28 Oct 2021,4596.419921875
29 Oct 2021,4605.3798828125
01 Nov 2021,4613.669921875
02 Nov 2021,4630.64990234375
03 Nov 2021,4660.56982421875
04 Nov 2021,4680.06005859375
05 Nov 2021,4697.52978515625
08 Nov 2021,4701.7001953125
09 Nov 2021,4685.25
10 Nov 2021,4646.7099609375
11 Nov 2021,4649.27001953125
12 Nov 2021,4682.85009765625
15 Nov 2021,4682.7998046875
16 Nov 2021,4700.89990234375
17 Nov 2021,4688.669921875
18 Nov 2021,4704.5400390625
19 Nov 2021,4697.9599609375
22 Nov 2021,4682.93994140625
23 Nov 2021,4690.7001953125
24 Nov 2021,4701.4599609375
26 Nov 2021,4594.6201171875
29 Nov 2021,4655.27001953125
30 Nov 2021,4567.0
01 Dec 2021,4513.0400390625
02 Dec 2021,4577.10009765625
03 Dec 2021,4538.43017578125
06 Dec 2021,4591.669921875
07 Dec 2021,4686.75
08 Dec 2021,4701.2099609375
09 Dec 2021,4667.4501953125
10 Dec 2021,4712.02001953125
13 Dec 2021,4668.97021484375
14 Dec 2021,4634.08984375
15 Dec 2021,4709.85009765625
16 Dec 2021,4668.669921875
17 Dec 2021,4620.64013671875
20 Dec 2021,4568.02001953125
21 Dec 2021,4649.22998046875
22 Dec 2021,4696.56005859375
23 Dec 2021,4725.7900390625
27 Dec 2021,4791.18994140625
28 Dec 2021,4786.35009765625
29 Dec 2021,4793.06005859375
30 Dec 2021,4778.72998046875
31 Dec 2021,4766.18017578125
03 Jan 2022,4796.56005859375
04 Jan 2022,4793.5400390625
05 Jan 2022,4700.580078125
06 Jan 2022,4696.0498046875
07 Jan 2022,4677.02978515625
10 Jan 2022,4670.2900390625
11 Jan 2022,4713.06982421875
12 Jan 2022,4726.35009765625
13 Jan 2022,4659.02978515625
14 Jan 2022,4662.85009765625
18 Jan 2022,4577.10986328125
19 Jan 2022,4532.759765625
20 Jan 2022,4482.72998046875
21 Jan 2022,4397.93994140625
24 Jan 2022,4410.1298828125
25 Jan 2022,4356.4501953125
26 Jan 2022,4349.93017578125
27 Jan 2022,4326.509765625
28 Jan 2022,4431.85009765625
31 Jan 2022,4515.5498046875
01 Feb 2022,4546.5400390625
02 Feb 2022,4589.3798828125
03 Feb 2022,4477.43994140625
04 Feb 2022,4500.52978515625
07 Feb 2022,4483.8701171875
08 Feb 2022,4521.5400390625
09 Feb 2022,4587.18017578125
10 Feb 2022,4504.080078125
11 Feb 2022,4418.64013671875
14 Feb 2022,4401.669921875
15 Feb 2022,4471.06982421875
16 Feb 2022,4475.009765625
17 Feb 2022,4380.259765625
18 Feb 2022,4348.8701171875
22 Feb 2022,4304.759765625
23 Feb 2022,4225.5
24 Feb 2022,4288.7001953125
25 Feb 2022,4384.64990234375
28 Feb 2022,4373.93994140625
01 Mar 2022,4306.259765625
02 Mar 2022,4386.5400390625
03 Mar 2022,4363.490234375
04 Mar 2022,4328.8701171875
07 Mar 2022,4201.08984375
08 Mar 2022,4170.7001953125
09 Mar 2022,4277.8798828125
10 Mar 2022,4259.52001953125
11 Mar 2022,4204.31005859375
14 Mar 2022,4173.10986328125
15 Mar 2022,4262.4501953125
16 Mar 2022,4357.85986328125
17 Mar 2022,4411.669921875
18 Mar 2022,4463.1201171875
21 Mar 2022,4461.18017578125
22 Mar 2022,4511.60986328125
23 Mar 2022,4456.240234375
24 Mar 2022,4520.16015625
25 Mar 2022,4543.06005859375
28 Mar 2022,4575.52001953125
29 Mar 2022,4631.60009765625
30 Mar 2022,4602.4501953125
31 Mar 2022,4530.41015625
01 Apr 2022,4545.85986328125
04 Apr 2022,4582.64013671875
05 Apr 2022,4525.1201171875
06 Apr 2022,4481.14990234375
07 Apr 2022,4500.2099609375
08 Apr 2022,4488.27978515625
11 Apr 2022,4412.52978515625
12 Apr 2022,4397.4501953125
13 Apr 2022,4446.58984375
14 Apr 2022,4392.58984375
18 Apr 2022,4391.68994140625
19 Apr 2022,4462.2099609375
20 Apr 2022,4459.4501953125
21 Apr 2022,4393.66015625
22 Apr 2022,4271.77978515625
25 Apr 2022,4296.1201171875
26 Apr 2022,4175.2001953125
27 Apr 2022,4183.9599609375
28 Apr 2022,4287.5
29 Apr 2022,4131.93017578125
02 May 2022,4155.3798828125
03 May 2022,4175.47998046875
04 May 2022,4300.169921875
05 May 2022,4146.8701171875
06 May 2022,4123.33984375
09 May 2022,3991.239990234375
10 May 2022,4001.050048828125
11 May 2022,3935.179931640625
12 May 2022,3930.080078125
13 May 2022,4023.889892578125
16 May 2022,4008.010009765625
17 May 2022,4088.85009765625
18 May 2022,3923.679931640625
19 May 2022,3900.7900390625
20 May 2022,3901.360107421875
23 May 2022,3973.75
24 May 2022,3941.47998046875
25 May 2022,3978.72998046875
26 May 2022,4057.840087890625
27 May 2022,4158.240234375
31 May 2022,4132.14990234375
01 Jun 2022,4101.22998046875
02 Jun 2022,4176.81982421875
03 Jun 2022,4108.5400390625
06 Jun 2022,4121.43017578125
07 Jun 2022,4160.68017578125
08 Jun 2022,4115.77001953125
09 Jun 2022,4017.820068359375
10 Jun 2022,3900.860107421875
13 Jun 2022,3749.6298828125
14 Jun 2022,3735.47998046875
15 Jun 2022,3789.989990234375
16 Jun 2022,3666.77001953125
17 Jun 2022,3674.840087890625
21 Jun 2022,3764.7900390625
22 Jun 2022,3759.889892578125
23 Jun 2022,3795.72998046875
24 Jun 2022,3911.739990234375
27 Jun 2022,3900.110107421875
28 Jun 2022,3821.550048828125
29 Jun 2022,3818.830078125
30 Jun 2022,3785.3798828125
01 Jul 2022,3825.330078125
05 Jul 2022,3831.389892578125
06 Jul 2022,3845.080078125
07 Jul 2022,3902.6201171875
08 Jul 2022,3899.3798828125
11 Jul 2022,3854.429931640625
12 Jul 2022,3818.800048828125
13 Jul 2022,3801.780029296875
14 Jul 2022,3790.3798828125
15 Jul 2022,3863.159912109375
18 Jul 2022,3830.85009765625
19 Jul 2022,3936.68994140625
20 Jul 2022,3959.89990234375
21 Jul 2022,3998.949951171875
22 Jul 2022,3961.6298828125
25 Jul 2022,3966.840087890625
26 Jul 2022,3921.050048828125
27 Jul 2022,4023.610107421875
28 Jul 2022,4072.429931640625
29 Jul 2022,4130.2900390625
01 Aug 2022,4118.6298828125
02 Aug 2022,4091.18994140625
03 Aug 2022,4155.169921875
04 Aug 2022,4151.93994140625
05 Aug 2022,4145.18994140625
08 Aug 2022,4140.06005859375
09 Aug 2022,4122.47021484375
10 Aug 2022,4210.240234375
11 Aug 2022,4207.27001953125
12 Aug 2022,4280.14990234375
15 Aug 2022,4297.14013671875
16 Aug 2022,4305.2001953125
17 Aug 2022,4274.0400390625
18 Aug 2022,4283.740234375
19 Aug 2022,4228.47998046875
22 Aug 2022,4137.990234375
23 Aug 2022,4128.72998046875
24 Aug 2022,4140.77001953125
25 Aug 2022,4199.1201171875
26 Aug 2022,4057.659912109375
29 Aug 2022,4030.610107421875
30 Aug 2022,3986.159912109375
31 Aug 2022,3955.0
01 Sep 2022,3966.85009765625
02 Sep 2022,3924.260009765625
06 Sep 2022,3908.18994140625
07 Sep 2022,3979.8701171875
08 Sep 2022,4006.179931640625
09 Sep 2022,4067.360107421875
12 Sep 2022,4110.41015625
13 Sep 2022,3932.68994140625
14 Sep 2022,3946.010009765625
15 Sep 2022,3901.35009765625
16 Sep 2022,3873.330078125
19 Sep 2022,3899.889892578125
20 Sep 2022,3855.929931640625
21 Sep 2022,3789.929931640625
22 Sep 2022,3757.989990234375
23 Sep 2022,3693.22998046875
26 Sep 2022,3655.0400390625
27 Sep 2022,3647.2900390625
28 Sep 2022,3719.0400390625
29 Sep 2022,3640.469970703125
30 Sep 2022,3585.6201171875
03 Oct 2022,3678.429931640625
04 Oct 2022,3790.929931640625
05 Oct 2022,3783.280029296875
06 Oct 2022,3744.52001953125
07 Oct 2022,3639.659912109375
10 Oct 2022,3612.389892578125
11 Oct 2022,3588.840087890625
12 Oct 2022,3577.030029296875
13 Oct 2022,3669.909912109375
14 Oct 2022,3583.070068359375
17 Oct 2022,3677.949951171875
18 Oct 2022,3719.97998046875
19 Oct 2022,3695.159912109375
20 Oct 2022,3665.780029296875
21 Oct 2022,3752.75
24 Oct 2022,3797.340087890625
25 Oct 2022,3859.110107421875
26 Oct 2022,3830.60009765625
27 Oct 2022,3807.300048828125
28 Oct 2022,3901.06005859375
31 Oct 2022,3871.97998046875
01 Nov 2022,3856.10009765625
02 Nov 2022,3759.68994140625
03 Nov 2022,3719.889892578125
04 Nov 2022,3770.550048828125
07 Nov 2022,3806.800048828125
08 Nov 2022,3828.110107421875
09 Nov 2022,3748.570068359375
10 Nov 2022,3956.3701171875
11 Nov 2022,3992.929931640625
14 Nov 2022,3957.25
15 Nov 2022,3991.72998046875
16 Nov 2022,3958.7900390625
17 Nov 2022,3946.56005859375
18 Nov 2022,3965.340087890625
21 Nov 2022,3949.93994140625
22 Nov 2022,4003.580078125
23 Nov 2022,4027.260009765625
25 Nov 2022,4026.1201171875
28 Nov 2022,3963.93994140625
29 Nov 2022,3957.6298828125
30 Nov 2022,4080.110107421875
01 Dec 2022,4076.570068359375
02 Dec 2022,4071.699951171875
05 Dec 2022,3998.840087890625
06 Dec 2022,3941.260009765625
07 Dec 2022,3933.919921875
08 Dec 2022,3963.510009765625
09 Dec 2022,3934.3798828125
12 Dec 2022,3990.56005859375
13 Dec 2022,4019.64990234375
14 Dec 2022,3995.320068359375
15 Dec 2022,3895.75
16 Dec 2022,3852.360107421875
19 Dec 2022,3817.659912109375
20 Dec 2022,3821.6201171875
21 Dec 2022,3878.43994140625
22 Dec 2022,3822.389892578125
23 Dec 2022,3844.820068359375
27 Dec 2022,3829.25
28 Dec 2022,3783.219970703125
29 Dec 2022,3849.280029296875
30 Dec 2022,3839.5
03 Jan 2023,3824.139892578125
04 Jan 2023,3852.969970703125
05 Jan 2023,3808.10009765625
06 Jan 2023,3895.080078125
09 Jan 2023,3892.090087890625
10 Jan 2023,3919.25
11 Jan 2023,3969.610107421875
12 Jan 2023,3983.169921875
13 Jan 2023,3999.090087890625
17 Jan 2023,3990.969970703125
18 Jan 2023,3928.860107421875
19 Jan 2023,3898.85009765625
20 Jan 2023,3972.610107421875
23 Jan 2023,4019.81005859375
24 Jan 2023,4016.949951171875
25 Jan 2023,4016.219970703125
26 Jan 2023,4060.429931640625
27 Jan 2023,4070.56005859375
30 Jan 2023,4017.77001953125
31 Jan 2023,4076.60009765625
01 Feb 2023,4119.2099609375
02 Feb 2023,4179.759765625
03 Feb 2023,4136.47998046875
06 Feb 2023,4111.080078125
07 Feb 2023,4164.0
08 Feb 2023,4117.85986328125
09 Feb 2023,4081.5
10 Feb 2023,4090.4599609375
13 Feb 2023,4137.2900390625
14 Feb 2023,4136.1298828125
15 Feb 2023,4147.60009765625
16 Feb 2023,4090.409912109375
17 Feb 2023,4079.090087890625
21 Feb 2023,3997.340087890625
22 Feb 2023,3991.050048828125
23 Feb 2023,4012.320068359375
24 Feb 2023,3970.0400390625
27 Feb 2023,3982.239990234375
28 Feb 2023,3970.14990234375
01 Mar 2023,3951.389892578125
02 Mar 2023,3981.35009765625
03 Mar 2023,4045.639892578125
06 Mar 2023,4048.419921875
07 Mar 2023,3986.3701171875
08 Mar 2023,3992.010009765625
09 Mar 2023,3918.320068359375
10 Mar 2023,3861.590087890625
13 Mar 2023,3855.760009765625
14 Mar 2023,3919.2900390625
15 Mar 2023,3891.929931640625
16 Mar 2023,3960.280029296875
17 Mar 2023,3916.639892578125
20 Mar 2023,3951.570068359375
21 Mar 2023,4002.8701171875
22 Mar 2023,3936.969970703125
23 Mar 2023,3948.719970703125
24 Mar 2023,3970.989990234375
27 Mar 2023,3977.530029296875
28 Mar 2023,3971.27001953125
29 Mar 2023,4027.81005859375
30 Mar 2023,4050.830078125
31 Mar 2023,4109.31005859375
03 Apr 2023,4124.509765625
04 Apr 2023,4100.60009765625
05 Apr 2023,4090.3798828125
06 Apr 2023,4105.02001953125
10 Apr 2023,4109.10986328125
11 Apr 2023,4108.93994140625
12 Apr 2023,4091.949951171875
13 Apr 2023,4146.22021484375
14 Apr 2023,4137.64013671875
17 Apr 2023,4151.31982421875
18 Apr 2023,4154.8701171875
19 Apr 2023,4154.52001953125
20 Apr 2023,4129.7900390625
21 Apr 2023,4133.52001953125
24 Apr 2023,4137.0400390625
25 Apr 2023,4071.6298828125
26 Apr 2023,4055.989990234375
27 Apr 2023,4135.35009765625
28 Apr 2023,4169.47998046875
01 May 2023,4167.8701171875
02 May 2023,4119.580078125
03 May 2023,4090.75
04 May 2023,4061.219970703125
05 May 2023,4136.25
08 May 2023,4138.1201171875
09 May 2023,4119.169921875
10 May 2023,4137.64013671875
11 May 2023,4130.6201171875
12 May 2023,4124.080078125
15 May 2023,4136.27978515625
16 May 2023,4109.89990234375
17 May 2023,4158.77001953125
18 May 2023,4198.0498046875
19 May 2023,4191.97998046875
22 May 2023,4192.6298828125
23 May 2023,4145.580078125
24 May 2023,4115.240234375
25 May 2023,4151.27978515625
26 May 2023,4205.4501953125
30 May 2023,4205.52001953125
31 May 2023,4179.830078125
01 Jun 2023,4221.02001953125
02 Jun 2023,4282.3701171875
05 Jun 2023,4273.7900390625
06 Jun 2023,4283.85009765625
07 Jun 2023,4267.52001953125
08 Jun 2023,4293.93017578125
09 Jun 2023,4298.85986328125
12 Jun 2023,4338.93017578125
13 Jun 2023,4369.009765625
14 Jun 2023,4372.58984375
15 Jun 2023,4425.83984375
16 Jun 2023,4409.58984375
20 Jun 2023,4388.7099609375
21 Jun 2023,4365.68994140625
22 Jun 2023,4381.89013671875
23 Jun 2023,4348.330078125
26 Jun 2023,4328.81982421875
27 Jun 2023,4378.41015625
28 Jun 2023,4376.85986328125
29 Jun 2023,4396.43994140625
30 Jun 2023,4450.3798828125
03 Jul 2023,4455.58984375
05 Jul 2023,4446.81982421875
06 Jul 2023,4411.58984375
07 Jul 2023,4398.9501953125
10 Jul 2023,4409.52978515625
11 Jul 2023,4439.259765625
12 Jul 2023,4472.16015625
13 Jul 2023,4510.0400390625
14 Jul 2023,4505.419921875
17 Jul 2023,4522.7900390625
18 Jul 2023,4554.97998046875
19 Jul 2023,4565.72021484375
20 Jul 2023,4534.8701171875
21 Jul 2023,4536.33984375
24 Jul 2023,4554.64013671875
25 Jul 2023,4567.4599609375
26 Jul 2023,4566.75
27 Jul 2023,4537.41015625
28 Jul 2023,4582.22998046875
31 Jul 2023,4588.9599609375
01 Aug 2023,4576.72998046875
02 Aug 2023,4513.39013671875
03 Aug 2023,4501.89013671875
04 Aug 2023,4478.02978515625
07 Aug 2023,4518.43994140625
08 Aug 2023,4499.3798828125
09 Aug 2023,4467.7099609375
10 Aug 2023,4468.830078125
11 Aug 2023,4464.0498046875
14 Aug 2023,4489.72021484375
15 Aug 2023,4437.85986328125
16 Aug 2023,4404.330078125
17 Aug 2023,4370.35986328125
18 Aug 2023,4369.7099609375
21 Aug 2023,4399.77001953125
22 Aug 2023,4387.5498046875
23 Aug 2023,4436.009765625
24 Aug 2023,4376.31005859375
25 Aug 2023,4405.7099609375
28 Aug 2023,4433.31005859375
29 Aug 2023,4497.6298828125
30 Aug 2023,4514.8701171875
31 Aug 2023,4507.66015625
01 Sep 2023,4515.77001953125
05 Sep 2023,4496.830078125
06 Sep 2023,4465.47998046875
07 Sep 2023,4451.14013671875
08 Sep 2023,4457.490234375
11 Sep 2023,4487.4599609375
12 Sep 2023,4461.89990234375
13 Sep 2023,4467.43994140625
14 Sep 2023,4505.10009765625
15 Sep 2023,4450.31982421875
18 Sep 2023,4453.52978515625
19 Sep 2023,4443.9501953125
20 Sep 2023,4402.2001953125
21 Sep 2023,4330.0
22 Sep 2023,4320.06005859375
25 Sep 2023,4337.43994140625
26 Sep 2023,4273.52978515625
27 Sep 2023,4274.509765625
28 Sep 2023,4299.7001953125
29 Sep 2023,4288.0498046875
02 Oct 2023,4288.39013671875
03 Oct 2023,4229.4501953125
04 Oct 2023,4263.75
05 Oct 2023,4258.18994140625
06 Oct 2023,4308.5
09 Oct 2023,4335.66015625
10 Oct 2023,4358.240234375
11 Oct 2023,4376.9501953125
12 Oct 2023,4349.60986328125
13 Oct 2023,4327.77978515625
16 Oct 2023,4373.6298828125
17 Oct 2023,4373.2001953125
18 Oct 2023,4314.60009765625
19 Oct 2023,4278.0
20 Oct 2023,4224.16015625
23 Oct 2023,4217.0400390625
24 Oct 2023,4247.68017578125
25 Oct 2023,4186.77001953125
26 Oct 2023,4137.22998046875
27 Oct 2023,4117.3701171875
30 Oct 2023,4166.81982421875
31 Oct 2023,4193.7998046875
01 Nov 2023,4237.85986328125
02 Nov 2023,4317.77978515625
03 Nov 2023,4358.33984375
06 Nov 2023,4365.97998046875
07 Nov 2023,4378.3798828125
08 Nov 2023,4382.77978515625
09 Nov 2023,4347.35009765625
10 Nov 2023,4415.240234375
13 Nov 2023,4411.5498046875
14 Nov 2023,4495.7001953125
15 Nov 2023,4502.8798828125
16 Nov 2023,4508.240234375
17 Nov 2023,4514.02001953125
20 Nov 2023,4547.3798828125
21 Nov 2023,4538.18994140625
22 Nov 2023,4556.6201171875
24 Nov 2023,4559.33984375
27 Nov 2023,4550.43017578125
28 Nov 2023,4554.89013671875
29 Nov 2023,4550.580078125
30 Nov 2023,4567.7998046875
01 Dec 2023,4594.6298828125
04 Dec 2023,4569.77978515625
05 Dec 2023,4567.18017578125
06 Dec 2023,4549.33984375
07 Dec 2023,4585.58984375
08 Dec 2023,4604.3701171875
11 Dec 2023,4622.43994140625
12 Dec 2023,4643.7001953125
13 Dec 2023,4707.08984375
14 Dec 2023,4719.5498046875
15 Dec 2023,4719.18994140625
18 Dec 2023,4740.56005859375
19 Dec 2023,4768.3701171875
20 Dec 2023,4698.35009765625
21 Dec 2023,4746.75
22 Dec 2023,4754.6298828125
26 Dec 2023,4774.75
27 Dec 2023,4781.580078125
28 Dec 2023,4783.35009765625
29 Dec 2023,4769.830078125
02 Jan 2024,4742.830078125
03 Jan 2024,4704.81005859375
04 Jan 2024,4688.68017578125
05 Jan 2024,4697.240234375
08 Jan 2024,4763.5400390625
09 Jan 2024,4756.5
10 Jan 2024,4783.4501953125
11 Jan 2024,4780.240234375
12 Jan 2024,4783.830078125
16 Jan 2024,4765.97998046875
17 Jan 2024,4739.2099609375
18 Jan 2024,4780.93994140625
19 Jan 2024,4839.81005859375
22 Jan 2024,4850.43017578125
23 Jan 2024,4864.60009765625
24 Jan 2024,4868.5498046875
25 Jan 2024,4894.16015625
26 Jan 2024,4890.97021484375
29 Jan 2024,4927.93017578125
30 Jan 2024,4924.97021484375
31 Jan 2024,4845.64990234375
01 Feb 2024,4906.18994140625
02 Feb 2024,4958.60986328125
05 Feb 2024,4942.81005859375
06 Feb 2024,4954.22998046875
07 Feb 2024,4995.06005859375
08 Feb 2024,4997.91015625
09 Feb 2024,5026.60986328125
12 Feb 2024,5021.83984375
13 Feb 2024,4953.169921875
14 Feb 2024,5000.6201171875
15 Feb 2024,5029.72998046875
16 Feb 2024,5005.56982421875
20 Feb 2024,4975.509765625
21 Feb 2024,4981.7998046875
22 Feb 2024,5087.02978515625
23 Feb 2024,5088.7998046875
26 Feb 2024,5069.52978515625
27 Feb 2024,5078.18017578125
28 Feb 2024,5069.759765625
29 Feb 2024,5096.27001953125
01 Mar 2024,5137.080078125
04 Mar 2024,5130.9501953125
05 Mar 2024,5078.64990234375
06 Mar 2024,5104.759765625
07 Mar 2024,5157.35986328125
08 Mar 2024,5123.68994140625
11 Mar 2024,5117.93994140625
12 Mar 2024,5175.27001953125
13 Mar 2024,5165.31005859375
14 Mar 2024,5150.47998046875
15 Mar 2024,5117.08984375
18 Mar 2024,5149.419921875
19 Mar 2024,5178.509765625
20 Mar 2024,5224.6201171875
21 Mar 2024,5241.52978515625
22 Mar 2024,5234.18017578125
25 Mar 2024,5218.18994140625
26 Mar 2024,5203.580078125
27 Mar 2024,5248.490234375
28 Mar 2024,5254.35009765625
01 Apr 2024,5243.77001953125
02 Apr 2024,5205.81005859375
03 Apr 2024,5211.490234375
04 Apr 2024,5147.2099609375
05 Apr 2024,5204.33984375
08 Apr 2024,5202.39013671875
09 Apr 2024,5209.91015625
10 Apr 2024,5160.64013671875
11 Apr 2024,5199.06005859375
12 Apr 2024,5123.41015625
15 Apr 2024,5061.81982421875
16 Apr 2024,5051.41015625
17 Apr 2024,5022.2099609375
18 Apr 2024,5011.1201171875
19 Apr 2024,4967.22998046875
22 Apr 2024,5010.60009765625
23 Apr 2024,5070.5498046875
24 Apr 2024,5071.6298828125
25 Apr 2024,5048.419921875
26 Apr 2024,5099.9599609375
29 Apr 2024,5116.169921875
30 Apr 2024,5035.68994140625
01 May 2024,5018.39013671875
02 May 2024,5064.2001953125
03 May 2024,5127.7900390625
06 May 2024,5180.740234375
07 May 2024,5187.7001953125
08 May 2024,5187.669921875
09 May 2024,5214.080078125
10 May 2024,5222.68017578125
13 May 2024,5221.419921875
14 May 2024,5246.68017578125
15 May 2024,5308.14990234375
16 May 2024,5297.10009765625
17 May 2024,5303.27001953125
20 May 2024,5308.1298828125
21 May 2024,5321.41015625
22 May 2024,5307.009765625
23 May 2024,5267.83984375
24 May 2024,5304.72021484375
28 May 2024,5306.0400390625
29 May 2024,5266.9501953125
30 May 2024,5235.47998046875
31 May 2024,5277.509765625
03 Jun 2024,5283.39990234375
04 Jun 2024,5291.33984375
05 Jun 2024,5354.02978515625
06 Jun 2024,5352.9599609375
07 Jun 2024,5346.990234375
10 Jun 2024,5360.7900390625
11 Jun 2024,5375.31982421875
12 Jun 2024,5421.02978515625
13 Jun 2024,5433.740234375
14 Jun 2024,5431.60009765625
17 Jun 2024,5473.22998046875
18 Jun 2024,5487.02978515625
20 Jun 2024,5473.169921875
21 Jun 2024,5464.6201171875
24 Jun 2024,5447.8701171875
25 Jun 2024,5469.2998046875
26 Jun 2024,5477.89990234375
27 Jun 2024,5482.8701171875
28 Jun 2024,5460.47998046875
01 Jul 2024,5475.08984375
02 Jul 2024,5509.009765625
03 Jul 2024,5537.02001953125
05 Jul 2024,5567.18994140625
08 Jul 2024,5572.85009765625
09 Jul 2024,5576.97998046875
10 Jul 2024,5633.91015625
11 Jul 2024,5584.5400390625
12 Jul 2024,5615.35009765625
15 Jul 2024,5631.22021484375
16 Jul 2024,5667.2001953125
17 Jul 2024,5588.27001953125
18 Jul 2024,5544.58984375
19 Jul 2024,5505.0
22 Jul 2024,5564.41015625
23 Jul 2024,5555.740234375
24 Jul 2024,5427.1298828125
25 Jul 2024,5399.22021484375
26 Jul 2024,5459.10009765625
29 Jul 2024,5463.5400390625
30 Jul 2024,5436.43994140625
31 Jul 2024,5522.2998046875
01 Aug 2024,5446.68017578125
02 Aug 2024,5346.56005859375
05 Aug 2024,5186.330078125
06 Aug 2024,5240.02978515625
07 Aug 2024,5199.5
08 Aug 2024,5319.31005859375
09 Aug 2024,5344.16015625
12 Aug 2024,5344.39013671875
13 Aug 2024,5434.43017578125
14 Aug 2024,5455.2099609375
15 Aug 2024,5543.22021484375
16 Aug 2024,5554.25
19 Aug 2024,5608.25
20 Aug 2024,5597.1201171875
21 Aug 2024,5620.85009765625
22 Aug 2024,5570.64013671875
23 Aug 2024,5634.60986328125
26 Aug 2024,5616.83984375
27 Aug 2024,5625.7998046875
28 Aug 2024,5592.18017578125
29 Aug 2024,5591.9599609375
30 Aug 2024,5648.39990234375
03 Sep 2024,5528.93017578125
04 Sep 2024,5520.06982421875
05 Sep 2024,5503.41015625
06 Sep 2024,5408.419921875
09 Sep 2024,5471.0498046875
10 Sep 2024,5495.52001953125
11 Sep 2024,5554.1298828125
12 Sep 2024,5595.759765625
13 Sep 2024,5626.02001953125
16 Sep 2024,5633.08984375
17 Sep 2024,5634.580078125
18 Sep 2024,5618.259765625
19 Sep 2024,5713.64013671875
20 Sep 2024,5702.5498046875
23 Sep 2024,5718.56982421875
24 Sep 2024,5732.93017578125
25 Sep 2024,5722.259765625
26 Sep 2024,5745.3701171875
27 Sep 2024,5738.169921875
30 Sep 2024,5762.47998046875
01 Oct 2024,5708.75
02 Oct 2024,5709.5400390625
03 Oct 2024,5699.93994140625
04 Oct 2024,5751.06982421875
07 Oct 2024,5695.93994140625
08 Oct 2024,5751.1298828125
09 Oct 2024,5792.0400390625
10 Oct 2024,5780.0498046875
11 Oct 2024,5815.02978515625
14 Oct 2024,5859.85009765625
15 Oct 2024,5815.259765625
16 Oct 2024,5842.47021484375
17 Oct 2024,5841.47021484375
18 Oct 2024,5864.669921875
21 Oct 2024,5853.97998046875
22 Oct 2024,5851.2001953125
23 Oct 2024,5797.419921875
24 Oct 2024,5809.85986328125
25 Oct 2024,5808.1201171875
28 Oct 2024,5823.52001953125
29 Oct 2024,5832.919921875
30 Oct 2024,5813.669921875
31 Oct 2024,5705.4501953125
01 Nov 2024,5728.7998046875
04 Nov 2024,5712.68994140625
05 Nov 2024,5782.759765625
06 Nov 2024,5929.0400390625
07 Nov 2024,5973.10009765625
08 Nov 2024,5995.5400390625
11 Nov 2024,6001.35009765625
12 Nov 2024,5983.990234375
13 Nov 2024,5985.3798828125
14 Nov 2024,5949.169921875
15 Nov 2024,5870.6201171875
18 Nov 2024,5893.6201171875
19 Nov 2024,5916.97998046875
20 Nov 2024,5917.10986328125
21 Nov 2024,5948.7099609375
22 Nov 2024,5969.33984375
25 Nov 2024,5987.3701171875
26 Nov 2024,6021.6298828125
27 Nov 2024,5998.740234375
29 Nov 2024,6032.3798828125
02 Dec 2024,6047.14990234375
03 Dec 2024,6049.8798828125
04 Dec 2024,6086.490234375
05 Dec 2024,6075.10986328125
06 Dec 2024,6090.27001953125
09 Dec 2024,6052.85009765625
10 Dec 2024,6034.91015625
11 Dec 2024,6084.18994140625
12 Dec 2024,6051.25
13 Dec 2024,6051.08984375
16 Dec 2024,6074.080078125
17 Dec 2024,6050.60986328125
18 Dec 2024,5872.16015625
19 Dec 2024,5867.080078125
20 Dec 2024,5930.85009765625
23 Dec 2024,5974.06982421875
24 Dec 2024,6040.0400390625
26 Dec 2024,6037.58984375
27 Dec 2024,5970.83984375
30 Dec 2024,5906.93994140625
31 Dec 2024,5881.6298828125
02 Jan 2025,5868.5498046875
03 Jan 2025,5942.47021484375
06 Jan 2025,5975.3798828125
07 Jan 2025,5909.02978515625
08 Jan 2025,5918.25
10 Jan 2025,5827.0400390625
13 Jan 2025,5836.22021484375
14 Jan 2025,5842.91015625
15 Jan 2025,5949.91015625
16 Jan 2025,5937.33984375
17 Jan 2025,5996.66015625
21 Jan 2025,6049.240234375
22 Jan 2025,6086.3701171875
23 Jan 2025,6118.7099609375
24 Jan 2025,6101.240234375
27 Jan 2025,6012.27978515625
28 Jan 2025,6067.7001953125
29 Jan 2025,6039.31005859375
30 Jan 2025,6071.169921875
31 Jan 2025,6040.52978515625
03 Feb 2025,5994.56982421875
04 Feb 2025,6037.8798828125
05 Feb 2025,6061.47998046875
06 Feb 2025,6083.56982421875
07 Feb 2025,6025.990234375
10 Feb 2025,6066.43994140625
11 Feb 2025,6068.5
12 Feb 2025,6051.97021484375
13 Feb 2025,6115.06982421875
14 Feb 2025,6114.6298828125
18 Feb 2025,6129.580078125
19 Feb 2025,6144.14990234375
20 Feb 2025,6117.52001953125
21 Feb 2025,6013.1298828125
24 Feb 2025,5983.25
25 Feb 2025,5955.25
26 Feb 2025,5956.06005859375
27 Feb 2025,5861.56982421875
28 Feb 2025,5954.5
03 Mar 2025,5849.72021484375
04 Mar 2025,5778.14990234375
05 Mar 2025,5842.6298828125
06 Mar 2025,5738.52001953125
07 Mar 2025,5770.2001953125
10 Mar 2025,5614.56005859375
11 Mar 2025,5572.06982421875
12 Mar 2025,5599.2998046875
13 Mar 2025,5521.52001953125
14 Mar 2025,5638.93994140625
17 Mar 2025,5675.1201171875
18 Mar 2025,5614.66015625
19 Mar 2025,5675.2900390625
20 Mar 2025,5662.89013671875
21 Mar 2025,5667.56005859375
24 Mar 2025,5767.56982421875
25 Mar 2025,5776.64990234375
26 Mar 2025,5712.2001953125
27 Mar 2025,5693.31005859375
28 Mar 2025,5580.93994140625
31 Mar 2025,5611.85009765625
01 Apr 2025,5633.06982421875
02 Apr 2025,5670.97021484375
03 Apr 2025,5396.52001953125
04 Apr 2025,5074.080078125
07 Apr 2025,5062.25
08 Apr 2025,4982.77001953125
09 Apr 2025,5456.89990234375
10 Apr 2025,5268.0498046875
11 Apr 2025,5363.35986328125
14 Apr 2025,5405.97021484375
15 Apr 2025,5396.6298828125
16 Apr 2025,5275.7001953125
17 Apr 2025,5282.7001953125
21 Apr 2025,5158.2001953125
22 Apr 2025,5287.759765625
23 Apr 2025,5375.85986328125
24 Apr 2025,5484.77001953125
25 Apr 2025,5525.2099609375
28 Apr 2025,5528.75
29 Apr 2025,5560.830078125
30 Apr 2025,5569.06005859375
01 May 2025,5604.14013671875
02 May 2025,5686.669921875
05 May 2025,5650.3798828125
06 May 2025,5606.91015625
07 May 2025,5631.27978515625
08 May 2025,5663.93994140625
09 May 2025,5659.91015625
12 May 2025,5844.18994140625
13 May 2025,5886.5498046875
14 May 2025,5892.580078125
15 May 2025,5916.93017578125
16 May 2025,5958.3798828125
19 May 2025,5963.60009765625
20 May 2025,5940.4599609375
21 May 2025,5844.60986328125
22 May 2025,5842.009765625
23 May 2025,5802.81982421875
27 May 2025,5921.5400390625
28 May 2025,5888.5498046875
29 May 2025,5912.169921875
30 May 2025,5911.68994140625
02 Jun 2025,5935.93994140625
03 Jun 2025,5970.3701171875
04 Jun 2025,5970.81005859375
05 Jun 2025,5939.2998046875
06 Jun 2025,6000.35986328125
09 Jun 2025,6005.8798828125
10 Jun 2025,6038.81005859375
11 Jun 2025,6022.240234375
12 Jun 2025,6045.259765625
13 Jun 2025,5976.97021484375
16 Jun 2025,6033.10986328125
17 Jun 2025,5982.72021484375
18 Jun 2025,5980.8701171875
20 Jun 2025,5967.83984375
23 Jun 2025,6025.169921875
24 Jun 2025,6092.18017578125
25 Jun 2025,6092.16015625
26 Jun 2025,6141.02001953125
27 Jun 2025,6173.06982421875
30 Jun 2025,6204.9501953125
01 Jul 2025,6198.009765625
02 Jul 2025,6227.419921875
03 Jul 2025,6279.35009765625
07 Jul 2025,6229.97998046875
08 Jul 2025,6225.52001953125
09 Jul 2025,6263.259765625
10 Jul 2025,6280.4599609375
11 Jul 2025,6259.75
14 Jul 2025,6268.56005859375
15 Jul 2025,6243.759765625
16 Jul 2025,6263.7001953125
17 Jul 2025,6297.35986328125
18 Jul 2025,6296.7900390625
21 Jul 2025,6305.60009765625
22 Jul 2025,6309.6201171875
23 Jul 2025,6358.91015625
24 Jul 2025,6363.35009765625
25 Jul 2025,6388.64013671875
28 Jul 2025,6389.77001953125
29 Jul 2025,6370.85986328125
30 Jul 2025,6362.89990234375
31 Jul 2025,6339.39013671875
01 Aug 2025,6238.009765625
04 Aug 2025,6329.93994140625
05 Aug 2025,6299.18994140625
06 Aug 2025,6345.06005859375
07 Aug 2025,6340.0
08 Aug 2025,6389.4501953125
11 Aug 2025,6373.4501953125
12 Aug 2025,6445.759765625
13 Aug 2025,6466.580078125
14 Aug 2025,6468.5400390625
15 Aug 2025,6449.7998046875
18 Aug 2025,6449.14990234375
19 Aug 2025,6411.3701171875
20 Aug 2025,6395.77978515625
21 Aug 2025,6370.169921875
22 Aug 2025,6466.91015625
25 Aug 2025,6439.31982421875
26 Aug 2025,6465.93994140625
27 Aug 2025,6481.39990234375
28 Aug 2025,6501.85986328125
29 Aug 2025,6460.259765625
02 Sep 2025,6415.5400390625
03 Sep 2025,6448.259765625
04 Sep 2025,6502.080078125
05 Sep 2025,6481.5
08 Sep 2025,6495.14990234375
09 Sep 2025,6512.60986328125
10 Sep 2025,6532.0400390625
11 Sep 2025,6587.47021484375
12 Sep 2025,6584.2900390625
15 Sep 2025,6615.27978515625
16 Sep 2025,6606.759765625
17 Sep 2025,6600.35009765625
18 Sep 2025,6631.9599609375
19 Sep 2025,6664.35986328125
22 Sep 2025,6693.75
23 Sep 2025,6656.919921875
24 Sep 2025,6637.97021484375
25 Sep 2025,6604.72021484375
26 Sep 2025,6643.7001953125
29 Sep 2025,6661.2099609375
30 Sep 2025,6688.4599609375
01 Oct 2025,6711.2001953125
02 Oct 2025,6715.35009765625
03 Oct 2025,6715.7900390625
06 Oct 2025,6740.27978515625
07 Oct 2025,6714.58984375
08 Oct 2025,6753.72021484375
09 Oct 2025,6735.10986328125
10 Oct 2025,6552.509765625
13 Oct 2025,6654.72021484375
14 Oct 2025,6644.31005859375
15 Oct 2025,6671.06005859375
16 Oct 2025,6629.06982421875
17 Oct 2025,6664.009765625
20 Oct 2025,6735.1298828125
21 Oct 2025,6735.35009765625
22 Oct 2025,6699.39990234375
23 Oct 2025,6738.43994140625
24 Oct 2025,6791.68994140625
27 Oct 2025,6875.16015625
28 Oct 2025,6890.89013671875
29 Oct 2025,6890.58984375
30 Oct 2025,6822.33984375
31 Oct 2025,6840.2001953125
03 Nov 2025,6851.97021484375
04 Nov 2025,6771.5498046875
05 Nov 2025,6796.2900390625
06 Nov 2025,6720.31982421875
07 Nov 2025,6728.7998046875
10 Nov 2025,6832.43017578125
11 Nov 2025,6846.60986328125
12 Nov 2025,6850.919921875
13 Nov 2025,6737.490234375
14 Nov 2025,6734.10986328125
17 Nov 2025,6672.41015625
18 Nov 2025,6617.31982421875
19 Nov 2025,6642.16015625
20 Nov 2025,6538.759765625
21 Nov 2025,6602.990234375
24 Nov 2025,6705.1201171875
25 Nov 2025,6765.8798828125
26 Nov 2025,6812.60986328125
28 Nov 2025,6849.08984375
01 Dec 2025,6812.6298828125
02 Dec 2025,6829.3701171875
03 Dec 2025,6849.72021484375
04 Dec 2025,6857.1201171875
05 Dec 2025,6870.39990234375
08 Dec 2025,6846.509765625
09 Dec 2025,6840.509765625
10 Dec 2025,6886.68017578125
11 Dec 2025,6901.0
12 Dec 2025,6827.41015625
15 Dec 2025,6816.509765625
16 Dec 2025,6800.259765625
17 Dec 2025,6721.43017578125
18 Dec 2025,6774.759765625
19 Dec 2025,6834.5
22 Dec 2025,6878.490234375
23 Dec 2025,6909.7900390625
24 Dec 2025,6932.0498046875
26 Dec 2025,6929.93994140625
29 Dec 2025,6905.740234375
30 Dec 2025,6896.240234375
31 Dec 2025,6845.5
02 Jan 2026,6858.47021484375
05 Jan 2026,6902.0498046875
06 Jan 2026,6944.81982421875
07 Jan 2026,6920.93017578125
08 Jan 2026,6921.4599609375
09 Jan 2026,6966.27978515625
12 Jan 2026,6977.27001953125
13 Jan 2026,6963.740234375
14 Jan 2026,6926.60009765625
15 Jan 2026,6944.47021484375
16 Jan 2026,6940.009765625
20 Jan 2026,6796.85986328125
21 Jan 2026,6875.6201171875
22 Jan 2026,6913.35009765625
23 Jan 2026,6915.60986328125
26 Jan 2026,6950.22998046875
27 Jan 2026,6978.60009765625
28 Jan 2026,6978.02978515625
29 Jan 2026,6969.009765625
30 Jan 2026,6939.02978515625
02 Feb 2026,6976.43994140625
03 Feb 2026,6917.81005859375
04 Feb 2026,6882.72021484375
05 Feb 2026,6798.39990234375
06 Feb 2026,6932.2998046875
09 Feb 2026,6964.81982421875
10 Feb 2026,6941.81005859375
11 Feb 2026,6941.47021484375
12 Feb 2026,6832.759765625
13 Feb 2026,6836.169921875
17 Feb 2026,6843.22021484375
18 Feb 2026,6881.31005859375
19 Feb 2026,6861.89013671875
20 Feb 2026,6909.509765625
23 Feb 2026,6837.75
24 Feb 2026,6890.06982421875
25 Feb 2026,6946.1298828125
26 Feb 2026,6908.85986328125
27 Feb 2026,6878.8798828125
02 Mar 2026,6881.6201171875
03 Mar 2026,6816.6298828125
04 Mar 2026,6869.5
05 Mar 2026,6830.7099609375
06 Mar 2026,6740.02001953125
09 Mar 2026,6795.990234375
10 Mar 2026,6781.47998046875
11 Mar 2026,6775.7998046875
12 Mar 2026,6672.6201171875
13 Mar 2026,6632.18994140625
16 Mar 2026,6699.3798828125
17 Mar 2026,6716.08984375
18 Mar 2026,6624.7001953125
19 Mar 2026,6606.490234375
20 Mar 2026,6506.47998046875
23 Mar 2026,6581.0
24 Mar 2026,6556.3701171875
25 Mar 2026,6591.89990234375
26 Mar 2026,6477.16015625
27 Mar 2026,6368.85009765625
30 Mar 2026,6343.72021484375
31 Mar 2026,6528.52001953125
01 Apr 2026,6575.31982421875
02 Apr 2026,6582.68994140625
06 Apr 2026,6611.830078125
07 Apr 2026,6616.85009765625
08 Apr 2026,6782.81005859375
09 Apr 2026,6824.66015625
10 Apr 2026,6816.89013671875
13 Apr 2026,6886.240234375
14 Apr 2026,6967.3798828125
15 Apr 2026,7022.9501953125
16 Apr 2026,7041.27978515625
17 Apr 2026,7126.06005859375
20 Apr 2026,7109.14013671875
21 Apr 2026,7064.009765625
22 Apr 2026,7137.89990234375
23 Apr 2026,7108.39990234375
24 Apr 2026,7165.080078125
27 Apr 2026,7173.91015625
28 Apr 2026,7138.7998046875
29 Apr 2026,7135.9501953125
30 Apr 2026,7209.009765625
01 May 2026,7230.1201171875
04 May 2026,7200.75
05 May 2026,7259.22021484375
06 May 2026,7365.1201171875
07 May 2026,7337.10986328125
08 May 2026,7398.93017578125
11 May 2026,7412.83984375
12 May 2026,7400.9599609375
13 May 2026,7444.25
14 May 2026,7501.240234375
15 May 2026,7408.5
18 May 2026,7403.0498046875
19 May 2026,7353.60986328125
20 May 2026,7432.97021484375
21 May 2026,7445.72021484375
22 May 2026,7473.47021484375
26 May 2026,7519.1201171875
27 May 2026,7520.35986328125
28 May 2026,7563.6298828125
29 May 2026,7580.06005859375
01 Jun 2026,7599.9599609375
02 Jun 2026,7609.77978515625
03 Jun 2026,7553.68017578125
04 Jun 2026,7584.31005859375
05 Jun 2026,7383.740234375
08 Jun 2026,7405.72998046875
09 Jun 2026,7386.64990234375
10 Jun 2026,7266.990234375
11 Jun 2026,7394.2998046875
12 Jun 2026,7431.4599609375
15 Jun 2026,7554.2900390625
16 Jun 2026,7511.35009765625
17 Jun 2026,7420.10009765625
18 Jun 2026,7500.580078125
22 Jun 2026,7472.7900390625
23 Jun 2026,7365.4599609375
24 Jun 2026,7358.22021484375
25 Jun 2026,7357.490234375
26 Jun 2026,7354.02001953125
29 Jun 2026,7440.43017578125
30 Jun 2026,7499.35986328125
01 Jul 2026,7483.22998046875
02 Jul 2026,7483.240234375
06 Jul 2026,7537.43017578125
07 Jul 2026,7503.85009765625
08 Jul 2026,7482.7099609375
09 Jul 2026,7543.64013671875
10 Jul 2026,7575.39013671875
13 Jul 2026,7515.33984375
14 Jul 2026,7543.58984375
15 Jul 2026,7572.39990234375
16 Jul 2026,7533.77001953125
17 Jul 2026,7457.68994140625
20 Jul 2026,7443.27978515625
21 Jul 2026,7509.2001953125
22 Jul 2026,7498.9599609375
23 Jul 2026,7408.2998046875
24 Jul 2026,7411.97998046875
27 Jul 2026,7413.18017578125
28 Jul 2026,7428.77978515625
29 Jul 2026,7316.14990234375
30 Jul 2026,7437.6298828125
31 Jul 2026,7489.72021484375
03 Aug 2026,7600.5
04 Aug 2026,7736.52001953125
05 Aug 2026,7723.5498046875
06 Aug 2026,7709.9599609375
07 Aug 2026,7757.64013671875
10 Aug 2026,7753.10986328125
11 Aug 2026,7728.2001953125
12 Aug 2026,7748.5
13 Aug 2026,7798.990234375
14 Aug 2026,7785.759765625
17 Aug 2026,7745.06005859375
18 Aug 2026,7691.759765625
19 Aug 2026,7707.97998046875
20 Aug 2026,7641.16015625
21 Aug 2026,7674.3701171875
24 Aug 2026,7652.85986328125
25 Aug 2026,7677.27978515625
26 Aug 2026,7675.7001953125
27 Aug 2026,7730.990234375
28 Aug 2026,7711.759765625
31 Aug 2026,7686.14013671875
01 Sep 2026,7631.47021484375
02 Sep 2026,7666.60009765625
03 Sep 2026,7747.7099609375
04 Sep 2026,7718.60009765625
08 Sep 2026,7673.52001953125
09 Sep 2026,7636.35986328125
10 Sep 2026,7591.7001953125
11 Sep 2026,7656.97998046875
14 Sep 2026,7619.97998046875
15 Sep 2026,7585.72998046875
16 Sep 2026,7551.81005859375
17 Sep 2026,7637.759765625
18 Sep 2026,7650.5
21 Sep 2026,7764.7001953125
22 Sep 2026,7764.64013671875
23 Sep 2026,7706.02978515625
24 Sep 2026,7704.1298828125
25 Sep 2026,7743.41015625
